name,country,Development Stage,reserves,unit,project_type,construction_start,production_start,closure,reserves_as_of,lat,lon,coordinates_unusable,reserves_as_of_year,stage_group,pre_construction_years,construction_years,lifespan_years,construction_years_imputed,lifespan_years_imputed,reserves_imputed,pre_construction_years_imputed,reserves_filled,deposit_type_known,deposit_type,deposit_type_imputed,grade_base,grade,grade_unit,grade_imputed,recovery_efficiency,contained_lce_fraction,recovered_lce_fraction,capacity_years,capacity_contained_lce,capacity_material,capacity_recovered_lce,depletion_clipped,reserves_base_year,stage_at_base_year,opex_multiplier,opex_total,opex_extract,opex_concentrate,capex_multiplier,capex_total,capex_extract,capex_concentrate,opex_per_t_lce,project_cost_per_t_lce
Tammela,Finland,Target Outline,,,Project,,,,,60.74814,23.47223,False,2024,pre-construction,5.866449088798952,3.2602769116859793,33.91754806605664,True,True,True,True,21848.545645405044,,hard_rock,True,1.7477269243761602,1.6079087704260675,pct_Li2O,True,0.65,0.03976358389263665,0.025846329530213822,33.91754806605664,644.1664239069869,16199.908580832738,418.7081755395415,False,21848.545645405044,pre-construction,1.1741397463886722,146.76746829858402,102.73722780900881,44.030240489575206,0.9182089680323813,2974980.268045069,2082486.1876315484,892494.0804135208,5678.464639515483,5887.947357237334
Incahuasi Salar,Argentina,Reserves Development,185000.0,tonnes,Brine,,,,9/18/23,-24.32172,-67.6086,False,2023,pre-construction,8.683272758468078,3.592065146834692,43.48576563674204,True,True,False,True,185000.0,brine,brine,False,612.8170929866237,563.7917255476939,mgLi_per_L,True,0.55,0.002500886129241979,0.0013754873710830886,43.48576563674204,4254.265672712213,1701103.3101301917,2339.8461199917174,False,185000.0,pre-construction,0.9104376909549123,4.552188454774562,3.1865319183421934,1.3656565364323687,1.109252302611092,37739055.27482531,26417338.692377716,11321716.582447596,3309.509451322748,3680.4092574635374
Salinitas,Argentina,Target Outline,,,Project,,,,,-23.79676,-66.13004,False,2024,pre-construction,4.420645831329847,2.0652819638140043,19.910368837864404,True,True,True,True,749254.6357988716,,brine,True,1219.87600297659,1122.2859227384627,mgLi_per_L,True,0.55,0.004978273305614031,0.0027380503180877173,19.910368837864404,37631.37900157741,7559122.750279753,20697.258450867575,False,749254.6357988716,pre-construction,1.1501672962426122,5.750836481213061,4.025585536849142,1.7252509443639186,1.048470217640091,158510301.50307953,110957211.05215567,47553090.45092386,2100.339954756385,2484.9896244646434
Salar de Pocitos,Argentina,Target Outline,,,Project,,,,,-24.56123,-67.00505,False,2024,pre-construction,8.659377252842372,3.2001706655717292,17.38012163374907,True,True,True,True,1155527.557529398,,brine,True,483.3295680729581,444.6632026271215,mgLi_per_L,True,0.55,0.0019724518563201403,0.0010848485209760772,17.38012163374907,66485.58519208354,33707076.286323585,36567.071855645954,False,1155527.557529398,pre-construction,0.9555928931604974,4.777964465802487,3.344575126061741,1.4333893397407462,1.1770709508606843,793512406.7015305,555458684.6910713,238053722.01045918,4404.2687743202905,5652.832532895744
Shatford Lake,Canada,Exploration,,,Project,,,,,50.39446,-95.41611,False,2024,pre-construction,5.092261296724018,3.796855703545752,32.49791653433757,True,True,True,True,2973793.620145798,,hard_rock,True,1.2361726384597052,1.1372788273829288,pct_Li2O,True,0.65,0.02812490540117983,0.01828118851076689,32.49791653433757,91507.20837760977,3253600.574733705,59479.685445446354,False,2973793.620145798,pre-construction,1.2141850910916716,151.77313638645896,106.24119547052126,45.531940915937696,0.8955481146769085,582751172.1228951,407925820.4860266,174825351.63686854,8302.148205357144,8603.628529590436
Birse Lake,Canada,Target Outline,,,Project,,,,,50.40404,-95.36136,False,2024,pre-construction,5.507386697482205,2.2445704202806787,30.313583603712157,True,True,True,True,1136839.6404444934,,brine,True,274.5587132241253,252.5940161661953,mgLi_per_L,True,0.55,0.0011204649567105483,0.0006162557261908016,30.313583603712157,37502.647503057924,33470611.71208592,20626.45612668186,False,1136839.6404444934,pre-construction,0.9782943856569487,4.891471928284743,3.4240303497993203,1.4674415784854231,1.0279472735664332,688120481.080789,481684336.7565522,206436144.32423675,7937.406048167532,9037.937823194692
Bailey Lake,Canada,Grassroots,,,Project,,,,,59.91683,-103.06685,False,2024,pre-construction,7.544310846975021,4.167725625993768,24.22840035695192,True,True,True,True,84581.27956906377,,hard_rock,True,1.4057094094044444,1.293252656652089,pct_Li2O,True,0.65,0.03198213819900616,0.020788389829354003,24.22840035695192,3490.997272743788,109154.59282369901,2269.1482272834623,False,84581.27956906377,pre-construction,1.1306939807303376,141.33674759129218,98.93572331390452,42.40102427738766,1.3902460651021358,30350348.63219468,21245244.042536274,9105104.589658406,6798.830922042806,7350.877950503801
Manono,Democratic Republic of the Congo,Feasibility Complete,13490000.0,tonnes,Open Pit,,,,1/22/24,-7.32649,27.38641,False,2024,pre-construction,5.452689781081639,4.525988028961413,29.43615500806175,True,True,False,True,13490000.0,hard_rock,hard_rock,False,1.727021749394733,1.5888600094431544,pct_Li2O,True,0.65,0.03929250803352921,0.025540130221793987,29.43615500806175,458279.96205025626,11663291.17141607,297881.9753326666,False,13490000.0,pre-construction,1.1719910677932823,146.4988834741603,102.5492184319122,43.9496650422481,1.003818085429231,2341564522.6989064,1639095165.8892343,702469356.8096721,5736.027271667917,6003.070040978393
East Pilbara,Australia,Target Outline,,,Project,,,,,-21.26343,120.11171,False,2024,pre-construction,6.029581768699559,3.4811703352205132,41.81342420589671,True,True,True,True,208639.6251575214,,hard_rock,True,1.6003653721119786,1.4723361423430203,pct_Li2O,True,0.65,0.03641087280014289,0.023667067320092883,41.81342420589671,4989.776109465298,137040.8267017899,3243.3544711524437,False,208639.6251575214,pre-construction,1.2740931868682748,159.26164835853436,111.48315385097405,47.77849450756031,1.2158154778640844,33323271.64066517,23326290.14846562,9996981.492199551,6729.251503980145,6974.969793188935
Prinsep,Australia,Target Outline,,,Project,,,,,-20.84954,116.81434,False,2024,pre-construction,3.6211502116259457,3.9882125441562852,36.22658989458179,True,True,True,True,40552.66279108961,,hard_rock,True,0.736173196438286,0.6772793407232232,pct_Li2O,True,0.65,0.016749118096085307,0.01088692676245545,36.22658989458179,1119.417061034355,66834.38821151969,727.6210896723308,False,40552.66279108961,pre-construction,0.8872647138490405,110.90808923113006,77.63566246179104,33.27242676933902,0.9979192734323629,13339064.824867241,9337345.377407068,4001719.4474601727,10187.272464586298,10693.321556795665
Saldivar Salar,Mexico,Target Outline,,,Project,,,,,23.35826,-102.17716,False,2024,pre-construction,7.06281747309062,2.474537794798262,27.237391537854123,True,True,True,True,799302.9050918755,,brine,True,585.136098101463,538.325210253346,mgLi_per_L,True,0.55,0.0023879209118154673,0.0013133565014985071,27.237391537854123,29345.794878375786,12289265.835050218,16140.187183106684,False,799302.9050918755,pre-construction,0.9439542220909519,4.71977111045476,3.3038397773183314,1.4159313331364283,1.0142373872262196,249284657.4293956,174499260.2005769,74785397.22881868,3593.6709530653848,4160.721102392331
Greenbushes,Australia,Operating,6600000.0,tonnes,"Open Pit, Underground",,1983.0,2043.0,12/31/23,-33.85434,116.06094,False,2023,operation,5.979429886530362,3.3628522046837013,60.0,True,False,False,True,6600000.0,hard_rock,hard_rock,False,1.2524980989274712,1.4403728137665919,pct_Li2O,True,0.65,0.03562041968444781,0.02315327279489108,20.0,330000.0,9264349.014508689,214500.0,False,6270000.0,operation,0.8084142001672526,101.05177502090658,70.7362425146346,30.31553250627198,0.8619921290154912,1597159186.1917822,1118011430.3342476,479147755.85753465,4364.470453749602,
Salar de Atacama,Chile,Operating,3521000.0,tonnes,Brine,,2013.0,2043.0,12/31/23,-23.64182,-68.32159,False,2023,operation,5.156510563392156,4.231334946588101,30.0,True,False,False,True,3521000.0,brine,brine,False,880.6515141408886,1012.7492412620218,mgLi_per_L,True,0.55,0.004492386842698119,0.0024708127634839655,20.0,176050.0,39188521.86252614,96827.50000000001,False,3344950.0,operation,0.7721540208012819,3.8607701040064097,2.7025390728044867,1.158231031201923,1.7681806082289333,1385847688.4494865,970093381.9146404,415754306.53484607,1562.5506558265213,
Wodgina,Australia,Operating,2060000.0,tonnes,"Open Pit, Tailings",,2017.0,2047.0,12/31/23,-21.19096,118.67426,False,2023,operation,7.278787884047653,1.5981907437990412,30.0,True,False,False,True,2060000.0,hard_rock,hard_rock,False,1.4050751070223604,1.6158363730757144,pct_Li2O,True,0.65,0.03995963350616242,0.025973761779005573,24.0,85833.33333333333,2148001.0150767886,55791.666666666664,False,1974166.6666666667,operation,0.9280238980108192,116.0029872513524,81.20209107594667,34.800896175405725,1.2707476006926588,545913427.238845,382139399.0671915,163774028.1716535,4466.160436764953,
Pilgangoora,Australia,Target Outline,,,Project,,,,,-21.06191,118.85997,False,2024,pre-construction,5.06156087667445,3.80275160913844,16.886536301214676,True,True,True,True,798134.8902765203,,hard_rock,True,0.9403693797651331,0.8651398293839225,pct_Li2O,True,0.65,0.0213949079806644,0.013906690187431861,16.886536301214676,47264.57078229294,2209150.458838532,30721.97100849041,False,798134.8902765203,pre-construction,1.024093718147794,128.01171476847426,89.60820033793198,38.40351443054229,1.266342134140102,559508061.3364345,391655642.93550414,167852418.40093035,9205.045416497776,10283.536838576892
Tabba Tabba,Australia,Target Outline,,,Project ,,,,,-20.60786,118.97671,False,2024,pre-construction,5.626491812265901,2.3767299431874083,27.066415561913836,True,True,True,True,1389689.0318085265,,hard_rock,True,0.9872776847314033,0.9082954699528911,pct_Li2O,True,0.65,0.022462146971934997,0.014600395531757748,27.066415561913836,51343.667159385885,2285786.270721872,33373.383653600824,False,1389689.0318085265,pre-construction,1.206649645011042,150.83120562638024,105.58184393846616,45.249361687914075,1.2605422868699139,576266050.5983201,403386235.4188241,172879815.17949605,10330.624625771465,10968.582567781616
Strelley,Australia,Target Outline,,,Project,,,,,-20.42927,119.05343,False,2024,pre-construction,4.369884579612569,3.7386138162471694,28.29102181879842,True,True,True,True,106145.05119975806,,hard_rock,True,1.4982990554664903,1.3784351310291711,pct_Li2O,True,0.65,0.0340887007903514,0.022157655513728412,28.29102181879842,3751.898813680469,110062.82805422791,2438.734228892305,False,106145.05119975806,pre-construction,0.939376506505663,117.42206331320787,82.19544431924551,35.22661899396236,0.8154777912071759,17950758.383135393,12565530.868194774,5385227.5149406195,5299.390237403757,5559.567711968231
Greenbushes,Australia,Target Outline,,,Project,,,,,-33.9986,116.07878,False,2024,pre-construction,5.42932767808165,3.3086562507780726,37.96678533068524,True,True,True,True,78971.56659107235,,hard_rock,True,1.4584329986490987,1.3417583587571709,pct_Li2O,True,0.65,0.033181684212064834,0.021568094737842144,37.96678533068524,2080.0172019632782,62685.703012235455,1352.0111812761309,False,78971.56659107235,pre-construction,1.331756314348912,166.469539293614,116.52867750552979,49.940861788084206,0.8592654012529898,10772731.15032685,7540911.805228794,3231819.345098056,7718.323816592667,7928.189636081653
Wyemandoo,Australia,Target Outline,,,Project,,,,,-28.48178,118.58533,False,2024,pre-construction,4.687712466466399,3.7399828698673927,25.90593183621141,True,True,True,True,8075514.534141298,,hard_rock,True,1.860502573457141,1.7116623675805698,pct_Li2O,True,0.65,0.042329410350267486,0.027514116727673867,25.90593183621141,311724.53417997935,7364254.110806661,202620.9472169866,False,8075514.534141298,pre-construction,1.0275361644925767,128.4420205615721,89.90941439310046,38.53260616847163,0.964385341545191,1420395743.1751716,994277020.22262,426118722.9525516,4668.222564905539,4938.821325025517
Salar de Tolillar,Argentina,Prefeas/Scoping,2028000.0,tonnes,Brine,,2027.0,2062.0,7/17/23,-25.03672,-67.12411,False,2023,pre-construction,4.916347245721895,2.791077843728499,35.0,True,False,False,True,2028000.0,brine,brine,False,1386.5963807551575,1275.668670294745,mgLi_per_L,True,0.55,0.005658653609982439,0.003112259485490342,35.0,57942.857142857145,10239689.71004694,31868.57142857143,False,2028000.0,pre_construction,1.1410982677134103,5.705491338567051,3.9938439369969356,1.7116474015701155,0.7144427129123763,146313433.91653758,102419403.7415763,43894030.174961284,1833.2312473193863,
Hombre Muerto,Argentina,Target Outline,,,Project,,,,,-25.19152,-67.03884,False,2024,pre-construction,7.044118328155175,2.8978220095942913,31.512076169493188,True,True,True,True,784157.7090120263,,brine,True,710.194978678061,653.3793803838162,mgLi_per_L,True,0.55,0.0028982820348192116,0.0015940551191505664,31.512076169493188,24884.35559733664,8585898.57659897,13686.395578535152,False,784157.7090120263,pre-construction,0.9621309235489974,4.810654617744987,3.367458232421491,1.4431963853234961,0.8346708277603649,143327981.43992803,100329587.0079496,42998394.43197842,3017.8721927184483,3350.198620037652
Macusani Plateau,Peru,Prefeas/Scoping,4030000.0,tonnes,"Open Pit, Underground",,2028.0,2071.0,10/31/2023,-13.94385,-70.53707,False,2023,pre-construction,4.98134363799028,4.221783193052983,43.0,True,False,False,True,4030000.0,hard_rock,hard_rock,False,0.8182861021681354,0.7528232139946845,pct_Li2O,True,0.65,0.01861731808208855,0.012101256753357556,43.0,93720.93023255814,5034072.567236506,60918.604651162794,False,4030000.0,pre_construction,0.8278782977351329,103.4847872168916,72.43935105182412,31.045436165067485,1.1805488533570148,1188593719.393412,832015603.5753884,356578115.8180237,8551.573553563287,
Split Rocks,Australia,Reserves Development,85680.0,tonnes,"Open Pit, Underground",,,,08/03/2023,-31.76566,119.58681,False,2023,pre-construction,5.755201312795532,1.7548970823233412,14.747333724244083,True,True,False,True,85680.0,hard_rock,hard_rock,False,0.805944097204708,0.7414685694283314,pct_Li2O,True,0.65,0.018336517721962636,0.011918736519275714,14.747333724244083,5809.863776198757,316846.6261857326,3776.411454529192,False,85680.0,pre-construction,1.2678726089132135,158.4840761141517,110.93885327990618,47.54522283424551,0.6524524450631931,41345471.19298095,28941829.835086666,12403641.357894287,13297.053413156797,14039.44857212004
Incahuasi Salar,Argentina,Reserves Development,185000.0,tonnes,Brine,,,,9/18/23,-24.32172,-67.6086,False,2023,pre-construction,9.178904386227373,2.1178576896996777,13.486994489556201,True,True,False,True,185000.0,brine,brine,False,450.9909335376383,414.91165885462726,mgLi_per_L,True,0.55,0.0018404789667359842,0.0010122634317047915,13.486994489556201,13716.918186869338,7452906.7893645875,7544.305002778136,False,185000.0,pre-construction,0.957103695842488,4.78551847921244,3.3498629354487077,1.4356555437637324,0.8352042673960299,124493991.09964298,87145793.76975007,37348197.3298929,4727.542583606883,5951.070751662342
Pocitos 1,Argentina,Reserves Development,308000.0,tonnes,Brine,,,,12/18/2023,-24.47854,-67.02077,False,2023,pre-construction,8.841553530901207,4.533801849091948,16.53713892855729,True,True,False,True,308000.0,brine,brine,False,1815.936236060638,1670.6613371757871,mgLi_per_L,True,0.55,0.007410775248155596,0.0040759263864855785,16.53713892855729,18624.745267642866,2513197.9643126023,10243.609897203576,False,308000.0,pre-construction,1.1811495113189954,5.905747556594977,4.134023289616484,1.7717242669784934,0.9793911696437797,49228077.87628971,34459654.5134028,14768423.362886913,1448.933811998293,1739.53639686423
Crescent Lake,Canada,Target Outline,,,Project,,,,,50.45414,-88.35233,False,2024,pre-construction,6.896396920847268,4.166939650097385,20.109884167545996,True,True,True,True,11839345.8713761,,brine,True,1105.450636484506,1017.0145855657456,mgLi_per_L,True,0.55,0.00451130719913872,0.0024812189595262964,20.109884167545996,588732.6735816228,130501570.29741205,323802.97046989255,False,11839345.8713761,pre-construction,0.9457021601713569,4.728510800856784,3.309957560599749,1.4185532402570353,0.9807118018956967,2559688603.1318583,1791782022.1923008,767906580.9395576,1905.7208888003706,2298.815180409289
Jarnet,Canada,Exploration,,,Project,,,,,53.57851,-73.87056,False,2024,pre-construction,5.992873840788164,2.083948538528584,14.39939955091798,True,True,True,True,1225593.9116126017,,brine,True,655.8832192946186,603.4125617510491,mgLi_per_L,True,0.55,0.002676637555167362,0.0014721506553420493,14.39939955091798,85114.23738738248,31798940.137810532,46812.83056306037,False,1225593.9116126017,pre-construction,1.0915580938764384,5.457790469382192,3.820453328567534,1.6373371408146578,0.9927539129802803,631370445.008742,441959311.5061194,189411133.5026226,3707.3586521714333,4644.00353329835
Salar de Olaroz,Argentina,Expansion,9149000.0,tonnes,Brine,,2014.0,2055.0,6/30/23,-23.45,-66.7,False,2023,operation,4.9688770547282,4.539211258921323,41.0,True,False,False,True,9149000.0,brine,brine,False,605.06157231103,695.8208081576844,mgLi_per_L,True,0.55,0.003086545134852795,0.0016975998241690374,32.0,285906.25,92629862.03298646,157248.4375,False,8863093.75,operation,0.9759249099787967,4.879624549893983,3.415737184925788,1.4638873649681954,0.8577401901170357,1589047109.4137719,1112332976.5896401,476714132.8241317,2874.4256923344838,
Salar del Hombre Muerto,Argentina,Expansion,4768230.0,tonnes,Brine,,1997.0,2062.0,12/31/23,-25.3927,-67.04878,False,2023,operation,4.499709346124034,2.457272607356023,65.0,True,False,False,True,4768230.0,brine,brine,False,528.6715239717503,607.9722525675128,mgLi_per_L,True,0.55,0.0026968635836807256,0.0014832749710243993,39.0,122262.30769230769,45334998.93437027,67244.26923076923,False,4645967.692307692,operation,0.9488499751004571,4.744249875502286,3.3209749128515997,1.423274962650686,1.1987359719670514,1086893880.2343519,760825716.1640463,326068164.0703056,3198.4965486377405,
Sal de Vida,Argentina,Construction Started,2901000.0,tonnes,Brine,,2026.0,2065.0,6/30/23,-25.22556,-66.98187,False,2023,construction,8.974031902330603,4.070943989930863,39.0,True,False,False,True,2901000.0,brine,brine,False,483.4087359823771,522.0814348609673,mgLi_per_L,True,0.55,0.0023158662314707746,0.001273726427308926,39.0,74384.61538461539,32119564.754556116,40911.53846153847,False,2901000.0,pre_construction,0.9773268911630073,4.886634455815036,3.4206441190705252,1.465990336744511,0.6227741267167051,400064677.81078684,280045274.46755075,120019403.34323609,3836.486667030459,
Salar de Cauchari,Argentina,Prefeas/Scoping,2411000.0,tonnes,Brine,,2027.0,2057.0,6/30/23,-23.75738,-66.79067,False,2023,pre-construction,5.884468502632467,4.127189494014919,30.0,True,False,False,True,2411000.0,brine,brine,False,1158.4580223667908,1065.7813805774476,mgLi_per_L,True,0.55,0.004727628574011462,0.002600195715706304,30.0,80366.66666666667,16999361.394094117,44201.66666666667,False,2411000.0,pre_construction,1.1070646194444596,5.535323097222298,3.874726168055608,1.6605969291666898,1.0860658021636675,369248501.37493813,258473950.96245667,110774550.41248146,2128.8101752443317,
Galaxy,Canada,Construction Planned,1430000.0,tonnes,Open Pit,,2024.0,2042.0,6/30/23,52.23444,-77.06523,False,2023,pre-construction,4.273624188915547,1.435851292481002,18.0,True,False,False,True,1430000.0,hard_rock,hard_rock,False,1.8894885294039314,1.738329447051617,pct_Li2O,True,0.65,0.04298888722558649,0.02794277669663122,18.0,79444.44444444444,1848022.816398002,51638.88888888888,False,1430000.0,pre-construction,0.8336744390778322,104.20930488472902,72.9465134193103,31.262791465418715,0.7382220067469946,272850222.40711313,190995155.68497917,81855066.72213396,3729.382588427316,4022.927744325232
Sal de los Angeles,Argentina,Preproduction,828563.0,tonnes,Brine,,,2035.0,6/30/18,-25.24472,-66.74833,False,2018,construction,6.369867969868384,1.278734783880942,17.109672937238294,True,True,False,True,828563.0,brine,brine,False,488.6343844405202,527.7251351957618,mgLi_per_L,True,0.55,0.0023409007455392,0.0012874954100465601,17.0,48739.0,20820617.915081024,26806.45,False,828563.0,construction,0.8634429934480706,4.3172149672403535,3.0220504770682473,1.2951644901721062,0.8641269948527411,359833159.7987222,251883211.85910553,107949947.93961668,3353.1886277437125,
Nemaska,Canada,Preproduction - Construction Planned,723000.0,tonnes,"Open Pit, Underground",,2028.0,2059.0,12/31/22,51.6797,-75.85327,False,2022,pre-construction,7.204272724670811,2.6173926209868243,31.0,True,False,False,True,723000.0,hard_rock,hard_rock,False,1.4250931893621566,1.311085734213184,pct_Li2O,True,0.65,0.03242315020709204,0.02107504763460983,31.0,23322.58064516129,719318.7736600576,15159.67741935484,False,723000.0,pre_construction,1.1580453044952748,144.75566306190933,101.32896414333652,43.42669891857281,0.9846408368733794,141654127.85507444,99157889.4985521,42496238.35652234,6868.580587414139,
Mt Cattlin,Australia,Operating,153000.0,tonnes,"Open Pit, Underground",,2016.0,2028.0,6/30/23,-33.56306,120.03444,False,2023,operation,6.319662452553628,4.257994487112246,12.0,True,False,False,True,153000.0,hard_rock,hard_rock,False,0.8863840946416135,1.0193417088378554,pct_Li2O,True,0.65,0.025208320459560164,0.016385408298714106,5.0,30600.0,1213884.9174457816,19890.0,False,122400.0,operation,0.8948606802051032,111.8575850256379,78.30030951794653,33.55727550769137,1.3788251553519595,334747011.9753161,234322908.38272128,100424103.59259483,6826.658389368074,
Salar de Salinas Grandes,Argentina,Reserves Development,96800.0,tonnes,Brine,,,,03/06/2012,-23.72856,-65.94639,False,2012,pre-construction,8.298653376786962,3.7080052270996027,39.645465425403316,True,True,False,True,96800.0,brine,brine,False,1101.4476476395296,1013.3318358283673,mgLi_per_L,True,0.55,0.004494971135095333,0.002472234124302433,39.645465425403316,2441.6411552069767,543193.956495828,1342.9026353638374,False,96800.0,pre-construction,1.0269177385355992,5.134588692677996,3.594212084874597,1.540376607803399,0.8326510325757884,9045820.175303582,6332074.122712507,2713746.052591075,2076.9022813026554,2246.8087459026474
Salar de Ratones,Argentina,Exploration,,,Brine,,,,,-25.14386,-66.79356,False,2024,pre-construction,3.7445134473593074,2.7592065903926786,15.378479242698713,True,True,True,True,45197.87194683159,brine,brine,False,772.5484452582859,710.744569637623,mgLi_per_L,True,0.55,0.003152744453484223,0.0017340094494163228,15.378479242698713,2939.03390793926,932214.4408790306,1616.4686493665931,False,45197.87194683159,pre-construction,0.815964150110409,4.079820750552045,2.8558745253864313,1.223946225165614,0.7478738538874397,13943576.130994506,9760503.291696154,4183072.8392983526,2352.824981389424,2913.7353851276994
Sal de Vida Extension,Argentina,Production - Operating,,,Brine,,,,,-25.31315,-66.8767,False,2024,operation,5.93805763385308,3.934207576762554,29.771252621509873,True,True,True,True,2313363.408221372,brine,brine,False,1031.1062990393057,1185.7722438952014,mgLi_per_L,True,0.55,0.005259888045211799,0.0028929384248664895,29.771252621509873,77704.6044260145,14773052.916354531,42737.53243430798,False,2313363.408221372,operation,0.9669587676693991,4.834793838346996,3.384355686842897,1.4504381515040987,1.2146746266443116,358889050.711392,251222335.49797437,107666715.21341762,1671.239801299996,
Mt Cattlin,Australia,Target Outline,,,Project,,,,,-33.55937,120.05826,False,2024,pre-construction,5.649914472218866,2.568596392427338,14.616790834071296,True,True,True,True,4877460.360103957,,hard_rock,True,1.3849616193155918,1.2741646897703445,pct_Li2O,True,0.65,0.03151009277802062,0.020481560305713402,14.616790834071296,333688.86614527897,10589904.272768075,216897.76299443134,False,4877460.360103957,pre-construction,1.1776849486425496,147.2106185803187,103.04743300622309,44.16318557409562,0.9827523396343164,2081450640.1132538,1457015448.0792775,624435192.0339763,7187.470894942208,7844.007600030292
Rincon West,Argentina,Target Outline,,,Project,,,,,-24.06413,-67.22206,False,2024,pre-construction,3.934288022024396,2.6671350337728703,27.608629053923394,True,True,True,True,261380.00661970352,,brine,True,737.8063440901833,678.7818365629687,mgLi_per_L,True,0.55,0.0030109630966872357,0.0016560297031779797,27.608629053923394,9467.330163667053,3144286.3494684915,5207.03159001688,False,261380.00661970352,pre-construction,1.0113205488432986,5.056602744216493,3.5396219209515447,1.516980823264948,1.0019055634167093,63005559.73015395,44103891.81110776,18901667.919046186,3053.449303785248,3491.7213989895604
Pocitos West,Argentina,Target Outline,,,Brine,,,,,-24.48788,-67.10926,False,2024,pre-construction,6.456906142913812,2.2344337060814556,28.75603513620953,True,True,True,True,20235.35721140443,brine,brine,False,490.2876628826256,451.0646498520156,mgLi_per_L,True,0.55,0.0020008476093018993,0.0011004661851160447,28.75603513620953,703.6907944907925,351696.3466979437,387.02993696993593,False,20235.35721140443,pre-construction,1.0302162715243752,5.151081357621877,3.6057569503353135,1.545324407286563,1.118213191468201,7865429.88537629,5505800.919763403,2359628.9656128874,4680.817481982595,5387.539950994178
Incahuasi,Argentina,Target Outline,,,Project,,,,,-26.35584,-67.64756,False,2024,pre-construction,7.728909809545861,4.431149259836343,27.73124214506845,True,True,True,True,1813715.9053720378,,brine,True,216.47061843173378,199.1529689571951,mgLi_per_L,True,0.55,0.0008834093781326246,0.00048587515797294357,27.73124214506845,65403.34168531205,74035145.31797643,35971.83792692163,False,1813715.9053720378,pre-construction,0.9411977219957656,4.705988609978828,3.294192026985179,1.4117965829936487,1.2217332113108759,1809023916.783974,1266316741.7487817,542707175.0351923,9685.592137725398,11499.0704142353
Rincon,Argentina,Commissioning,277498.0,tonnes,Brine,,,,1/15/24,-24.20374,-66.99009,False,2024,construction,6.225471636568344,3.7466225890132105,46.58827442862731,True,True,False,True,277498.0,brine,brine,False,1353.4760612553468,1461.7541461557746,mgLi_per_L,True,0.55,0.006484097766655991,0.0035662537716607953,46.58827442862731,5956.3914612275175,918615.3071068476,3276.015303675135,False,277498.0,construction,1.0132089672256597,5.066044836128299,3.546231385289809,1.5198134508384897,1.0318762696279453,18957946.726410866,13270562.708487606,5687384.01792326,1420.5508526582096,
Prairie Lithium,Canada,Construction Started,2545000.0,tonnes,Brine,,2027.0,,12/13/2023,49.04,-103.60603,False,2023,construction,4.90823590478775,2.9233820325889615,28.46820082161257,True,True,False,True,2545000.0,brine,brine,False,1339.1909182063457,1446.3261916628535,mgLi_per_L,True,0.55,0.006415661931851142,0.0035286140625181285,28.46820082161257,89397.99237568535,13934336.522917585,49168.89580662695,False,2545000.0,pre_construction,0.7639450067751532,3.8197250338757662,2.673807523713036,1.1459175101627301,0.6549443477847013,182524298.91629604,127767009.24140722,54757289.67488882,1082.5000881932358,
Mt Deans,Australia,Exploration,,,Project,,,,,-32.28393,121.78605,False,2024,pre-construction,7.6326920851100315,2.454033206191327,18.151894585671,True,True,True,True,447974.09498877195,,hard_rock,True,1.370916216629317,1.2612429192989716,pct_Li2O,True,0.65,0.031190537394263567,0.02027384930627132,18.151894585671,24679.192184291336,791239.7235204491,16041.474919789369,False,447974.09498877195,pre-construction,0.7809461161818757,97.61826452273446,68.33278516591412,29.285479356820346,0.9590848067443853,151773199.46421817,106241239.62495272,45531959.83926545,4814.984221695786,5336.213535080086
Uis,Namibia,Target Outline,,,Project,,,,,-21.25195,14.85944,False,2024,pre-construction,5.856614410081151,4.478307374241906,41.02075130695256,True,True,True,True,925403.6751874223,,hard_rock,True,1.407093845811183,1.2945263381462884,pct_Li2O,True,0.65,0.03201363634235771,0.020808863622532512,41.02075130695256,22559.403367889478,704681.0654883588,14663.61218912816,False,925403.6751874223,pre-construction,1.061076407779002,132.63455097237525,92.84418568066268,39.790365291712575,1.0037166014459928,141460016.83106333,99022011.78174433,42438005.049319,6373.9449389612155,6609.118843020583
Myrnas Hill,Australia,Target Outline,,,Project,,,,,-20.82307,119.52724,False,2024,pre-construction,5.862502079315163,2.78172941954693,20.996786351438985,True,True,True,True,5392.24315444328,,hard_rock,True,1.5631233039276375,1.4380734396134267,pct_Li2O,True,0.65,0.03556355616164004,0.023116311505066024,20.996786351438985,256.81278383221394,7221.234644391952,166.92830949093906,False,5392.24315444328,pre-construction,0.7653743479269046,95.67179349086308,66.97025544360416,28.70153804725892,0.7925684524192145,1144664.5533323493,801265.1873326445,343399.3659997048,4138.713629546663,4465.298009980429
Yapuckuta,Chile,Exploration,,,Project,,,,,-23.1273,-68.26219,False,2024,pre-construction,7.059941713090747,2.2983237330245423,26.49066636206233,True,True,True,True,1263792.509528003,,brine,True,506.13592234424675,465.645048556707,mgLi_per_L,True,0.55,0.0020655238278894593,0.0011360381053392027,26.49066636206233,47707.08642263143,23096846.319792043,26238.89753244729,False,1263792.509528003,pre-construction,1.2135961727118578,6.067980863559289,4.247586604491502,1.820394259067787,0.8141555640524464,376088518.86645925,263261963.20652145,112826555.6599378,5341.353282993521,5882.420983485992
Ewoyaa,Ghana,Feasibility Complete,455000.0,tonnes,Open Pit,,2026.0,2038.0,7/30/24,5.248615,-1.175696,False,2024,pre-construction,4.439065148278351,2.84316332729077,12.0,True,False,False,True,455000.0,hard_rock,hard_rock,False,1.4506509655594786,1.3345988883147204,pct_Li2O,True,0.65,0.03300463050802303,0.021453009830214972,12.0,37916.666666666664,1148828.6971565876,24645.833333333332,False,455000.0,pre_construction,1.1328179608246296,141.6022451030787,99.12157157215509,42.48067353092361,1.1357028269828684,260945599.8159564,182661919.87116948,78283679.94478694,6600.577085628444,
Minas Gerais,Brazil,Target Outline,,,Project,,2024.0,,,-17.03413,-41.89841,False,2024,pre-construction,7.487418691698654,3.5009915550634627,34.77129794487617,True,True,True,True,4825.236523565459,,brine,True,648.5568484239427,596.6723005500273,mgLi_per_L,True,0.55,0.0026467388798564963,0.001455706383921073,34.77129794487617,138.77067606780255,52430.814812878925,76.3238718372914,False,4825.236523565459,pre-construction,0.8325683510640094,4.162841755320047,2.9139892287240325,1.2488525265960142,1.0497980008119292,1100835.2914300156,770584.7040010109,330250.5874290047,2859.671291752576,3274.473488891708
Mount Peake,Australia,Target Outline,,,Project,,,,,-21.87269,133.35257,False,2024,pre-construction,6.670591900970084,3.645554870755027,15.796655884992198,True,True,True,True,126807.79342430829,,hard_rock,True,1.2917126753917354,1.1883756613603966,pct_Li2O,True,0.65,0.02938853010544261,0.019102544568537695,15.796655884992198,8027.508755494481,273151.0805982034,5217.880691071413,False,126807.79342430829,pre-construction,0.7186731236021946,89.83414045027432,62.88389831519202,26.9502421350823,0.8337239938997651,45546521.97087415,31882565.379611906,13663956.591262247,4702.73162446814,5255.3125847598985
Rankin Dome,Australia,Target Outline,,,Project,,,,,-31.10702,119.04693,False,2024,pre-construction,7.2702368151097865,1.9337475124957246,22.452505958521108,True,True,True,True,2660229.6871955567,,hard_rock,True,1.1619822655136212,1.0690236842725316,pct_Li2O,True,0.65,0.026436955712059704,0.01718402121283881,22.452505958521108,118482.52894844257,4481700.928007932,77013.64381648767,False,2660229.6871955567,pre-construction,0.6932218242928365,86.65272803660457,60.65690962562319,25.99581841098138,1.1188785228805354,1002895782.864368,702027048.0050576,300868734.8593104,5042.6339075898695,5622.627656418627
Separation Rapids,Canada,Prefeas/Scoping,175000.0,tonnes,Open Pit,,2026.0,,08/07/2023,50.266,-94.58258,False,2023,pre-construction,4.637872896864067,4.342311730703744,24.13996620147823,True,True,False,True,175000.0,hard_rock,hard_rock,False,1.008007897431251,0.927367265636751,pct_Li2O,True,0.65,0.02293379247919685,0.014906965111477953,24.13996620147823,7249.3887745909,316100.7400396943,4712.1027034840845,False,175000.0,pre_construction,1.0442520758105882,130.53150947632352,91.37205663342645,39.15945284289707,1.0269026658605356,64920938.52545004,45444656.96781503,19476281.557635017,8756.41074492204,
Paterson Lake,Canada,Exploration,,,Project,,,,,50.28245,-94.60458,False,2024,pre-construction,7.369932631986122,3.386483969999657,28.02038657583736,True,True,True,True,24078.814698937033,,brine,True,828.5173188070594,762.2359333024947,mgLi_per_L,True,0.55,0.0033811515608076497,0.0018596333584442076,28.02038657583736,859.3319950732143,254153.64547217966,472.63259729026794,False,24078.814698937033,pre-construction,0.9827874217705971,4.913937108852985,3.4397559761970893,1.4741811326558958,0.7715624076265443,3921907.972151562,2745335.5805060933,1176572.3916454688,2642.42254342224,2938.5642703596163
Galinee,Canada,Target Outline,,,Project,,,,,53.2125,-72.329165,False,2024,pre-construction,4.636623036866096,1.7070828074027442,39.487602509747134,True,True,True,True,22489.95519798578,,hard_rock,True,1.8669996595620268,1.7176396867970647,pct_Li2O,True,0.65,0.04247722945449141,0.027610199145419415,39.487602509747134,569.5447119747103,13408.235878116773,370.20406278356165,False,22489.95519798578,pre-construction,1.2201433454735302,152.51791818419127,106.76254272893388,45.75537545525739,0.9461057132159154,2537121.713686579,1775985.1995806051,761136.5141059738,5523.970232192052,5697.526121500894
Pilipas,Canada,Target Outline,,,Project,,,,,52.61499,-77.33379,False,2024,pre-construction,4.068520773354069,3.859601605258994,21.048277499258514,True,True,True,True,261808.86948160344,,hard_rock,True,1.2131708706742654,1.1161172010203242,pct_Li2O,True,0.65,0.027601578381232613,0.017941025947801198,21.048277499258514,12438.493814556863,450644.2944224624,8085.020979461961,False,261808.86948160344,pre-construction,1.069787392420381,133.7234240525476,93.60639683678332,40.117027215764296,0.7682106583301949,69237950.01820521,48466565.012743644,20771385.005461566,7453.49928379856,7860.360683551161
Kamativi,Zimbabwe,Target Outline,,,Project,,,,,-18.31328,27.04325,False,2024,pre-construction,7.748987805463386,4.525900743676817,21.97579662069073,True,True,True,True,9964037.222361252,,hard_rock,True,1.0773512679109996,0.9911631664781196,pct_Li2O,True,0.65,0.024511465107003895,0.015932452319552533,21.97579662069073,453409.6030439177,18497858.086596407,294716.2419785465,False,9964037.222361252,pre-construction,1.2592763098280904,157.4095387285113,110.18667710995791,47.222861618553395,0.840664699629523,3110099262.4316225,2177069483.7021356,933029778.729487,9879.806044380002,10360.009800073598
Bullabulling,Australia,Target Outline,,,Project,,,,,-30.93863,120.92884,False,2024,pre-construction,7.796575929653667,3.860693692707592,30.16083048556253,True,True,True,True,9441899.24380197,,hard_rock,True,1.3746798434334635,1.2647054559587865,pct_Li2O,True,0.65,0.03127616592586079,0.020329507851809515,30.16083048556253,313051.69956515764,10009273.524997829,203483.6047173525,False,9441899.24380197,pre-construction,1.1367075112467955,142.08843890584944,99.46190723409461,42.62653167175483,1.0617346245339285,2125438453.584192,1487806917.5089343,637631536.0752578,6989.270962267896,7335.589560758866
Rekovac,Serbia,Target Outline,,,Project,,,,,43.7991,21.04978,False,2024,pre-construction,7.921249984865981,1.279783906534437,19.14237206951453,True,True,True,True,198834.9197429157,,hard_rock,True,1.396657029793159,1.2849244674097065,pct_Li2O,True,0.65,0.03177618207904204,0.020654518351377323,19.14237206951453,10387.161999613058,326885.1485611264,6751.655299748488,False,198834.9197429157,pre-construction,0.8646920559152499,108.08650698940623,75.66055489258436,32.425952096821874,0.782051325363896,51128192.734800585,35789734.914360404,15338457.82044018,5233.068384874664,5628.66669404109
Gorge,Canada,Target Outline,,,Project,,,,,49.4931,-87.44315,False,2024,pre-construction,5.7007954430566645,2.9454334389622376,25.748382156091683,True,True,True,True,3240225.937870938,,brine,True,1601.0143573881012,1472.933208797053,mgLi_per_L,True,0.55,0.006533686225355596,0.003593527423945578,25.748382156091683,125841.92351302152,19260478.567927033,69213.05793216184,False,3240225.937870938,pre-construction,0.9691481625784142,4.845740812892071,3.3920185690244495,1.4537222438676216,0.7786113311276248,299928537.1185751,209949975.98300254,89978561.13557255,1348.4635683040378,1516.7618979264412
Julimar Nth,Australia,Target Outline,,,Project,,,,,-30.97314,116.45676,False,2024,pre-construction,4.958743842515416,3.18709906273822,21.428428161701824,True,True,True,True,1561316.3291463647,,hard_rock,True,1.3262873259487815,1.220184339872879,pct_Li2O,True,0.65,0.0301751587250563,0.019613853171286597,21.428428161701824,72861.91583276477,2414632.3966893675,47360.245291297106,False,1561316.3291463647,pre-construction,0.8777205300816627,109.71506626020785,76.80054638214548,32.914519878062364,1.0779982431457373,520593896.2947839,364415727.4063487,156178168.88843518,5593.7538280761455,6106.72719013997
Carachi Pampa,Argentina,Exploration,,,Brine,,,,,-26.57331,-67.38203,False,2024,pre-construction,3.315096176499061,4.053421714606249,28.751473443934223,True,True,True,True,899100.7348661991,brine,brine,False,737.1049763678247,678.1365782583988,mgLi_per_L,True,0.55,0.0030081008383912146,0.0016544554611151682,28.751473443934223,31271.46636917437,10395750.690957189,17199.306503045904,False,899100.7348661991,pre-construction,0.9501897536034701,4.75094876801735,3.325664137612145,1.4252846304052054,0.8166938871972124,169802920.84261864,118862044.58983304,50940876.25278561,2871.6087435892796,3214.98804623901
Falcon Lake,Canada,Target Outline,,,Open Pit,,,,,50.46493,-88.12254,False,2024,pre-construction,6.478669476621539,3.005528612217902,27.56527842620337,True,True,True,True,1057365.5494094905,hard_rock,hard_rock,False,1.629982258911345,1.4995836781984375,pct_Li2O,True,0.65,0.03708470436184736,0.024105057835200786,27.56527842620337,38358.602190078585,1034351.0309749646,24933.091423551083,False,1057365.5494094905,pre-construction,0.9219254623675746,115.24068279594682,80.66847795716278,34.572204838784046,0.9463195691144143,195765324.38905576,137035727.07233903,58729597.31671673,4780.76773695436,5065.605296022942
Killick,Canada,Target Outline,,,Project,,,,,47.84123,-57.70978,False,2024,pre-construction,6.868998310892225,1.7865052593970394,30.585902905284915,True,True,True,True,162056.50454237772,,hard_rock,True,1.3367226101587504,1.2297848013460504,pct_Li2O,True,0.65,0.030412578137287823,0.019768175789237084,30.585902905284915,5298.405119646675,174217.55879191583,3443.963327770339,False,162056.50454237772,pre-construction,0.9618962099699164,120.23702624623955,84.16591837236768,36.07110787387187,0.9503470360711345,33113428.12588916,23179399.68812241,9934028.43776675,6082.353148220353,6396.711005821615
Ruby Hill,Canada,Target Outline,,,Project,,,,,52.313,-72.542,False,2024,pre-construction,7.6010257561844465,4.270756584046375,23.839639400376825,True,True,True,True,2291888.6035692464,,hard_rock,True,1.16638132304893,1.0730708172050156,pct_Li2O,True,0.65,0.026537041309480033,0.01724907685116202,23.839639400376825,96137.72109040455,3622774.6706661126,62489.51870876296,False,2291888.6035692464,pre-construction,1.2211001980273866,152.63752475342332,106.84626732739632,45.791257426027,0.967714121235823,701162041.371811,490813428.96026766,210348612.41154337,8849.025722970246,9319.690322986055
Cosgrave Lake,Canada,Exploration,,,Project,,,,,49.19277,-88.14599,False,2024,pre-construction,4.986527015447711,4.37861958715366,19.667396475883997,True,True,True,True,3598682.425168254,,brine,True,944.7210922330084,869.1434048543678,mgLi_per_L,True,0.55,0.0038553752866998334,0.0021204564076849086,19.667396475883997,182977.06204178726,47460246.651737496,100637.384122983,False,3598682.425168254,pre-construction,0.9166464376606817,4.583232188303408,3.2082625318123856,1.3749696564910225,1.07886897313118,1024067751.3942512,716847425.9759759,307220325.41827536,2161.4366471732055,2678.831945282711
Ear Falls,Canada,Target Outline,,,Project,,,,,50.68741,-93.19872,False,2024,pre-construction,4.735815180335058,2.972130249276607,12.41805926552222,True,True,True,True,62008880.279990286,,brine,True,276.41664348733406,254.30331200834735,mgLi_per_L,True,0.55,0.001128047108183694,0.0006204259095010317,12.41805926552222,4993443.738197734,4426626957.306635,2746394.056008754,False,62008880.279990286,pre-construction,0.8323178741221775,4.161589370610887,2.9131125594276206,1.2484768111832665,0.9165315523898179,81142865540.61731,56800005878.43211,24342859662.185196,6707.633106357184,9086.848504780202
Bikita,Zimbabwe,Operating,1167000.0,tonnes,Open Pit ,,,,12/31/23,-19.96262,31.42657,False,2023,operation,6.447057318549956,1.6538668762574216,28.134916434896052,True,True,False,True,1167000.0,hard_rock,hard_rock,False,0.879667007079495,1.0116170581414192,pct_Li2O,True,0.65,0.025017289847837295,0.016261238401094242,28.134916434896052,41478.70858974924,1658001.6797197163,26961.16058333701,False,1125521.2914102508,operation,0.9056941408197963,113.21176760247454,79.24823732173218,33.96353028074236,0.8557831784746899,283777989.4773827,198644592.63416788,85133396.84321484,6962.063085850605,
San Jorge,Argentina,Reserves Development,432280.0,tonnes,Project,,,,05/27/2024,-26.93886,-68.12172,False,2024,pre-construction,7.387897237870481,3.8647138833392662,19.48292571025699,True,True,False,True,432280.0,,brine,True,406.6718890720697,374.13813794630414,mgLi_per_L,True,0.55,0.0016596144235734808,0.0009127879329654145,19.48292571025699,22187.63272152815,13369149.126671093,12203.197996840483,False,432280.0,pre-construction,0.9268965773580845,4.634482886790423,3.2441380207532955,1.3903448660371271,0.9112128786852166,243642817.22571832,170549972.0580028,73092845.16771552,5077.283254319734,6102.051784925815
Fox Creek,Canada,Reserves Development,779000.0,tonnes,Brine,,,,03/19/2012,54.10074,-116.62268,False,2012,pre-construction,8.87238328744825,3.562426145037467,11.389428066790623,True,True,False,True,779000.0,brine,brine,False,1187.4532943389959,1092.4570307918762,mgLi_per_L,True,0.55,0.004845957312420964,0.00266527652183153,11.389428066790623,68396.76192972445,14114189.936096344,37618.21906134845,False,779000.0,pre-construction,0.9124379107132669,4.562189553566334,3.193532687496434,1.3686568660699003,1.2623607160814172,356343978.2927942,249440784.80495593,106903193.4878383,1711.7134061689328,2543.41833858297
Mt Ida North,Australia,Target Outline,,,Project,,,,,-28.92897,120.35344,False,2024,pre-construction,4.4516706327182085,4.520284082406438,22.61450186824416,True,True,True,True,2799004.8311864105,,hard_rock,True,0.9183978569415181,0.8449260283861967,pct_Li2O,True,0.65,0.020895020681990645,0.013581763443293919,22.61450186824416,123770.35087900131,5923437.586528862,80450.72807135085,False,2799004.8311864105,pre-construction,0.9708857991109727,121.36072488887159,84.9525074222101,36.40821746666148,1.204988828307851,1427535223.3892195,999274656.3724536,428260567.01676595,8935.564619099165,9720.203506289836
Bald Hill East,Australia,Target Outline,,,Project,,,,,-31.54478,122.2195,False,2024,pre-construction,5.7429392284085,1.24188748685948,20.486581570432012,True,True,True,True,8063.277117114544,,hard_rock,True,1.247032188284238,1.147269613221499,pct_Li2O,True,0.65,0.028371977534967667,0.018441785397728984,20.486581570432012,393.5882172139522,13872.428057891479,255.83234118906893,False,8063.277117114544,pre-construction,0.9336446983996071,116.70558729995088,81.69391110996561,35.011676189985266,0.989076641225805,2744178.9098291844,1920925.2368804289,823253.6729487556,6328.323683580148,6851.909025632772
Cat Camp,Australia,Target Outline,,,Project,,,,,-31.88398,120.27165,False,2024,pre-construction,8.080378989713353,2.866535720569198,30.48803621736588,True,True,True,True,70316.67979295054,,hard_rock,True,1.068313279942504,0.9828482175471036,pct_Li2O,True,0.65,0.024305836419939872,0.015798793672960918,30.48803621736588,2306.369596638645,94889.53833107177,1499.1402378151192,False,70316.67979295054,pre-construction,1.1772208121794616,147.1526015224327,103.00682106570288,44.14578045672981,1.2794989087356516,24282212.149007224,16997548.504305057,7284663.644702166,9314.16692745847,9845.438448952524
Mirage,Canada,Target Outline,,,Project,,,,,53.61722,-72.17188,False,2024,pre-construction,5.505012985901995,2.5067910236854223,20.971631254125647,True,True,True,True,1013720.901259502,,brine,True,892.0730368405875,820.7071938933406,mgLi_per_L,True,0.55,0.0036405203275785437,0.002002286180168199,20.971631254125647,48337.72294466019,13277696.206907751,26585.747619563106,False,1013720.901259502,pre-construction,1.1424663550143692,5.712331775071846,3.9986322425502916,1.713699532521554,1.152746025460794,306116230.59577537,214281361.41704273,91834869.17873263,2852.9047603934364,3401.946379273024
Hearst,Canada,Target Outline,,,Project,,,,,49.47017,-83.67775,False,2024,pre-construction,6.209560998108753,1.9282460694593053,22.45352724814737,True,True,True,True,639904.2307408375,,hard_rock,True,0.9474005186934635,0.8716084771979865,pct_Li2O,True,0.65,0.021554877641106203,0.014010670466719033,22.45352724814737,28499.05155964463,1322162.5301781138,18524.38351376901,False,639904.2307408375,pre-construction,0.8886433720671907,111.08042150839884,77.75629505587918,33.324126452519664,0.8064417267894844,213249406.7866384,149274584.7506469,63974822.03599152,7928.273081024883,8440.968566818372
Ravensthorpe,Australia,Target Outline,,,Project,,,,,-33.63355,119.91649,False,2024,pre-construction,3.5855505827057854,3.5443478510938036,31.798221359094693,True,True,True,True,22466.2792967229,,hard_rock,True,1.5648247288895012,1.4396387505783412,pct_Li2O,True,0.65,0.035602266301802375,0.023141473096171546,31.798221359094693,706.5262878389661,19844.980705714177,459.24208709532803,False,22466.2792967229,pre-construction,1.1552560929767555,144.40701162209444,101.08490813546611,43.322103486628336,1.3540039705859006,5374036.5343475165,3761825.5740432614,1612210.9603042551,6240.182335064257,6608.1893559503005
Chubb,Canada,Target Outline,,,Project,,,,,48.30518,-77.9576,False,2024,pre-construction,6.619333800913326,2.6521862277045263,30.225907944465742,True,True,True,True,445172.51958222996,,hard_rock,True,1.2181936314494815,1.120738140933523,pct_Li2O,True,0.65,0.027715854225286024,0.018015305246435916,30.225907944465742,14728.17691366454,531398.9889666678,9573.314993881952,False,445172.51958222996,pre-construction,1.2298628522981268,153.73285653726583,107.61299957608608,46.11985696117975,1.7532059519434662,186330374.06262046,130431261.84383431,55899112.21878615,8533.458325258174,9177.393207428147
Kamativi,Zimbabwe,Reserves Development,154600.0,tonnes,"Tailings, Open Pit, Underground",,,,09/10/2018,-18.31467,27.04258,False,2018,pre-construction,8.317175495538464,1.5583485586703558,18.018260569490987,True,True,False,True,154600.0,hard_rock,hard_rock,False,1.4485621496725476,1.3326771776987438,pct_Li2O,True,0.65,0.03295710660448994,0.02142211929291846,18.018260569490987,8580.184496930462,260343.98589351695,5577.1199230048005,False,154600.0,pre-construction,0.9976620063759127,124.70775079698909,87.29542555789236,37.41232523909673,1.075512339865046,56000633.88762578,39200443.72133805,16800190.166287735,5821.447873190301,6378.723561195334
Cinovec,Czechia,Feasibility Started,2990000.0,tonnes,Underground,,,,9/20/21,50.72511,13.76692,False,2021,pre-construction,7.538067128146105,2.0339315479330535,27.732846042441896,True,True,False,True,2990000.0,hard_rock,hard_rock,False,1.5920195855187242,1.4646580186772264,pct_Li2O,True,0.65,0.03622099280188781,0.023543645321227075,27.732846042441896,107814.39436198336,2976572.0379802557,70079.35633528918,False,2990000.0,pre-construction,0.8785641474837206,109.82051843546508,76.87436290482555,32.94615553063953,0.7227117587382996,430240722.51599103,301168505.7611937,129072216.75479734,4664.550325027633,4885.924506924207
Sonora,Mexico,Construction Planned,3562000.0,tonnes,"Open Pit, underground",,,,12/12/2017,29.71327,-109.15911,False,2017,pre-construction,7.998303053618789,3.754208034149201,41.02230651989869,True,True,False,True,3562000.0,hard_rock,hard_rock,False,0.8130942142532374,0.7480466771129785,pct_Li2O,True,0.65,0.018499194325003958,0.012024476311252573,41.02230651989869,86830.80748451286,4693761.574640591,56440.02486493336,False,3562000.0,pre-construction,1.0647415455978766,133.09269319973458,93.1648852398142,39.927807959920386,1.3509854452164216,1268240714.1311102,887768499.891777,380472214.23933315,11068.481466854875,11616.246643778431
Gascoyne,Australia,Exploration,,,Project,,,,,-23.62262,115.46808,False,2024,pre-construction,6.552165653372876,3.2243221418047248,39.57034591127542,True,True,True,True,304522.17392856884,,hard_rock,True,1.778681174534944,1.6363866805721485,pct_Li2O,True,0.65,0.040467842610549226,0.026304097696856998,39.57034591127542,7695.71675242284,190168.69336189193,5002.215889074846,False,304522.17392856884,pre-construction,0.9856627131434763,123.20783914293455,86.24548740005417,36.96235174288037,1.1300044536621854,42978294.08921127,30084805.862447888,12893488.226763383,4683.97892080732,4901.1074523422685
Strelley,Australia,Target Outline,,,Project,,,,,-20.42927,119.05343,False,2024,pre-construction,4.854112116729861,2.3116421011041535,36.55600971459953,True,True,True,True,520165.74804739124,,hard_rock,True,1.293296201410387,1.189832505297556,pct_Li2O,True,0.65,0.02942455785600856,0.019125962606405564,36.55600971459953,14229.281371474479,483585.2229660208,9249.032891458412,False,520165.74804739124,pre-construction,1.0493777485019657,131.1722185627457,91.82055299392199,39.35166556882372,0.9787690544891909,94663650.28947935,66264555.202635534,28399095.08684381,6858.332898696258,7138.313627161041
Balingup,Australia,Target Outline,,,Project,,,,,-34.1346,116.06996,False,2024,pre-construction,7.153615444352065,3.440621221131372,20.647253657829868,True,True,True,True,458267.30349437,,hard_rock,True,1.1263805167261864,1.0362700753880916,pct_Li2O,True,0.65,0.025626958964347503,0.016657523326825876,20.647253657829868,22195.073063413714,866082.9829357333,14426.797491218915,False,458267.30349437,pre-construction,0.8508846194141232,106.3605774267654,74.45240419873578,31.908173228029625,0.6652229421351025,115227654.00833085,80659357.8058316,34568296.202499256,6385.137534550439,6771.971403140299
Champion Electric,Canada,Target Outline,,,Project,,,,,53.63801,-74.23782,False,2024,pre-construction,4.721466350674665,2.0213904002398717,43.03630630139157,True,True,True,True,2801525.096290903,,hard_rock,True,1.2412706025589635,1.1419689543542464,pct_Li2O,True,0.65,0.028240892241180513,0.018356579956767333,43.03630630139157,65096.78308987025,2305054.0519023314,42312.90900841566,False,2801525.096290903,pre-construction,1.3669101892339774,170.86377365424718,119.60464155797303,51.25913209627416,0.9794180303363179,451522299.866586,316065609.9066102,135456689.95997584,9308.039627025217,9555.99374780826
Bynoe,Australia,Target Outline,,,Project,,,,,-12.79037,130.73201,False,2024,pre-construction,7.5699010747000735,3.3830590796246853,18.936431010231715,True,True,True,True,7200176.418682721,,hard_rock,True,1.0331516620777939,0.9504995291115704,pct_Li2O,True,0.65,0.02350585335492914,0.015278804680703941,18.936431010231715,380228.79891106876,16175919.808983894,247148.7192921947,False,7200176.418682721,pre-construction,0.9690284173766766,121.12855217208457,84.7899865204592,36.33856565162537,0.9415706210286274,3046154172.050848,2132307920.4355934,913846251.6152546,7927.881447758897,8578.753143314068
Kenticha Lithium,Ethiopia,Construction Started,680000.0,tonnes,Project,,,2041.0,12/30/22,5.45496,39.0205,False,2022,construction,3.9370437108218352,3.3387721539119193,23.209258310070524,True,True,False,True,680000.0,,brine,True,417.39021995198624,450.78143754814516,mgLi_per_L,True,0.55,0.001999591326723981,0.0010997752296981896,19.0,35789.47368421053,17898394.139789555,19684.21052631579,False,680000.0,construction,1.0809189865463873,5.4045949327319365,3.783216452912355,1.6213784798195814,0.9386141200526212,335993709.3174713,235195596.5222299,100798112.79524142,4914.272286542692,
Yelonggou,China,Operating,111500.0,tonnes,Project,,2019.0,,12/31/21,31.74557,101.81148,False,2021,operation,7.528578034566831,1.2102518781384979,16.75674946628903,True,True,False,True,111500.0,,hard_rock,True,1.1282936832990496,1.2975377357939069,pct_Li2O,True,0.65,0.03208810820618332,0.020857270334019157,16.75674946628903,6654.03515307751,207367.6363318698,4325.122849500382,False,91537.89454076748,operation,0.9131220491112602,114.14025613890752,79.89817929723526,34.24207684167226,0.9189780266501466,38113260.24547339,26679282.171831373,11433978.07364202,5472.444586995623,
Sabi Star,Zimbabwe,Operating,,,Open Pit,,2023.0,,,-19.20352,31.96068,False,2024,operation,4.517597354583033,3.0231651029967734,27.168740738767465,True,True,True,True,1856386.5057122668,hard_rock,hard_rock,False,1.338747168712222,1.5395592440190553,pct_Li2O,True,0.65,0.038073300104591236,0.024747645067984304,27.168740738767465,68328.02902283073,1794644.2476782068,44413.218864839975,False,1856386.5057122668,operation,1.0222723421600812,127.78404277001016,89.44882993900711,38.33521283100305,1.2126332329153955,435249051.19900835,304674335.8393058,130574715.35970253,5163.482926111732,
Qinghai Yiliping,China,Commissioning,1020010.0,tonnes,Brine,,,,12/31/21,37.99026,93.67586,False,2021,construction,5.323478309403715,3.52031201108523,31.75671869868012,True,True,False,True,1020010.0,brine,brine,False,1164.2715769369697,1257.4133030919274,mgLi_per_L,True,0.55,0.005577675843631942,0.0030677217139975684,31.75671869868012,32119.502322587057,5758581.750364364,17665.726277422884,False,1020010.0,construction,0.708093288222598,3.54046644111299,2.4783265087790927,1.0621399323338974,0.919055057112879,105849073.58940607,74094351.51258424,31754722.076821834,1154.1028721602602,
Laguna Verde,Chile,Prefeas/Scoping,714746.0,tonnes,Brine,2026.0,2027.0,2056.0,07/17/2023,-26.9,-68.42526,False,2023,pre-construction,5.109788944175697,1.0,29.0,False,False,False,True,714746.0,brine,brine,False,582.4372346110229,535.8422558421411,mgLi_per_L,True,0.55,0.0023769069398730976,0.0013072988169302037,29.0,24646.41379310345,10369111.798049323,13555.527586206897,False,714746.0,pre_construction,0.8218236938019979,4.10911846900999,2.8763829283069926,1.232735540702997,1.0903937983900431,226128303.98812023,158289812.79168415,67838491.19643608,3143.2128720647147,
Corvette,Canada,Target Outline,,,Project,,,,,53.55369,-73.92993,False,2024,pre-construction,6.713177253748073,3.4656163171541956,11.695591806553109,True,True,True,True,82464.64270312047,,hard_rock,True,1.0031018500314608,0.922853702028944,pct_Li2O,True,0.65,0.022822172051175784,0.01483441183326426,11.695591806553109,7050.916624579446,308950.28785028314,4583.09580597664,False,82464.64270312047,pre-construction,0.6895746489847739,86.19683112309674,60.33778178616772,25.859049336929026,0.6823838582527467,42164537.886314586,29515176.52042021,12649361.365894377,5810.59984662226,6597.2220606859455
Liberty,Canada,Target Outline,,,Project,,,,,53.31122,-72.41821,False,2024,pre-construction,4.581140820560018,4.0410239371951695,45.41332742727279,True,True,True,True,126638.27595969616,,hard_rock,True,1.2154002151666763,1.1181681979533422,pct_Li2O,True,0.65,0.02765229953538615,0.017973994698000997,45.41332742727279,2788.5707375770057,100844.08112274793,1812.5709794250538,False,126638.27595969616,pre-construction,1.159255426780025,144.90692834750314,101.4348498432522,43.472078504250945,0.8202723019244996,16543921.311603483,11580744.918122437,4963176.393481046,8062.032440880778,8263.015804246657
Cachoeira,Brazil,Operating,,,Underground,,2016.0,,,-16.78501,-41.90859,False,2024,operation,5.403149521421708,3.6034552365851322,21.225215265870723,True,True,True,True,179584.3867465347,hard_rock,hard_rock,False,1.0879717393001411,1.251167500195162,pct_Li2O,True,0.65,0.030941372279826358,0.020111891981887134,21.225215265870723,8460.898252245246,273449.35369145585,5499.58386395941,False,179584.3867465347,operation,0.8116894068344308,101.46117585430385,71.0228230980127,30.438352756291152,0.9986234275051618,54614586.166486576,38230210.3165406,16384375.849945977,5044.834963596675,
Carachi Pampa,Argentina,Exploration,,,Brine,,,,,-26.57331,-67.38203,False,2024,pre-construction,3.2855596811731886,4.210012152131335,32.38359599532119,True,True,True,True,514181.1882993745,brine,brine,False,1502.7217265474985,1382.5039884236987,mgLi_per_L,True,0.55,0.0061325572753161235,0.0033729065014238683,32.38359599532119,15877.82865045821,2589104.0128344717,8732.805757752016,False,514181.1882993745,pre-construction,0.7914273947497785,3.9571369737488924,2.7699958816242245,1.187141092124668,0.8364026764229556,43310670.51744333,30317469.36221033,12993201.155233,1173.2127682989112,1326.3624273296684
Barraute,Canada,Target Outline,,,Project,,,,,48.3151,-77.97344,False,2024,pre-construction,4.9170096448639535,2.8216629843790844,40.615073915714454,True,True,True,True,270382.98403353756,,brine,True,1826.3986881048916,1680.2867930565003,mgLi_per_L,True,0.55,0.007453472166199793,0.004099409691409886,40.615073915714454,6657.2077301802765,893168.657739082,3661.4642515991522,False,270382.98403353756,pre-construction,1.1845535015024122,5.922767507512061,4.145937255258443,1.7768302522536183,1.00784688908204,18003545.0625583,12602481.54379081,5401063.518767491,1444.7854577508886,1565.84972668987
Rome,Canada,Grassroots,,,Project,,,,,48.39338,-77.82045,False,2024,pre-construction,5.499067707464756,1.5227694456653307,33.758088185071905,True,True,True,True,308947.22455556854,,hard_rock,True,1.503046130331863,1.382802439905314,pct_Li2O,True,0.65,0.034196704338858415,0.02222785782025797,33.758088185071905,9151.798610804846,267622.23985442566,5948.66909702315,False,308947.22455556854,pre-construction,0.929325220479706,116.16565255996325,81.31595679197427,34.849695767988976,0.9903158220326442,53006107.6911306,37104275.38379142,15901832.307339184,5226.129008891378,5490.083016258379
La Corne,Canada,Target Outline,,,Project,,,,,48.39935,-77.97962,False,2024,pre-construction,4.217742712522864,2.203340068333857,26.081148264376274,True,True,True,True,114373.11833584108,,hard_rock,True,1.0490287015896897,0.9651064054625146,pct_Li2O,True,0.65,0.023867081407087983,0.01551360291460719,26.081148264376274,4385.279251376407,183737.5578764347,2850.4315133946648,False,114373.11833584108,pre-construction,0.9759018772292449,121.98773465365562,85.39141425755894,36.59632039609669,1.0389545879805953,38178995.7480144,26725297.023610078,11453698.72440432,7863.275560495058,8376.830820595022
Kamativi,Zimbabwe,Target Outline,,,Project,,,,,-18.31328,27.04325,False,2024,pre-construction,6.416788885828735,2.517319429483611,26.471090249790702,True,True,True,True,2947220.8310789866,,hard_rock,True,1.4495281182285802,1.3335658687702938,pct_Li2O,True,0.65,0.03297908393468937,0.02143640455754809,26.471090249790702,111337.34210672676,3375998.627712503,72369.2723693724,False,2947220.8310789866,pre-construction,1.175870660054583,146.98383250682286,102.888682754776,44.095149752046865,0.9362995685912335,632189211.7383627,442532448.21685386,189656763.5215088,6856.73906331776,7186.744462653146
Finniss,Australia,Operating,606800.0,tonnes,"Open Pit, Underground",,2023.0,2036.0,04/11/2024,-12.69504,130.79187,False,2024,operation,5.343268254025,1.57821528034686,13.0,True,False,False,True,606800.0,hard_rock,hard_rock,False,0.7054565431662632,0.8112750246412026,pct_Li2O,True,0.65,0.02006283135937694,0.013040840383595011,12.0,50566.666666666664,2520415.2774295676,32868.333333333336,False,606800.0,operation,1.0775800525553496,134.6975065694187,94.28825459859308,40.40925197082561,1.136970058199068,573127340.9329832,401189138.6530882,171938202.27989495,10328.897724939885,
Walabanba Hills,Australia,Target Outline,,,Project,,,,,-21.66242,133.09631,False,2024,pre-construction,6.899240066156098,1.9302023085589435,22.76927374599673,True,True,True,True,2487306.6597907245,,hard_rock,True,1.2069916873945743,1.1104323524030084,pct_Li2O,True,0.65,0.0274609920749264,0.01784964484870216,22.76927374599673,109239.6133288195,3977992.23825428,71005.74866373268,False,2487306.6597907245,pre-construction,1.04942178836023,131.17772354502873,91.8244064815201,39.35331706350863,0.7614534553032385,605811186.997637,424067830.8983459,181743356.09929115,7349.038294986951,7723.747704901051
Bynoe,Australia,Target Outline,,,Project,,,,,-12.67058,130.78904,False,2024,pre-construction,6.519383730916866,3.0379176798776344,35.40556170661115,True,True,True,True,2975391.575600304,,hard_rock,True,1.2320928630716719,1.1335254340259382,pct_Li2O,True,0.65,0.02803208398346145,0.018220854589249942,35.40556170661115,84037.40633338745,2997900.77623085,54624.31411670185,False,2975391.575600304,pre-construction,1.1048950583209056,138.11188229011321,96.67831760307925,41.433564687033964,0.9234661989083195,553692006.9060407,387584404.83422846,166107602.0718122,7579.87950639798,7866.172532083737
Shoobridge,Australia,Target Outline,,,Project,,,,,-13.55089,131.29355,False,2024,pre-construction,5.538266727740128,2.421237160031749,30.440352715483176,True,True,True,True,493699.7457980647,,hard_rock,True,1.184107793713044,1.0893791702160005,pct_Li2O,True,0.65,0.026940346879441694,0.017511225471637103,30.440352715483176,16218.594784775583,602018.7808773936,10542.08661010413,False,493699.7457980647,pre-construction,0.7477342534312672,93.4667816789084,65.42674717523587,28.04003450367253,1.358554535804815,163575069.08013362,114502548.35609353,49072520.72404009,5337.535161676512,5847.265933411419
Trelavour,United Kingdom,Feasibility Started,122400.0,tonnes,Open Pit,,,,11/30/2021,50.37828,-4.87322,False,2021,pre-construction,7.845056311055199,2.5113838291997204,29.905921412541247,True,True,False,True,122400.0,hard_rock,hard_rock,False,1.2659502984444195,1.164674274568866,pct_Li2O,True,0.65,0.028802394810088054,0.018721556626557237,29.905921412541247,4092.8349376545457,142100.50812236723,2660.3427094754547,False,122400.0,pre-construction,1.216337826819804,152.0422283524755,106.42955984673284,45.61266850574265,0.9203360163725789,26156043.113971747,18309230.179780222,7846812.934191525,8121.238601324306,8449.99731316407
Blackwater,United Kingdom,Target Outline,,,Project,,,,,50.26898,-5.17681,False,2024,pre-construction,6.4117872293446485,3.561860998731044,30.447928890218563,True,True,True,True,1250162.9139790514,,brine,True,1643.6001286056537,1512.1121183172015,mgLi_per_L,True,0.55,0.00670747733816872,0.0036891125359927966,30.447928890218563,41059.0460351695,6121384.235101935,22582.475319343226,False,1250162.9139790514,pre-construction,1.2230525225984437,6.115262612992218,4.280683829094553,1.8345787838976655,1.360962653851823,166619506.67702082,116633654.67391457,49985852.00310625,1657.6514143520178,1899.9754780457354
Cross Lanes Farm,United Kingdom,Target Outline,,,Project,,,,,50.24332,-5.13896,False,2024,pre-construction,7.423103091646945,3.92177788675467,22.06167760997422,True,True,True,True,116751.6134333482,,brine,True,562.2127099097784,517.2356931169961,mgLi_per_L,True,0.55,0.002294371328718142,0.0012619042307949783,22.06167760997422,5292.055096506537,2306538.1920820945,2910.6303030785953,False,116751.6134333482,pre-construction,1.3224584345919377,6.612292172959688,4.628604521071781,1.983687651887907,1.0732509618585981,49509886.664313994,34656920.665019795,14852965.999294199,5239.931851875999,6010.953108937154
Maricunga,Chile,Preproduction - Construction Planned,1167000.0,tonnes,Brine,,2025.0,2045.0,12/21/2021,-26.877736,-69.071664,False,2021,pre-construction,5.2002932733242915,3.949437515362488,20.0,True,False,False,True,1167000.0,brine,brine,False,986.3654810461379,907.456242562447,mgLi_per_L,True,0.55,0.004025324649299921,0.002213928557114957,20.0,58350.0,14495725.21067292,32092.500000000004,False,1167000.0,pre_construction,0.731756893739116,3.65878446869558,2.561149128086906,1.097635340608674,0.9539871529507749,276574712.4737326,193602298.7316128,82972413.74211979,1652.6208386161575,
Maricunga,Chile,Preproduction - Construction Planned,,,Brine,,2025.0,2045.0,,-26.877736,-69.071664,False,2024,pre-construction,6.003554721805383,2.721909631548777,20.0,True,False,True,True,98032.86278019597,brine,brine,False,1444.671658378527,1329.0979257082447,mgLi_per_L,True,0.55,0.0058956568821208226,0.003242611285166453,20.0,4901.643139009799,831398.9835254031,2695.9037264553895,False,98032.86278019597,pre_construction,0.8822634270982043,4.4113171354910214,3.0879219948437147,1.3233951406473068,1.0189408256490347,16942927.334342845,11860049.13403999,5082878.200302854,1360.4211999356487,
Uyuni Salt Flant,Bolivia,Construction Started,39000000.0,tonnes,Brine,,,,12/15/2009,-20.54285,-67.37803,False,2009,construction,4.65775643313683,3.475874213346195,18.65171356688007,True,True,False,True,39000000.0,brine,brine,False,1028.5030617876312,1110.7833067306417,mgLi_per_L,True,0.55,0.0049272496181060055,0.002709987289958303,18.65171356688007,2090960.6969974316,424366707.40484625,1150028.3833485874,False,39000000.0,construction,0.9213094484937051,4.606547242468525,3.2245830697279674,1.3819641727405578,1.3788057590314626,11702385202.220432,8191669641.554302,3510715560.66613,1699.8409031429085,
Ceara,Brazil,Exploration,,,Project,,,,,-5.54053,-38.98141,False,2024,pre-construction,9.632497148517153,3.913002789011336,30.06163921796114,True,True,True,True,220926.1984116639,,brine,True,420.5994893202235,386.95153017460564,mgLi_per_L,True,0.55,0.001716452495932855,0.0009440488727630703,30.06163921796114,7349.106840443536,4281567.27777628,4042.0087622439455,False,220926.1984116639,pre-construction,1.2952042561837482,6.476021280918741,4.533214896643118,1.942806384275623,0.9396571267677687,80464104.12596312,56324872.88817418,24139231.237788938,6859.836887432034,7522.041606428325
Balingup,Australia,Target Outline,,,Project,,,,,-34.1346,116.06996,False,2024,pre-construction,4.845268679701842,2.098935994719062,18.226591322647835,True,True,True,True,1567475.824631717,,hard_rock,True,1.5836560339355665,1.4569635512207213,pct_Li2O,True,0.65,0.03603070862168844,0.023419960604097487,18.226591322647835,85999.39488872048,2386836.0678577865,55899.60667766831,False,1567475.824631717,pre-construction,1.0916985950238238,136.46232437797798,95.52362706458457,40.938697313393405,0.8008080878491435,382279525.5021125,267595667.85147873,114683857.65063378,5826.752943132745,6201.956399342034
Rose,Canada,Construction Planned,299000.0,tonnes,"Open Pit, Underground",,2025.0,2042.0,08/01/2023,52.02036,-76.15678,False,2023,pre-construction,4.896350321322365,2.266660704283904,17.0,True,False,False,True,299000.0,hard_rock,hard_rock,False,1.2690412155185116,1.1675179182770308,pct_Li2O,True,0.65,0.028872718118990972,0.01876726677734413,17.0,17588.235294117647,609164.5137680689,11432.35294117647,False,299000.0,pre_construction,1.3089713762354434,163.62142202943042,114.53499542060129,49.08642660882913,1.1065591139186677,134815308.91717806,94370716.24202465,40444592.67515342,8718.447069072115,
Valiquette,Canada,Exploration,,,Project,,,,,51.61415,-75.98299,False,2024,pre-construction,4.012255409209318,3.3218111979757854,27.430686233676912,True,True,True,True,438696.17900000105,,brine,True,635.2875736036037,584.4645677153154,mgLi_per_L,True,0.55,0.002592587411623854,0.0014259230763931196,27.430686233676912,15992.898437276775,6168701.724606348,8796.094140502228,False,438696.17900000105,pre-construction,1.073534339434485,5.367671697172424,3.7573701880206967,1.6103015091517277,1.1560251649666475,142623488.57636195,99836442.00345336,42787046.572908595,3764.348712800118,4355.453550700251
Lemare,Canada,Target Outline,,,Project,,,,,51.75391,-75.4376,False,2024,pre-construction,4.8998009542987155,2.4575331486327725,16.932293656250803,True,True,True,True,78258.13012694797,,brine,True,1089.2750692048794,1002.1330636684891,mgLi_per_L,True,0.55,0.00444529524825614,0.002444912386540877,16.932293656250803,4621.8268898294145,1039712.0172484667,2542.004789406178,False,78258.13012694797,pre-construction,0.9113246759320761,4.556623379660381,3.1896363657622664,1.3669870138981142,1.188247056221378,24708694.876269627,17296086.413388737,7412608.462880891,1863.716427935974,2437.7769083251665
Bourier,Canada,Exploration,,,Project,,,,,51.86,-75.22,False,2024,pre-construction,7.120676926609635,2.2415382517025435,13.07366310601208,True,True,True,True,668176.7174134193,,hard_rock,True,1.5474553683312045,1.423658938864708,pct_Li2O,True,0.65,0.035207085558124226,0.02288460561278075,13.07366310601208,51108.607587276,1451656.868981659,33220.5949317294,False,668176.7174134193,pre-construction,0.8257141594183531,103.21426992729414,72.2499889491059,30.964280978188242,0.7374153554867138,214094813.21696797,149866369.25187758,64228443.965090394,4510.205317659062,5003.153705614665
Duval,Canada,Exploration,,,Project,,,,,51.62626,-75.94386,False,2024,pre-construction,6.748273531477139,2.7146900065552915,28.12415605578275,True,True,True,True,1184614.6596429225,,hard_rock,True,1.4497517416281376,1.3337716022978867,pct_Li2O,True,0.65,0.03298417172482673,0.021439711621137378,28.12415605578275,42120.896260613226,1277003.3036454697,27378.582569398597,False,1184614.6596429225,pre-construction,0.9211809312618395,115.14761640772994,80.60333148541095,34.544284922318994,1.0841612967099554,276895511.51663387,193826858.0616437,83068653.45499018,5370.763303280912,5730.368083766561
Amiral,Canada,Exploration,,,Project,,,,,51.995,-75.1,False,2024,pre-construction,4.342171737312469,1.3575835250369592,14.10606939740599,True,True,True,True,754968.117532672,,hard_rock,True,1.0058600186655247,0.9253912171722827,pct_Li2O,True,0.65,0.022884924800670548,0.014875201120435857,14.10606939740599,53520.79989564673,2338692.4082913534,34788.51993217038,False,754968.117532672,pre-construction,1.2381065416503543,154.7633177062943,108.334322394406,46.428995311888286,1.0146175343264332,474575664.96970415,332202965.4787929,142372699.49091125,10404.115981576697,11371.198419483888
Mavis Lake,Canada,Prefeas/Scoping,86000.0,tonnes,Project,,,,05/05/2023,49.8146,-92.66102,False,2023,pre-construction,5.32756461253698,2.8725795608428104,14.580084182767493,True,True,False,True,86000.0,,brine,True,749.9296069859024,689.9352384270303,mgLi_per_L,True,0.55,0.003060437728455902,0.0016832407506507463,14.580084182767493,5898.45702685621,1927324.6346470146,3244.1513647709157,False,86000.0,pre-construction,0.8832366014781561,4.416183007390781,3.091328105173546,1.3248549022172345,0.9523548911209383,36709940.8516792,25696958.596175436,11012982.255503763,2623.6193519456265,3399.728038027639
Gullwing-Tot,Canada,Target Outline,,,Project,,,,,49.91595,-92.54348,False,2024,pre-construction,5.498028077787602,1.6149467763007648,23.446872052941867,True,True,True,True,178932.45343023902,,brine,True,543.0526829370583,499.6084683020937,mgLi_per_L,True,0.55,0.0022161798973100374,0.0012188989435205208,23.446872052941867,7631.399746039407,3443492.902043861,4197.269860321674,False,178932.45343023902,pre-construction,0.7684257054587451,3.842128527293726,2.689489969105608,1.152638558188118,0.9102730091977911,62690372.921894,43883261.04532579,18807111.876568206,3152.1304926203193,3789.1445950735906
North Dam,Australia,Target Outline,,,Project,,,,,-31.27851,121.42836,False,2024,pre-construction,6.575740754946937,2.3991718933697816,24.26960602369611,True,True,True,True,636596.029054462,,hard_rock,True,1.1006021941204844,1.0125540185908457,pct_Li2O,True,0.65,0.025040460879751616,0.01627629957183855,24.26960602369611,26230.175653980903,1047511.6963678302,17049.614175087587,False,636596.029054462,pre-construction,1.0471297000336,130.89121250419998,91.62384875293998,39.26736375126001,1.099049960706957,230253537.74662834,161177476.42263982,69076061.32398853,8041.828667903701,8598.28236184841
East Yilgarn,Australia,Target Outline,,,Project,,,,,-31.34558,121.4251,False,2024,pre-construction,5.6362302657600285,2.31921855918218,35.673630392426844,True,True,True,True,273840.5126135262,,hard_rock,True,0.9639678766728059,0.8868504465389815,pct_Li2O,True,0.65,0.02193181154290901,0.014255677502890855,35.673630392426844,7676.272630543927,350006.31915541965,4989.577209853553,False,273840.5126135262,pre-construction,1.2333437873481128,154.1679734185141,107.91758139295986,46.250392025554234,0.9870581148877874,69095315.51687235,48366720.86181064,20728594.655061707,10814.496426932425,11202.680353394013
Pontax,Canada,Reserves Development,105280.0,tonnes,Project,,,,08/14/2023,51.92481,-76.99303,False,2023,pre-construction,6.195810393644081,2.623441366673786,17.194307785341177,True,True,False,True,105280.0,,hard_rock,True,1.502269005266771,1.3820874848454294,pct_Li2O,True,0.65,0.034179023500227466,0.022216365275147854,17.194307785341177,6122.956580418744,179143.69555871,3979.9217772721836,False,105280.0,pre-construction,1.447026284746995,180.8782855933744,126.61479991536206,54.26348567801233,0.9912228411895947,35514264.57858166,24859985.205007162,10654279.373574499,8141.668691219816,8660.640291912207
Auclair,Canada,Target Outline,,,Project,,,,,52.01277,-75.19598,False,2024,pre-construction,7.631236847279363,2.0015586112963595,37.43015039149216,True,True,True,True,323555.08069953247,,brine,True,953.6414074115457,877.3500948186221,mgLi_per_L,True,0.55,0.003891778795599605,0.002140478337579783,37.43015039149216,8644.236726686415,2221153.1489046514,4754.330199677529,False,323555.08069953247,pre-construction,1.2113417500410988,6.056708750205494,4.239696125143845,1.8170126250616487,1.4933790067626664,66340469.66757995,46438328.76730596,19902140.900273986,2829.6052540544524,3202.3981507027
Shaakichiuwaanaan,Canada,Reserves Development,1970000.0,tonnes,Project,,2028.0,,08/05/2024,53.52101,-73.93774,False,2024,pre-construction,6.90590503716078,2.941538392974925,23.2792692287426,True,True,False,True,1970000.0,,hard_rock,True,0.8844247490514674,0.81367076912735,pct_Li2O,True,0.65,0.020122078120519363,0.013079350778337587,23.2792692287426,84624.6495387264,4205562.1209635865,55006.02220017216,False,1970000.0,pre_construction,1.1613883895671602,145.17354869589502,101.6214840871265,43.55206460876852,1.0118905685772015,851113729.153717,595779610.4076018,255334118.7461152,11099.44607773161,
Corvette,Canada,Target Outline,,,Project,,,,,53.55369,-73.92993,False,2024,pre-construction,5.2856871362625455,3.419763671660903,36.717542808846716,True,True,True,True,487456.7635811577,,hard_rock,True,1.5990121361973915,1.4710911653016001,pct_Li2O,True,0.65,0.03638008451790857,0.02364705493664057,36.717542808846716,13275.85470843953,364920.941893478,8629.305560485695,False,487456.7635811577,pre-construction,0.7678755573060363,95.98444466325454,67.18911126427817,28.795333398976368,0.7930798964584578,57882292.56248048,40517604.79373633,17364687.76874415,4059.044346978229,4241.726561111726
Salinas Grandes/Guayatayoc,Argentina,Target Outline,,,Brine,,,,,-23.09376,-65.96333,False,2024,pre-construction,5.606125949353685,2.64664245907651,17.780640815228907,True,True,True,True,2106204.811735571,brine,brine,False,1392.1011114044495,1280.7330224920936,mgLi_per_L,True,0.55,0.0056811182322711795,0.0031246150277491488,17.780640815228907,118454.94398220067,20850638.75441387,65150.21919021037,False,2106204.811735571,pre-construction,0.9487023104750437,4.743511552375218,3.3204580866626525,1.4230534657125657,0.8315801896527468,346779562.595528,242745693.8168696,104033868.77865842,1518.110714519689,1817.4682566329257
Beechworth,Australia,Target Outline,,,Placer,,,,12/31/15,-36.46872,147.20498,False,2024,pre-construction,5.295691861617718,4.236813096473738,14.384959145846734,True,True,True,True,13539143.255036678,hard_rock,hard_rock,False,1.2939785785410267,1.1904602922577445,pct_Li2O,True,0.65,0.02944008302753402,0.019136053967897113,14.384959145846734,941201.369970226,31970065.067070685,611780.8904806469,False,13539143.255036678,pre-construction,0.9485989112241275,118.57486390301594,83.00240473211115,35.57245917090479,0.8584820906551265,5489145659.431853,3842401961.602297,1646743697.8295565,6196.411449400102,6820.1465940081225
Sal de los Angeles,Argentina,Preproduction,828563.0,tonnes,Brine,,,2035.0,6/30/18,-25.24472,-66.74833,False,2018,construction,4.239469764090175,3.940818727085343,23.98060694484541,True,True,False,True,828563.0,brine,brine,False,1102.5878248094864,1190.7948507942453,mgLi_per_L,True,0.55,0.005282167492314808,0.0029051921207731445,17.0,48739.0,9227083.402961362,26806.45,False,828563.0,construction,1.0246550829496355,5.123275414748178,3.586292790323724,1.5369826244244535,0.7238084773629158,133572823.76796189,93500976.63757332,40071847.13038857,1763.4893672315018,
Yinnetharra,Australia,Prefeas/Scoping,246000.0,tonnes,Project,,,,12/27/2023,-24.5152,116.2784,False,2023,pre-construction,4.6868259000927015,2.5646472712606805,19.287690620675303,True,True,False,True,246000.0,,hard_rock,True,1.2015874452095945,1.105460449592827,pct_Li2O,True,0.65,0.027338036918430612,0.0177697239969799,19.287690620675303,12754.248543177173,466538.56607306655,8290.261553065162,False,246000.0,pre-construction,0.8729403592903207,109.11754491129008,76.38228143790305,32.735263473387036,1.2427630529105038,115959378.5346906,81171564.97428341,34787813.56040719,6140.643767445991,6865.843132891211
Malinda,Australia,Target Outline,,,Project,,,,,-24.50563,116.2722,False,2024,pre-construction,4.993311527387988,1.5578559206256974,24.978075374995363,True,True,True,True,8524129.950649451,,hard_rock,True,1.3002931754377123,1.1962697214026954,pct_Li2O,True,0.65,0.029583750210288653,0.019229437636687625,24.978075374995363,341264.4818576633,11535538.2408204,221821.91320748115,False,8524129.950649451,pre-construction,1.1306758702929072,141.3344837866134,98.93413865062936,42.400345135984026,1.4509317023284776,3347455627.405759,2343218939.184031,1004236688.2217278,7349.902085381995,7954.061309172104
Morrissey Hill,Australia,Target Outline,,,Project,,,,,-24.53712,116.17944,False,2024,pre-construction,5.100478221915997,3.6382120598836947,35.311084964807634,True,True,True,True,1696471.2978294124,,hard_rock,True,1.2804814384043839,1.1780429233320333,pct_Li2O,True,0.65,0.029133001494001182,0.01893645097110077,35.311084964807634,48043.59026408223,1649112.2713179744,31228.33367165345,False,1696471.2978294124,pre-construction,1.2115242094457508,151.44052618071885,106.00836832650319,45.43215785421566,0.8809922014880169,290571010.0818652,203399707.05730563,87171303.02455956,7997.302472983704,8260.809626788685
Kindersley,Canada,Prefeas/Scoping,4164337.0,tonnes,Project,,2026.0,2046.0,06/30/2023,51.71135,-109.17517,False,2023,pre-construction,5.09660067490907,2.385676189894565,20.0,True,False,False,True,4164337.0,,hard_rock,True,1.347259007700051,1.239478287084047,pct_Li2O,True,0.65,0.030652298039588483,0.019923993725732513,20.0,208216.85,6792862.634021139,135340.9525,False,4164337.0,pre_construction,1.0202573861241544,127.5321732655193,89.2725212858635,38.2596519796558,1.1988535502042026,1628729496.9691427,1140110647.8783998,488618849.0907428,6400.934221375867,
Pioneer Dome,Australia,Feasibility Started,129000.0,tonnes,"Open Pit, Underground",,2026.0,,12/20/22,-31.87135,121.64874,False,2022,pre-construction,6.150907908201379,2.6301191136325017,15.892871158754984,True,True,False,True,129000.0,hard_rock,hard_rock,False,1.2842064421947352,1.1814699268191564,pct_Li2O,True,0.65,0.029217751290237737,0.01899153833865453,15.892871158754984,8116.846774343674,277805.3209404819,5275.950403323388,False,129000.0,pre_construction,0.9606066273740675,120.07582842175844,84.05307989523091,36.022748526527536,0.8599232515208525,47778250.974586636,33444775.682210643,14333475.292375993,6322.596215250318,
Le Caron-Shadow,Canada,Grassroots,,,Project,,,,,52.31519,-75.72066,False,2024,pre-construction,9.004585084847236,3.1655196405452255,20.142133980889845,True,True,True,True,284653.94592760946,,hard_rock,True,1.1070112128226026,1.0184503157967943,pct_Li2O,True,0.65,0.025186276309654722,0.01637107960127557,20.142133980889845,14132.26355249544,561109.6844466081,9185.971309122036,False,284653.94592760946,pre-construction,1.0323837753355116,129.04797191693896,90.33358034185727,38.71439157508169,0.8711141995452694,97758122.72476113,68430685.9073328,29327436.817428336,7882.679399279449,8411.03010031802
Youanmi,Australia,Reserves Development,,,Project,,,,05/21/2019,-28.62078,118.72503,False,2024,pre-construction,7.191663254225131,4.905329070445588,21.11805135374591,True,True,True,True,333687.4140000469,,hard_rock,True,1.663027054343707,1.5299848899962105,pct_Li2O,True,0.65,0.03783652632960628,0.024593742114244085,21.11805135374591,15801.051356987899,417613.68946345133,10270.683382042134,False,333687.4140000469,pre-construction,1.062192639691129,132.77407996139112,92.94185597297378,39.83222398841734,0.7036471027417698,58770532.531251736,41139372.771876216,17631159.75937552,5398.693673562255,5669.654459317934
Phoenix,Canada,Target Outline,,,Project,,,,,64.28919,-108.83968,False,2024,pre-construction,7.296241169417691,2.5483605952412813,18.351468582699823,True,True,True,True,359553.2215880927,,hard_rock,True,1.3448915924237599,1.2373002650298592,pct_Li2O,True,0.65,0.030598435554188418,0.019888983110222472,18.351468582699823,19592.61298177784,640314.2064920353,12735.198438155596,False,359553.2215880927,pre-construction,1.1301210415295566,141.26513019119457,98.8855911338362,42.37953905735837,0.987422151145424,126452086.23666814,88516460.36566769,37935625.871000454,7102.682394988188,7643.747415276629
Torp Lake,Canada,Exploration,,,Project,,,,,67.3,-109.51667,False,2024,pre-construction,7.097311163573556,2.936022733180568,24.71036009841061,True,True,True,True,4215031.713699067,,brine,True,638.1243619549084,587.0744129985158,mgLi_per_L,True,0.55,0.002604164250325916,0.001432290337679254,24.71036009841061,170577.510684281,65501824.88025972,93817.63087635457,False,4215031.713699067,pre-construction,0.8813224070684718,4.406612035342359,3.0846284247396514,1.3219836106027079,1.2790706149395576,1675629188.5851405,1172940432.0095983,502688756.5755422,3076.619257574837,3799.4129947604088
WRL,Canada,Exploration,,,Project,,,,,51.63458,-75.56755,False,2024,pre-construction,6.244280437563459,3.2736185424144146,14.6297348823262,True,True,True,True,4702.822517227105,,hard_rock,True,1.928542584763492,1.7742591779824128,pct_Li2O,True,0.65,0.04387742947150507,0.028520329156478293,14.6297348823262,321.45644162755553,7326.236871654392,208.9466870579111,False,4702.822517227105,pre-construction,1.24627813802094,155.7847672526175,109.04933707683226,46.735430175785254,1.2868046483772078,1885487.132311473,1319840.9926180309,565646.139693442,5462.235950991174,6079.04626515878
Purickuta,Chile,Exploration,,,Project,,,,,-23.28167,-68.13667,False,2024,pre-construction,8.302716582589092,3.40845327849134,18.883216976207393,True,True,True,True,894151.5059102499,,brine,True,572.4526477392496,526.6564359201097,mgLi_per_L,True,0.55,0.0023361601736689537,0.0012848880955179246,18.883216976207393,47351.651312213864,20269008.883003004,26043.408221717626,False,894151.5059102499,pre-construction,1.0080643356889811,5.040321678444906,3.528225174911434,1.512096503533472,1.1106868816996267,450250445.4280928,315175311.7996649,135075133.62842786,3922.770937038845,4838.317316030007
Forrestania,Australia,Reserves Development,,,Open Pit,,,,12/31/16,-32.18842,119.79387,False,2024,pre-construction,6.704101858468292,2.302815976106527,15.104053016460625,True,True,True,True,17987.67413053586,hard_rock,hard_rock,False,0.9311734190282877,0.8566795455060247,pct_Li2O,True,0.65,0.02118568516036399,0.013770695354236593,15.104053016460625,1190.91704133537,56213.28894113089,774.0960768679905,False,17987.67413053586,pre-construction,0.9767984939729819,122.09981174662273,85.46986822263591,36.629943523986825,0.9470006122176738,10646803.80840399,7452762.665882792,3194041.142521197,8866.640979684325,9777.24776786097
Alberta,Canada,Prefeas/Scoping,6936846.0,tonnes,Brine,,2027.0,2076.0,06/20/2024,51.77696,-113.93655,False,2024,pre-construction,5.818191189902446,3.2007151365106368,49.0,True,False,False,True,6936846.0,brine,brine,False,482.0654297586739,443.50019537798,mgLi_per_L,True,0.55,0.00196729294999749,0.0010820111224986194,49.0,141568.2857142857,71960958.18595108,77862.55714285714,False,6936846.0,pre_construction,1.1122606532377612,5.561303266188807,3.8929122863321646,1.668390979856642,1.2719777592377186,1830654766.9193046,1281458336.8435133,549196430.0757914,5139.783825277547,
Estevan,Canada,Reserves Development,1028180.0,tonnes,Brine,,,,05/23/2024,49.19266,-103.12544,False,2024,pre-construction,4.038832671322741,3.090249111337285,41.51386355323761,True,True,False,True,1028180.0,brine,brine,False,648.1638104819654,596.3107056434081,mgLi_per_L,True,0.55,0.0026451349051165515,0.0014548241978141034,41.51386355323761,24767.147935567504,9363283.470971473,13621.931364562128,False,1028180.0,pre-construction,0.902519595178368,4.51259797589184,3.1588185831242876,1.353779392767552,1.4160488849910584,265177342.37848723,185624139.66494104,79553202.71354619,3101.816688691383,3570.7429686290793
Mansur,Canada,Reserves Development,316000.0,tonnes,Project,,,,05/02/2023,49.70719,-103.66973,False,2023,pre-construction,5.768655408501139,3.3473170002873727,17.826446181155234,True,True,False,True,316000.0,,hard_rock,True,1.7437900107680484,1.6042868099066045,pct_Li2O,True,0.65,0.03967401280899033,0.025788108325843714,17.826446181155234,17726.472051061486,446803.10349258594,11522.206833189966,False,316000.0,pre-construction,1.143525990724804,142.94074884060052,100.05852418842036,42.882224652180156,0.8572328133775117,76602856.2865506,53621999.40058541,22980856.885965183,5542.893919727782,5915.838692301057
Viewfield,Canada,Prefeas/Scoping,279684.0,tonnes,Brine,,2027.0,2050.0,10/31/2023,49.65969,-103.09729,False,2023,pre-construction,4.726161618958283,1.959153689596194,23.0,True,False,False,True,279684.0,brine,brine,False,985.2259488653687,906.4078729561392,mgLi_per_L,True,0.55,0.004020674256454608,0.0022113708410500346,23.0,12160.173913043478,3024411.6129333503,6688.095652173914,False,279684.0,pre_construction,1.3837622654361315,6.9188113271806575,4.8431679290264595,2.075643398154198,1.0544145599273065,63779672.797803074,44645770.95846215,19133901.839340925,3128.7431301641695,
Salar de llamara,Chile,Exploration,,,Project,,,,,-21.04689,-69.59468,False,2024,pre-construction,4.362992357152094,2.0051647265473536,21.34545993327666,True,True,True,True,567732.0769123518,,brine,True,1525.9301068748684,1403.855698324879,mgLi_per_L,True,0.55,0.0062272699018194435,0.003424998446000694,21.34545993327666,26597.322273074176,4271104.784667057,14628.527250190798,False,567732.0769123518,pre-construction,1.0700829661541147,5.350414830770573,3.7452903815394007,1.6051244492311723,0.9893377030953566,84511299.94684188,59157909.96278931,25353389.98405257,1562.1656228831728,1832.8160145783736
Cuenca Centenario-Ratones,Argentina,Operating,6108480.0,tonnes,Brine ,2022.0,2024.0,2044.0,01/01/2024,-25.09077,-66.81628,False,2024,operation,5.842148666501898,2.0,20.0,False,False,False,True,6108480.0,brine,brine,False,642.4433986465874,738.8099084435754,mgLi_per_L,True,0.55,0.00327723761887096,0.001802480690379028,20.0,305424.0,93195561.48181331,167983.2,False,6108480.0,operation,1.0335857619780362,5.167928809890181,3.617550166923127,1.5503786429670545,0.8788026768143068,1638010177.948597,1146607124.5640178,491403053.3845792,2867.12020687637,
Ageli,France,Feasibility Started,,,,,2030.0,,,48.899494,7.951984,False,2024,pre-construction,7.257370830916722,3.8043464198870094,36.25780659668877,True,True,True,True,5696408.510424291,,hard_rock,True,1.3526061667886164,1.244397673445527,pct_Li2O,True,0.65,0.030773954464307886,0.020003070401800126,36.25780659668877,157108.46973695623,5105241.509315063,102120.50532902156,False,5696408.510424291,pre_construction,0.9326664318024379,116.58330397530474,81.60831278271331,34.97499119259143,0.789941774292561,806568707.2120746,564598095.0484523,241970612.16362238,5828.270442162376,
Weinebene,Austria,Target Outline,,,Project,,,,,46.85314,14.98038,False,2024,pre-construction,5.032629015081839,3.8254611631640265,28.229621623071683,True,True,True,True,117578.05841188479,,hard_rock,True,1.4003225443452543,1.288296740797634,pct_Li2O,True,0.65,0.03185957839992549,0.020708725959951567,28.229621623071683,4165.059666112912,130731.7885324764,2707.288782973393,False,117578.05841188479,pre-construction,1.2541126673899698,156.76408342374623,109.73485839662236,47.02922502712387,0.8462301391338795,22125835.919811685,15488085.143868178,6637750.7759435065,7569.953058769091,7859.460710355726
Coolgardie,Australia,Target Outline,,,Open Pit,,,,,-31.1352,121.08174,False,2024,pre-construction,7.155182184536385,4.273938890180212,31.645349986772125,True,True,True,True,10865.915594476137,hard_rock,hard_rock,False,1.7434061773112415,1.6039336831263422,pct_Li2O,True,0.65,0.039665279983714434,0.025782431989414382,31.645349986772125,343.36531588426516,8656.571087491184,223.18745532477237,False,10865.915594476137,pre-construction,1.1877415034271064,148.4676879283883,103.92738154987181,44.54030637851649,1.0222204723318746,1769784.8371659375,1238849.3860161563,530935.4511497812,5758.4826749216445,6009.059433010614
Trigg Hill,Australia,Target Outline,,,Project,,,,,-21.5763,119.30082,False,2024,pre-construction,5.92532618614433,4.438913625315418,28.989176952687107,True,True,True,True,5431586.118956391,,hard_rock,True,0.8290624041255054,0.762737411795465,pct_Li2O,True,0.65,0.01886249619370185,0.012260622525906203,28.989176952687107,187365.99965639654,9933255.796704028,121787.89977665775,False,5431586.118956391,pre-construction,0.7978541433736849,99.73176792171061,69.81223754519742,29.919530376513194,1.0522963982245623,2090545859.5029807,1463382101.6520865,627163757.8508942,8134.3151794275855,8726.448734672274
Pocitos 1,Argentina,Reserves Development,308000.0,tonnes,Brine,,,,12/18/2023,-24.47854,-67.02077,False,2023,pre-construction,4.444531871296018,2.774232300686542,40.87318919989169,True,True,False,True,308000.0,brine,brine,False,1201.5708059486624,1105.4451414727694,mgLi_per_L,True,0.55,0.004903570406716293,0.0026969637236939612,40.87318919989169,7535.502025391651,1536737.8053898176,4144.5261139654085,False,308000.0,pre-construction,1.159347014699765,5.796735073498826,4.057714551449178,1.739020522049648,1.02830708005064,31604767.30927664,22123337.116493646,9481430.192782994,2149.355967442969,2335.9248417598324
Fox Creek,Canada,Reserves Development,779000.0,tonnes,Brine,,,,03/19/2012,54.10074,-116.62268,False,2012,pre-construction,8.892692923932458,3.597337321340181,33.705365144612536,True,True,False,True,779000.0,brine,brine,False,1643.699385503648,1512.2034346633563,mgLi_per_L,True,0.55,0.006707882402260871,0.0036893353212434795,33.705365144612536,23112.047493261332,3445505.765794506,12711.626121293733,False,779000.0,pre-construction,0.9054588958038068,4.527294479019034,3.1691061353133234,1.3581883437057103,1.292113492235905,89039689.7511937,62327782.825835586,26711906.925358117,1227.1301155388398,1434.9482734363628
Villasrubias,Spain,Target Outline,,,Project,,,,,40.35101,-6.65524,False,2024,pre-construction,5.423677003979955,3.3067666257849018,23.62415066444561,True,True,True,True,7802997.547479123,,hard_rock,True,0.9984780039527037,0.9185997636364874,pct_Li2O,True,0.65,0.02271697215473033,0.014766031900574716,23.62415066444561,330297.48490482866,14539679.084655266,214693.36518813865,False,7802997.547479123,pre-construction,0.8385501189329001,104.81876486661251,73.37313540662875,31.445629459983763,0.8710382195106481,2532923236.4308662,1773046265.5016062,759876970.92926,7098.641366373644,7598.039829004628
Mt Edon,Australia,Target Outline,,,Project,,,,,-29.32753,117.66063,False,2024,pre-construction,5.033431662424683,3.1235144966429846,20.83048547301552,True,True,True,True,1358080.0191820906,,hard_rock,True,1.306569169282227,1.202043635739649,pct_Li2O,True,0.65,0.02972653911184152,0.019322250422696988,20.83048547301552,65196.75314055407,2193217.074320739,42377.88954136015,False,1358080.0191820906,pre-construction,0.9895351049356389,123.69188811695486,86.58432168186839,37.10756643508647,0.7771280294037843,340882092.60432184,238617464.82302526,102264627.78129658,6401.525982276862,6787.68436853887
Amanecer,Argentina,Target Outline,,,Project,,,,,-24.29732,-67.07665,False,2024,pre-construction,7.685900385069938,3.3983717867658143,17.920471214761793,True,True,True,True,5050975.20030777,,brine,True,736.1995290047871,677.3035666844041,mgLi_per_L,True,0.55,0.0030044057378842363,0.00165242315583633,17.920471214761793,281855.0438644205,93813908.12510848,155020.2741254313,False,5050975.20030777,pre-construction,0.9053960166135288,4.526980083067643,3.16888605814735,1.3580940249202933,0.7896051082653315,1481518821.638403,1037063175.1468819,444455646.491521,2739.600971505651,3272.8981028463404
Lac La Motte,Canada,Target Outline,,,Project,,,,,48.37936,-78.05634,False,2024,pre-construction,4.320016914746443,2.5985830003463013,25.80414409953101,True,True,True,True,141933.47984236738,,hard_rock,True,1.1002075869799155,1.0121909800215223,pct_Li2O,True,0.65,0.025031482935932242,0.01627046390835596,25.80414409953101,5500.414169712648,219739.84457057086,3575.2692103132213,False,141933.47984236738,pre-construction,1.1908705911103816,148.8588238887977,104.20117672215838,44.65764716663932,1.0822979830999886,47564798.11708676,33295358.68196073,14269439.435126029,9149.021486249623,9664.591262803375
Wolfsberg,Austria,Feasibility Complete,129000.0,tonnes,Underground,,,2040.0,07/01/2022,46.83405,14.99393,False,2022,pre-construction,6.946422776083699,3.949966545048684,19.573648602784644,True,True,False,True,129000.0,hard_rock,hard_rock,False,0.7175138560202885,0.6601127475386654,pct_Li2O,True,0.65,0.016324588246631196,0.010610982360310278,18.0,7166.666666666667,439010.5623733332,4658.333333333334,False,129000.0,pre-construction,0.8273006520159617,103.4125815019952,72.38880705139664,31.023774450598566,0.8977009491433097,78820039.70529588,55174027.79370711,23646011.911588766,9745.806560644522,10685.818960230637
Leinster,Ireland,Target Outline,,,Project,,,,,52.9143,-6.42909,False,2024,pre-construction,4.621587615861862,2.8044884664803558,19.6924137183614,True,True,True,True,4375876.516083982,,hard_rock,True,1.0946200579180958,1.0070504532846483,pct_Li2O,True,0.65,0.02490435770972935,0.01618783251132408,19.6924137183614,222211.28291672398,8922586.38053183,144437.3338958706,False,4375876.516083982,pre-construction,0.8237534543243605,102.96918179054506,72.07842725338153,30.89075453716353,0.7189506041040218,1282979773.6907353,898085841.5835147,384893932.10722065,6360.899874551687,6811.967227387702
Cinovec,Czechia,Feasibility Started,2990000.0,tonnes,Underground,,,,9/20/21,50.72511,13.76692,False,2021,pre-construction,5.388840944018563,2.0887743116383737,38.102861560775594,True,True,False,True,2990000.0,hard_rock,hard_rock,False,1.411355107971787,1.298446699334044,pct_Li2O,True,0.65,0.0321105868745309,0.020871881468445087,38.102861560775594,78471.7965402895,2443798.266500412,51006.66775118818,False,2990000.0,pre-construction,0.8670326235012933,108.37907793766166,75.86535455636316,32.513723381298504,1.2032524393423192,588101245.0854304,411670871.5598012,176430373.52562916,5192.587841278867,5495.186886859227
Trident,Australia,Target Outline,,,Project,,,,,-31.44016,141.61428,False,2024,pre-construction,4.801831928474446,1.2963896221376185,31.018303659695636,True,True,True,True,10942523.578131685,,hard_rock,True,1.4036542321852092,1.2913618936103926,pct_Li2O,True,0.65,0.031935379628985,0.020757996758840252,31.018303659695636,352776.3380674524,11046567.85564771,229304.6197438441,False,10942523.578131685,pre-construction,0.9787635656687729,122.34544570859661,85.64181199601762,36.70363371257899,1.3232190547020524,2923405815.130448,2046384070.5913134,877021744.5391345,5893.894633955615,6304.910189533783
Mt Edon,Australia,Target Outline,,,Project,,,,,-29.32753,117.66063,False,2024,pre-construction,7.642666706686036,3.3010340369880904,26.491651511320356,True,True,True,True,1736502.1905656124,,hard_rock,True,0.743009604984983,0.6835688365861844,pct_Li2O,True,0.65,0.01690465732877634,0.010988027263704622,26.491651511320356,65549.03494119926,3877572.5331987017,42606.87271177952,False,1736502.1905656124,pre-construction,1.092339911213274,136.54248890165923,95.57974223116145,40.96274667049778,1.0368377831210354,804082741.8425518,562857919.2897862,241224822.5527656,12426.478896051067,13138.85943826192
Kenny,Australia,Target Outline,,,Project,,,,,-31.9894,122.31906,False,2024,pre-construction,5.379676344442433,2.361269081305898,36.279912780371056,True,True,True,True,930996.5087398301,,hard_rock,True,1.1211879327516068,1.0314928981314784,pct_Li2O,True,0.65,0.02550881937079146,0.01658073259101445,36.279912780371056,25661.486960452065,1005984.8943787424,16679.966524293843,False,930996.5087398301,pre-construction,0.8486398457196379,106.07998071495474,74.25598650046831,31.823994214486433,1.1373546122844118,228832311.9020219,160182618.33141533,68649693.57060659,6397.786113048007,6775.929003288293
Weinebene,Austria,Target Outline,,,Project,,,,,46.85314,14.98038,False,2024,pre-construction,9.05885625480489,4.4071462906125625,26.134891839712083,True,True,True,True,5302721.529938431,,hard_rock,True,1.5999254820306201,1.4719314434681705,pct_Li2O,True,0.65,0.036400864596967855,0.023660561988029107,26.134891839712083,202898.16244354693,5573992.944674399,131883.80558830552,False,5302721.529938431,pre-construction,0.896359499965146,112.04493749564324,78.43145624695026,33.61348124869298,0.756282111732703,843102230.9963083,590171561.6974158,252930669.2988925,4735.514631999509,4980.1211699924625
Falcon Lake,Canada,Target Outline,,,Open Pit,,,,,50.46493,-88.12254,False,2024,pre-construction,6.378419123439149,2.249013874741536,23.04290855979892,True,True,True,True,4077621.6629718733,hard_rock,hard_rock,False,1.3763631663563556,1.2662541130478473,pct_Li2O,True,0.65,0.031314464215673264,0.020354401740187624,23.04290855979892,176957.76782648725,5650991.395149522,115022.54908721671,False,4077621.6629718733,pre-construction,0.7894575653930378,98.68219567412973,69.07753697189081,29.604658702238922,0.7536702312785591,851796798.3470978,596257758.8429683,255539039.5041294,4848.199270789282,5169.576956399917
Augustus,Canada,Target Outline,,,Project,,,,,48.43522,-77.8538,False,2024,pre-construction,6.725370130015001,2.5904198390403956,30.573433990924112,True,True,True,True,155789.9845465747,,hard_rock,True,1.346916638687784,1.2391633075927613,pct_Li2O,True,0.65,0.030644508596768982,0.019918930587899838,30.573433990924112,5095.599813642844,166281.009126056,3312.139878867849,False,155789.9845465747,pre-construction,0.9699091883578562,121.23864854473203,84.86705398131241,36.37159456341962,1.0330439157209754,34355116.95552322,24048581.868866254,10306535.086656969,6086.6042988462905,6425.868894315964
Rome,Canada,Grassroots,,,Project,,,,,48.39338,-77.82045,False,2024,pre-construction,5.907736478992905,4.643704434306878,28.333104563176374,True,True,True,True,6058286.957190473,,brine,True,1245.4823326977098,1145.843746081893,mgLi_per_L,True,0.55,0.005082771883661598,0.002795524536013879,28.333104563176374,213823.6190701189,42068309.175441824,117602.99048856541,False,6058286.957190473,pre-construction,0.8567892864422649,4.283946432211325,2.998762502547927,1.2851839296633978,1.0428267905770199,877399196.8485559,614179437.7939891,263219759.05456686,1532.4302745415275,1795.750793736145
Keliber,Finland,Construction Started,224255.0,tonnes,"Open Pit, Underground",,2025.0,,12/31/23,63.62083,24.1425,False,2023,construction,5.082062115850353,3.0401114731504313,19.13253191544153,True,True,False,True,224255.0,hard_rock,hard_rock,False,1.8286116411409084,1.974900572432181,pct_Li2O,True,0.65,0.048839291156247834,0.031745539251561095,19.13253191544153,11721.13555023043,239993.9735556745,7618.73810764978,False,224255.0,pre_construction,1.3840785537897786,173.00981922372233,121.10687345660563,51.902945767116705,0.9621853462803427,46183736.91017242,32328615.83712069,13855121.073051728,5449.893852888781,
Atex,Cote d'Ivore,Target Outline,,,Project,,,,,9.87931,-6.49208,False,2024,pre-construction,5.400486410155418,4.210187865152734,21.404499615342726,True,True,True,True,2081663.4028986602,,brine,True,1861.2449487952483,1712.3453528916286,mgLi_per_L,True,0.55,0.007595678594535116,0.004177623226994314,21.404499615342726,97253.54202658052,12803799.004417036,53489.448114619285,False,2081663.4028986602,pre-construction,1.3340715190431596,6.670357595215798,4.669250316651058,2.0011072785647395,0.9438338449836341,241693176.89473113,169185223.8263118,72507953.06841934,1596.687214901124,1807.7886538737698
Yalgoo-Dalgaranga,Australia,Target Outline,,,Project,,,,,-28.13512,116.72301,False,2024,pre-construction,8.562187970618746,3.6776919385518942,27.04756039406253,True,True,True,True,752830.0460600837,,hard_rock,True,1.1254412209769606,1.0354059232988038,pct_Li2O,True,0.65,0.025605588483179415,0.01664363251406662,27.04756039406253,27833.565581957057,1087011.3608301259,18091.81762827209,False,752830.0460600837,pre-construction,0.8684421364794573,108.55526705993216,75.98868694195251,32.566580117979655,0.8818707506897291,191720704.9567054,134204493.46969377,57516211.48701163,6522.3302045503,6914.125048879724
Zoro 1,Canada,Reserves Development,9800.0,tonnes,Project,,,,07/06/2018,54.85675,-99.64534,False,2018,pre-construction,4.678345855342487,1.9755642202109094,19.35182077353557,True,True,False,True,9800.0,,brine,True,619.4901818349451,569.9309672881495,mgLi_per_L,True,0.55,0.0025281187823956836,0.0013904653303176261,19.35182077353557,506.4122965319063,200311.90783370644,278.5267630925485,False,9800.0,pre-construction,1.019679662319812,5.098398311599061,3.5688788181193423,1.5295194934797185,1.33448539947799,5346266.326913241,3742386.4288392686,1603879.8980739727,3666.6849582178547,4658.5711042128905
Jean Lake,Canada,Target Outline,,,Project,,,,,54.83166,-99.73455,False,2024,pre-construction,9.357864144208898,2.314483737382637,40.01298378254512,True,True,True,True,5494154.714279067,,brine,True,932.5027751868879,857.9025531719369,mgLi_per_L,True,0.55,0.0038055127421118503,0.0020930320081615178,40.01298378254512,137309.29800530858,36081681.31611864,75520.11390291972,False,5494154.714279067,pre-construction,1.0637606921298506,5.318803460649253,3.7231624224544766,1.5956410381947763,0.8425491801508245,608011820.2271817,425608274.15902716,182403546.0681545,2541.195471406668,2742.404955716167
Forrestania,Australia,Reserves Development,,,Open Pit,,,,12/31/16,-32.18842,119.79387,False,2024,pre-construction,7.091513309319371,2.759948993368161,14.20965179644404,True,True,True,True,2849283.543691618,hard_rock,hard_rock,False,0.8644243905891054,0.7952704393419769,pct_Li2O,True,0.65,0.019667037964927088,0.012783574677202607,14.20965179644404,200517.47815556254,10195611.485224787,130336.36080111566,False,2849283.543691618,pre-construction,0.9200819461244407,115.01024326555509,80.50717028588856,34.50307297966653,0.9737031764428603,1985499857.7881367,1389849900.4516957,595649957.336441,8996.720101354502,10068.784400673148
Alexandra Bore / Breakaway Dam,Australia,Exploration,,,Project,,,,,-29.715,121.242,False,2024,pre-construction,5.266348389165227,4.0241157885189835,37.81945056918849,True,True,True,True,2086419.940578151,,hard_rock,True,1.347643422991378,1.239831949152068,pct_Li2O,True,0.65,0.03066104410253064,0.019929678666644916,37.81945056918849,55167.907232316,1799283.385387475,35859.1397010054,False,2086419.940578151,pre-construction,0.9416377104512774,117.70471380640967,82.39329966448676,35.31141414192291,1.2310002944610494,442983675.4461711,310088572.81231976,132895102.63385135,5906.00158563544,6232.644047963237
Pakeagama Lake,Canada,Feasibility Started,881052.0,tonnes,"Open Pit, Underground",,2025.0,,2/28/23,52.614525,-93.365435,False,2023,pre-construction,6.457822087005809,2.6345966654688406,45.090486120564414,True,True,False,True,881052.0,hard_rock,hard_rock,False,1.3651374642799374,1.2559264671375425,pct_Li2O,True,0.65,0.031059061532311423,0.020188389996002424,45.090486120564414,19539.642966904692,629112.4716236894,12700.76792848805,False,881052.0,pre_construction,1.099248831347972,137.4061039184965,96.18427274294756,41.22183117554896,0.8154262245437786,102598961.50990202,71819273.0569314,30779688.45297061,6806.194250542257,
Radis,Canada,Target Outline,,,Project,,,,,53.17181,-77.78292,False,2024,pre-construction,5.345362943822372,2.9247483753557484,28.512522248370246,True,True,True,True,236705.0316437221,,hard_rock,True,1.288566124674383,1.1854808347004324,pct_Li2O,True,0.65,0.029316941042141692,0.019056011677392102,28.512522248370246,8301.792089167137,283173.8849300038,5396.164857958639,False,236705.0316437221,pre-construction,0.9586623377050781,119.83279221313477,83.88295454919434,35.94983766394043,1.0292659374509294,58292246.82682039,40804572.77877427,17487674.04804612,6288.450817612766,6667.320582698929
Sal de Vida Extension,Argentina,Satellite,,,Brine,,,,,-25.31315,-66.8767,False,2024,operation,5.347286022373307,2.9611537053873658,19.206402495611766,True,True,True,True,2428823.391989067,brine,brine,False,1439.2342021254349,1655.11933244425,mgLi_per_L,True,0.55,0.007341833505500619,0.004038008428025341,19.206402495611766,126459.04887935151,17224450.647730757,69552.47688364334,False,2428823.391989067,operation,0.9543305324547594,4.771652662273797,3.3401568635916576,1.4314957986821395,0.9773684301863828,336692685.80790865,235684880.06553605,101007805.7423726,1181.684671373314,
Candelas,Argentina,Prefeas/Scoping,276900.0,tonnes,Brine,,2027.0,,06/22/2020,-25.56327,-66.87777,False,2020,pre-construction,5.832639115316329,2.6118442780926943,34.89057781601707,True,True,False,True,276900.0,brine,brine,False,515.3796226931237,474.1492528776738,mgLi_per_L,True,0.55,0.0021032470608898816,0.001156785883489435,34.89057781601707,7936.240020447144,3773327.5220122403,4364.93201124593,False,276900.0,pre_construction,0.9938805886238147,4.969402943119073,3.478582060183351,1.4908208829357221,1.13151224799305,85391326.1369223,59773928.295845605,25617397.841076694,4295.871011261747,
Hombre Muerto West,Argentina,Construction Started,3180000.0,tonnes,Brine,,2025.0,2064.0,03/26/2024,-25.47594,-67.14368,False,2024,construction,3.4838589700473466,3.6930502212654517,39.0,True,False,False,True,3180000.0,brine,brine,False,433.635568556786,468.3264140413289,mgLi_per_L,True,0.55,0.002077417918284995,0.0011425798550567475,39.0,81538.46153846153,39249907.69588399,44846.153846153844,False,3180000.0,pre_construction,1.2018013948926647,6.009006974463324,4.206304882124326,1.8027020923389978,0.6132137877666411,481371691.3536812,336960183.9475768,144411507.4061044,5259.157115250277,
Greenbushes,Australia,Target Outline,,,Project,,,,,-33.62102,116.00763,False,2024,pre-construction,5.789893659064996,1.6622792617389206,31.42416506480628,True,True,True,True,83441.2547093211,,hard_rock,True,1.7740127995275343,1.6320917755653317,pct_Li2O,True,0.65,0.04036162960973065,0.026235059246324924,31.42416506480628,2655.3212961184363,65788.257852658,1725.9588424769836,False,83441.2547093211,pre-construction,0.9600515164728355,120.00643955910444,84.0045076913731,36.00193186773133,0.9424113038539055,12399919.572240073,8679943.70056805,3719975.871672023,4574.2774366295835,4802.902945778079
Cauchari-Olaroz,Argentina,Operating,9938000.0,tonnes,Brine,,,,05/07/2019,-23.41623,-66.71316,False,2019,operation,9.002976665589557,2.344351624381347,21.49032246311816,True,True,False,True,9938000.0,brine,brine,False,1045.3184846845197,1202.1162573871975,mgLi_per_L,True,0.55,0.005332387365060044,0.0029328130507830243,21.49032246311816,462440.7110249585,86723015.29612362,254342.3910637272,False,7625796.444875207,operation,1.0581935569797867,5.290967784898934,3.7036774494292533,1.5872903354696803,0.8546220852935806,1482308083.5064054,1037615658.4544836,444692425.0519217,1804.0590018127175,
PPG,Argentina,Prefeas/Scoping,2127000.0,tonnes,Brine,,,,4/30/23,-24.69897,-66.81781,False,2023,pre-construction,4.999128110701788,3.817072130998981,19.411726088198066,True,True,False,True,2127000.0,brine,brine,False,988.4925429985394,909.4131395586563,mgLi_per_L,True,0.55,0.004034005118225607,0.0022187028150240837,19.411726088198066,109572.94525669063,27162321.82295477,60265.11989117985,False,2127000.0,pre-construction,1.034831501555902,5.17415750777951,3.621910255445657,1.5522472523338533,1.2439257946732154,675758255.1757727,473030778.62304085,202727476.5527318,2332.0642461632906,2909.7094615120727
Sonora,Mexico,Construction Planned,3562000.0,tonnes,"Open Pit, underground",,,,12/12/2017,29.71327,-109.15911,False,2017,pre-construction,7.031436133023483,3.2480678173038737,42.589589177692666,True,True,False,True,3562000.0,hard_rock,hard_rock,False,1.401790119090137,1.2896469095629262,pct_Li2O,True,0.65,0.031892968073491165,0.020730429247769258,42.589589177692666,83635.46276857924,2622379.40902388,54363.05079957651,False,3562000.0,pre-construction,1.111492570594481,138.9365713243101,97.25559992701707,41.680971397293035,0.9889179623719949,518663620.3476343,363064534.243344,155599086.1042903,6702.059550419617,6926.0752807127255
Mariana,Argentina,Operating,3282000.0,tonnes,Brine,,2024.0,,06/04/2021,-24.81373,-68.30736,False,2021,operation,5.583849091399539,3.023791164444061,15.504440413081504,True,True,False,True,3282000.0,brine,brine,False,1514.7962400975189,1742.0156761121466,mgLi_per_L,True,0.55,0.007727291203287463,0.004250010161808105,15.504440413081504,211681.29339456136,27393984.234022997,116424.71136700876,False,3282000.0,operation,0.9697442067446844,4.848721033723422,3.394104723606395,1.4546163101170269,0.8935321855378848,489548132.0643386,342683692.445037,146864439.61930162,1140.872809504202,
Goulamina,Mali,Commissioning,3690000.0,tonnes,Open Pit ,,2024.0,2047.0,5/31/24,11.34653,-7.95979,False,2024,construction,4.711705172232939,2.7193207118228333,23.0,True,False,False,True,3690000.0,hard_rock,hard_rock,False,0.8386496554074322,0.9057416278400269,pct_Li2O,True,0.65,0.02239899045648386,0.014559343796714511,23.0,160434.78260869565,7162589.890842799,104282.60869565218,False,3690000.0,construction,0.9273940000116372,115.92425000145465,81.14697500101825,34.777275000436404,1.1939073005729257,1710293672.3374104,1197205570.6361873,513088101.70122313,7962.189204407298,
Zinnwald,Germany,Feasibility Complete,1076200.0,tonnes,Underground,,2026.0,2062.0,06/05/2024,50.7394,13.79179,False,2024,pre-construction,8.17656641980974,2.0203512210718815,36.0,True,False,False,True,1076200.0,hard_rock,hard_rock,False,1.3717933633783301,1.2620498943080638,pct_Li2O,True,0.65,0.03121049388623842,0.020286821026054974,36.0,29894.444444444445,957833.1106649275,19431.38888888889,False,1076200.0,pre_construction,0.9004881301222015,112.56101626527519,78.79271138569263,33.76830487958256,1.1365313575598546,217721473.1159577,152405031.18117037,65316441.93478733,5548.479780085292,
Qinghai Yiliping,China,Commissioning,1020010.0,tonnes,Brine,,,,12/31/21,37.99026,93.67586,False,2021,construction,3.4853678867858706,2.9116156710036973,33.586719274945466,True,True,False,True,1020010.0,brine,brine,False,1072.007096800045,1157.7676645440488,mgLi_per_L,True,0.55,0.005135664398639977,0.0028246154192519877,33.586719274945466,30369.44429284858,5913440.196927781,16703.194361066722,False,1020010.0,construction,1.0347378956996611,5.173689478498305,3.6215826349488136,1.5521068435494918,1.2255133768756852,144940001.29378763,101458000.90565133,43482000.3881363,1831.6438560929464,
Mount Marion,Australia,Operating,924000.0,tonnes,Open Pit,,2016.0,2048.0,6/30/23,-31.0799,121.43161,False,2023,operation,5.062674046711406,4.678683655098222,32.0,True,False,False,True,924000.0,hard_rock,hard_rock,False,0.8363244986657572,0.9617731734656207,pct_Li2O,True,0.65,0.023784650579804802,0.015460022876873121,25.0,36960.0,1553943.366793969,24024.0,False,887040.0,operation,1.0196226406614806,127.45283008268507,89.21698105787954,38.23584902480553,1.2419929945662491,385997355.10216016,270198148.5715121,115799206.53064805,8244.025969285185,
Vilasto,China,Reserves Development,574000.0,tonnes,Project,,,,12/31/22,44.08111,117.44444,False,2022,pre-construction,9.815354072175456,3.200196621321729,22.59326797646704,True,True,False,True,574000.0,,brine,True,1515.8183210538123,1394.5528553695074,mgLi_per_L,True,0.55,0.00618600404094324,0.0034023022225187823,22.59326797646704,25405.79789510192,4106980.4880418493,13973.188842306057,False,574000.0,pre-construction,0.9607479372472528,4.8037396862362645,3.362617780365385,1.4411219058708795,1.1664180794971886,95809125.86788401,67066388.1075188,28742737.76036521,1411.9085760347223,1715.3901277226664
Bougouni,Mali,Operating,337300.0,tonnes,Open Pit,,,2025.0,11/14/23,11.33796,-7.59389,False,2023,operation,4.915738799173795,3.159520390206057,30.64831319826225,True,True,False,True,337300.0,hard_rock,hard_rock,False,1.3063747644683255,1.5023309791385742,pct_Li2O,True,0.65,0.03715264511409694,0.024149219324163012,2.0,168650.0,4539380.695023747,109622.5,False,168650.0,operation,1.0323757800763247,129.04697250954058,90.3328807566784,38.714091752862174,0.8918605518711313,809698914.3634077,566789240.0543854,242909674.3090223,5343.732680435756,
Sal de la Puna,Argentina,Prefeas/Scoping,228000.0,tonnes,Project,,,,09/09/2021,-24.5889,-66.60444,False,2021,pre-construction,7.701426151953025,4.718839333566743,28.085487970498125,True,True,False,True,228000.0,,brine,True,902.6161272316551,830.4068370531228,mgLi_per_L,True,0.55,0.0036835463280281444,0.0020259504804154794,28.085487970498125,8118.0715193376145,2203873.87490341,4464.939335635689,False,228000.0,pre-construction,1.4239504171564388,7.119752085782194,4.983826460047536,2.135925625734658,1.0614859232238667,46787621.89541614,32751335.326791298,14036286.568624843,3514.2774488358095,3887.3844814946306
Ningdu Taiyu,China,Expansion,40400.0,tonnes,"Open Pit, Underground",,,2017.0,12/31/17,26.75391,116.18843,False,2017,operation,6.285018196942231,4.042517385036761,29.461598534861476,True,True,False,True,40400.0,hard_rock,hard_rock,False,1.2536661857160651,1.4417161135734748,pct_Li2O,True,0.65,0.03565363948867203,0.02317486566763682,29.461598534861476,1371.2765772772063,38461.05466211639,891.3297752301842,False,40400.0,closed,1.1239893232380087,140.49866540475108,98.34906578332576,42.149599621425324,1.0611302018659996,8162437.3395181615,5713706.1376627125,2448731.201855449,6062.544975220905,
Avalonia,Ireland,Target Outline,,,Project,,,,,52.68329,-6.74846,False,2024,pre-construction,7.394476974473134,4.919965921181452,23.969229825604053,True,True,True,True,458917.2157707645,,hard_rock,True,0.6492476530246956,0.5973078407827199,pct_Li2O,True,0.65,0.014771422902556662,0.009601424886661832,23.969229825604053,19146.097688985687,1296157.981210588,12444.963497840698,False,458917.2157707645,pre-construction,0.7582816963741847,94.7852120467731,66.34964843274116,28.435563614031935,1.0749392681078613,278658222.33493453,195060755.63445416,83597466.70048037,9871.994330596433,10806.160543381322
Pastos Grandes,Argentina,Construction Planned,2127000.0,tonnes,Brine,,,2063.0,4/30/23,-24.57086,-66.70459,False,2023,pre-construction,6.4029347296055,4.390957075809112,45.1309076931845,True,True,False,True,2127000.0,brine,brine,False,1029.4517430821807,947.0956036356063,mgLi_per_L,True,0.55,0.0042011582484602775,0.0023106370366531527,40.0,53175.0,12657223.759540267,29246.250000000004,False,2127000.0,pre-construction,1.214124598194289,6.070622990971445,4.249436093680011,1.821186897291434,1.0700123428839654,270867712.98704547,189607399.0909318,81260313.89611366,2627.2507947697627,2858.7913452566163
Blesberg,South Africa,Expansion,,,Open Pit,,,,,-28.98333,17.73121,False,2024,operation,5.277118464012113,3.369041635696602,17.693840458565834,True,True,True,True,30238.159021957625,hard_rock,hard_rock,False,1.0062939277423193,1.1572380169036671,pct_Li2O,True,0.65,0.02861849615802769,0.018602022502718,17.693840458565834,1708.965280475269,59715.411705722785,1110.827432308925,False,30238.159021957625,operation,1.0204234392793872,127.55292990992339,89.28705093694637,38.26587897297702,1.0187311482232608,12166789.986719145,8516752.9907034,3650036.9960157443,6856.9388028256735,
Leinster,Ireland,Target Outline,,,Project,,,,,52.9143,-6.42909,False,2024,pre-construction,7.106491309918335,2.5628491767549577,28.9782544651174,True,True,True,True,29659.52962790807,,brine,True,1332.6982486405143,1226.0823887492732,mgLi_per_L,True,0.55,0.005438697129426985,0.0029912834211848417,28.9782544651174,1023.5098757798112,188190.26899695132,562.9304316788962,False,29659.52962790807,pre-construction,0.8574346178161361,4.28717308908068,3.0010211623564755,1.2861519267242043,0.9197070355840414,3461598.2884989884,2423118.8019492915,1038479.4865496969,1433.2219604194304,1645.424080579691
Odzi West,Zimbabwe,Target Outline,,,Project,,,,,-19.27958,31.86576,False,2024,pre-construction,3.608920097102742,3.275223325823674,19.079920242129923,True,True,True,True,1233302.3351119584,,hard_rock,True,1.192939219668585,1.0975040820950983,pct_Li2O,True,0.65,0.02714127595021178,0.017641829367637658,19.079920242129923,64638.75736695862,2381566.639885781,42015.1922885231,False,1233302.3351119584,pre-construction,1.2218297499446182,152.72871874307728,106.91010312015409,45.81861562292319,0.9857598585896555,469530558.83112967,328671391.18179077,140859167.6493389,8657.192831897826,9242.900557674953
Marble Bar,Australia,Exploration,180000.0,tonnes,Open Pit,,,,12/15/2022,-21.07656,119.84909,False,2022,pre-construction,5.599824243363206,2.669035256221446,21.748107540886934,True,True,False,True,180000.0,hard_rock,hard_rock,False,1.1179474752900949,1.0285116772668874,pct_Li2O,True,0.65,0.025435093778810123,0.01653281095622658,21.748107540886934,8276.582211192212,325400.10597827635,5379.7784372749375,False,180000.0,pre-construction,0.9869324175682527,123.36655219603158,86.3565865372221,37.00996565880948,0.8217864776529784,53481881.38395872,37437316.9687711,16044564.41518762,7461.922387104373,7919.032484403166
Manna,Australia,Feasibility Started,514000.0,tonnes,Open Pit,,2026.0,2036.0,06/12/2024,-30.87643,122.53447,False,2024,pre-construction,5.311173915088522,3.7696164201092834,10.0,True,False,False,True,514000.0,hard_rock,hard_rock,False,0.9341470418053378,0.8594152784609108,pct_Li2O,True,0.65,0.02125333983633832,0.013814670893619908,10.0,51400.0,2418443.425635995,33410.0,False,514000.0,pre_construction,1.1634208570148323,145.42760712685404,101.79932498879782,43.62828213805622,0.8356466022011438,404192806.2496828,282934964.3747779,121257841.87490487,10527.04101651944,
Payne's Find,Australia,Target Outline,,,Project,,,,,-29.28247,117.74666,False,2024,pre-construction,5.721868421531104,2.0480475602786536,35.51414322785811,True,True,True,True,495722.1664980995,,hard_rock,True,1.3449075571627769,1.2373149525897549,pct_Li2O,True,0.65,0.03059879877754464,0.019889219205404016,35.51414322785811,13958.443635189364,456176.1962182961,9072.988362873086,False,495722.1664980995,pre-construction,0.9109430599384619,113.86788249230774,79.70751774461542,34.16036474769233,1.1557540545409604,105445497.67287369,73811848.37101158,31633649.301862106,5725.105712614861,6052.353218449914
Lady Grey,Australia,Target Outline,,,Project,,,,,-32.16609,119.70346,False,2024,pre-construction,4.336671093031107,2.9236347542681393,27.548467493912895,True,True,True,True,662148.2007586232,,hard_rock,True,1.7478638539514615,1.6080347456353445,pct_Li2O,True,0.65,0.03976669925956207,0.025848354518715345,27.548467493912895,24035.75447182067,604419.1476626307,15623.240406683435,False,662148.2007586232,pre-construction,1.170395738141562,146.29946726769523,102.40962708738665,43.88984018030858,0.9381110663044365,113402458.22172183,79381720.75520527,34020737.466516554,5659.91414121808,5923.397935542712
Marble Bar,Australia,Target Outline,,,Project,,,,,-21.24577,119.91494,False,2024,pre-construction,4.764963490627444,3.871376137579526,21.66189378735512,True,True,True,True,1597043.623717731,,hard_rock,True,0.7812390653461578,0.7187399401184652,pct_Li2O,True,0.65,0.017774438719129645,0.011553385167434269,21.66189378735512,73725.94655828232,4147863.554134914,47921.86526288351,False,1597043.623717731,pre-construction,0.9574095094185272,119.6761886773159,83.77333207412113,35.90285660319478,1.0186334769273981,845030534.7937765,591521374.3556435,253509160.438133,10358.538812905614,11172.57229157757
Root Lake,Canada,Prefeas/Scoping,173000.0,tonnes,Open Pit,,2031.0,,10/17/23,50.93734,-91.68395,False,2023,pre-construction,6.084876202913863,2.9068551837099843,26.39279675469618,True,True,False,True,173000.0,hard_rock,hard_rock,False,1.4931658501651701,1.3737125821519565,pct_Li2O,True,0.65,0.033971912156617885,0.022081742901801628,26.39279675469618,6554.818786653119,192948.18485441685,4260.632211324528,False,173000.0,pre_construction,1.1530153595479997,144.12691994349996,100.88884396044996,43.238075983049995,0.8979142270829898,34650184.05412391,24255128.837886736,10395055.216237172,6526.972104712839,
Root Lake,Canada,Prefeas/Scoping,173000.0,tonnes,Open Pit,,2031.0,,10/17/23,50.93734,-91.68395,False,2023,pre-construction,5.370952478960535,3.213423048217359,24.5733781258418,True,True,False,True,173000.0,hard_rock,hard_rock,False,1.1445408881035815,1.052977617055295,pct_Li2O,True,0.65,0.026040136469777445,0.01692608870535534,24.5733781258418,7040.139093373985,270357.22725742514,4576.09041069309,False,173000.0,pre_construction,1.129383728597175,141.1729660746469,98.82107625225282,42.35188982239407,0.7214594300928829,39010354.2197268,27307247.95380876,11703106.265918043,8340.554544652741,
Seymour Lake,Canada,Feasibility Started,105006.0,tonnes,"Open Pit, Underground",,2026.0,2032.0,11/17/23,50.35218,-88.43012,False,2023,pre-construction,7.299623580991332,1.8867150071344594,6.0,True,False,False,True,105006.0,hard_rock,hard_rock,False,1.0776415320805866,0.9914302095141396,pct_Li2O,True,0.65,0.024518069081284673,0.01593674490283504,6.0,17501.0,713800.0933914898,11375.65,False,105006.0,pre_construction,0.8402769906704898,105.03462383381122,73.52423668366785,31.510387150143373,0.9229466238503102,131759877.25994234,92231914.08195964,39527963.1779827,6590.72002935344,
Seymour Lake,Canada,Feasibility Started,105006.0,tonnes,"Open Pit, Underground",,2026.0,2032.0,11/17/23,50.35218,-88.43012,False,2023,pre-construction,6.28244443548089,2.51024496941773,6.0,True,False,False,True,105006.0,hard_rock,hard_rock,False,1.5194486210930982,1.3978927314056504,pct_Li2O,True,0.65,0.03456988724766173,0.022470426710980127,6.0,17501.0,506249.843241353,11375.65,False,105006.0,pre_construction,1.0554444301127996,131.93055376409995,92.35138763486997,39.57916612922999,1.3812988355445364,139856463.79277697,97899524.65494387,41956939.1378331,5871.297214824691,
San Jorge,Argentina,Reserves Development,432280.0,tonnes,Project,,,,05/27/2024,-26.93886,-68.12172,False,2024,pre-construction,7.796442414536164,4.39657794994029,22.593340414413912,True,True,False,True,432280.0,,brine,True,783.25508790908,720.5946808763537,mgLi_per_L,True,0.55,0.0031964379052540257,0.0017580408478897144,22.593340414413912,19133.071607428956,5985747.940224236,10523.189384085927,False,432280.0,pre-construction,1.0718073521194629,5.359036760597315,3.75132573241812,1.6077110281791946,0.9794419766723554,117253855.88871412,82077699.12209988,35176156.76661424,3048.300480065693,3541.4734903566414
Millie's Reward,Madagascar,Target Outline,,,Project,,,,,-20.05714,46.95439,False,2024,pre-construction,6.939383935609721,3.343351685679768,24.506889871552264,True,True,True,True,1049312.0886195633,,brine,True,776.4755559387941,714.3575114636906,mgLi_per_L,True,0.55,0.003168770861267688,0.0017428239736972284,24.506889871552264,42817.02387040188,13512186.821003726,23549.363128721034,False,1049312.0886195633,pre-construction,0.989874270983209,4.949371354916045,3.4645599484412313,1.484811406474814,0.8725018719704531,235788165.91480476,165051716.1403633,70736449.77444145,2839.857283129084,3248.4161483688104
Eagle Claims,Canada,Target Outline,,,Project,,,,,50.60794,-95.48675,False,2024,pre-construction,6.266880750839825,2.708658347885735,15.768692580433063,True,True,True,True,122698.40340612044,,hard_rock,True,1.723403756420177,1.585531455906563,pct_Li2O,True,0.65,0.0392101929045693,0.025486625387970044,15.768692580433063,7781.139925219515,198446.8667154339,5057.740951392685,False,122698.40340612044,pre-construction,0.764547231664737,95.56840395809213,66.8978827706645,28.67052118742764,1.1486277357764985,45588315.03745788,31911820.526220515,13676494.511237368,3749.747269530686,4321.359184123034
Falcon West,Canada,Target Outline,4000.0,tonnes,Project,,,,12/31/1955,49.56729,-95.68944,False,1955,pre-construction,5.006659041969981,3.0340522407059227,12.395324822718333,True,True,False,True,4000.0,,hard_rock,True,1.8564546390255086,1.707938267903468,pct_Li2O,True,0.65,0.042237313365252764,0.027454253687414297,12.395324822718333,322.70231375209636,7640.218755428058,209.75650393886264,False,4000.0,pre-construction,1.0417188209879744,130.2148526234968,91.15039683644775,39.06445578704904,0.9076534517178318,1386934.1850487187,970853.929534103,416080.2555146157,4742.975500484666,5276.411725503403
Campus Creek,Canada,Target Outline,,,Project,,,,,49.30754,-85.63581,False,2024,pre-construction,7.242576633415879,3.6579674463962784,27.917492950088572,True,True,True,True,649261.0879916153,,hard_rock,True,1.72636935154767,1.5882598034238564,pct_Li2O,True,0.65,0.03927766493867197,0.025530482210136783,27.917492950088572,23256.425251091732,592103.0511208914,15116.676413209627,False,649261.0879916153,pre-construction,0.9519290074393203,118.99112592991504,83.29378815094053,35.697337778974514,0.8845368226312351,104747390.3017466,73323173.21122262,31424217.090523988,4660.747296134895,4908.9522697795455
Kindersley,Canada,Prefeas/Scoping,4164337.0,tonnes,Project,,2026.0,2046.0,06/30/2023,51.71135,-109.17517,False,2023,pre-construction,4.87556553988261,3.6960685599215393,20.0,True,False,False,True,4164337.0,,hard_rock,True,0.9234852087731356,0.8496063920712847,pct_Li2O,True,0.65,0.021010766075922872,0.013656997949349867,20.0,208216.85,9910007.52888323,135340.9525,False,4164337.0,pre_construction,1.1948893835781427,149.36117294726785,104.55282106308749,44.808351884180354,0.7313859592549447,1449608072.5471969,1014725650.7830378,434882421.7641591,10936.60360067478,
Alvarroes,Portugal,Limited Production,51000.0,tonnes,Open Pit,,,,04/11/2019,40.43062,-7.3401,False,2019,operation,4.026136231404808,3.826860414031006,34.59278973322545,True,True,False,True,51000.0,hard_rock,hard_rock,False,0.6974006303579917,0.8020107249116905,pct_Li2O,True,0.65,0.019833725227066102,0.012891921397592966,34.59278973322545,1474.295666620257,74332.76652478571,958.292183303167,False,43628.52166689871,operation,0.8513146451535846,106.41433064419807,74.49003145093864,31.92429919325943,0.7093620209860908,10545768.297501845,7382037.8082512915,3163730.489250554,8254.34218549196,
Bougouni,Mali,Preproduction - Commissioning,337300.0,tonnes,Open Pit,,,2025.0,11/14/23,11.33796,-7.59389,False,2023,construction,8.859938705820154,2.5222159604932477,13.16601060755193,True,True,False,True,337300.0,hard_rock,hard_rock,False,1.4682740396442333,1.5857359628157721,pct_Li2O,True,0.65,0.039215250360434044,0.025489912734282128,2.0,168650.0,4300622.804901388,109622.5,False,337300.0,construction,1.157284025741261,144.66050321765763,101.26235225236034,43.39815096529729,1.0865854209816665,934598808.189426,654219165.7325981,280379642.4568279,5675.205903043344,
Altura,Australia,Operating,483000.0,tonnes,"Open Pit, Underground, Dump, Stock Pile",,2018.0,2035.0,6/30/19,-21.01296,118.91086,False,2019,operation,5.987568340566586,2.3807416522958684,17.0,True,False,False,True,483000.0,hard_rock,hard_rock,False,1.4859413720369044,1.7088325778424398,pct_Li2O,True,0.65,0.042259429650043534,0.027468629272528296,16.0,30187.5,714337.6105637739,19621.875,False,332062.5,operation,1.0193642908035492,127.42053635044364,89.19437544531054,38.2261609051331,1.0277667951299392,146834495.3299817,102784146.73098719,44050348.59899452,4638.765738408302,
Saldivar Salar,Mexico,Target Outline,,,Project,,,,,23.35826,-102.17716,False,2024,pre-construction,7.18687014417098,3.2994318184777423,28.92493046661102,True,True,True,True,508743.14720538777,,brine,True,1129.3361837774833,1038.9892890752847,mgLi_per_L,True,0.55,0.004608783321456451,0.0025348308268010483,28.92493046661102,17588.396549220626,3816277.5991956173,9673.618102071345,False,508743.14720538777,pre-construction,1.4624375164279146,7.312187582139574,5.118531307497701,2.1936562746418726,1.0074407951895321,76893474.78395262,53825432.34876683,23068042.43518579,2884.6846522564747,3159.4919269234347
Karibib,Namibia,Construction Planned,59833.0,tonnes,"Stock Pile, Openn Pit, Underground",,2024.0,2042.0,02/02/2023,-22.10425,15.99674,False,2023,pre-construction,5.940788040402744,3.055162006491142,18.0,True,False,False,True,59833.0,hard_rock,hard_rock,False,0.9537809207181924,0.8774784470607371,pct_Li2O,True,0.65,0.02170004199581203,0.01410502729727782,18.0,3324.0555555555557,153181.98721445227,2160.6361111111114,False,59833.0,pre-construction,0.8585437187001919,107.31796483752399,75.12257538626679,32.1953894512572,1.1482493997567347,35178224.97450773,24624757.48215541,10553467.492352318,7608.490403860166,8513.013762452034
Greenbushes,Australia,Operating,6600000.0,tonnes,"Open Pit, Underground",,1983.0,2043.0,12/31/23,-33.85434,116.06094,False,2023,operation,6.312899589516682,3.134281374907913,60.0,True,False,False,True,6600000.0,hard_rock,hard_rock,False,1.3082093238462549,1.504440722423193,pct_Li2O,True,0.65,0.037204819065525564,0.02418313239259162,20.0,330000.0,8869818.703292176,214500.0,False,6270000.0,operation,1.1526173218266402,144.07716522833002,100.854015659831,43.22314956849901,0.9120665293845671,1617972952.1964035,1132581066.5374823,485391885.65892124,5957.754474869737,
Mt Holland - Lithium,Australia,Preproduction - Operating,2737000.0,tonnes,Open Pit,,2023.0,2067.0,12/31/23,-32.08393,119.74667,False,2023,operation,3.6888334393967,2.3103126900219007,44.0,True,False,False,True,2737000.0,hard_rock,hard_rock,False,1.3686398096443637,1.5739357810910182,pct_Li2O,True,0.65,0.03892343186638088,0.025300230713147572,44.0,62204.545454545456,1598125.9224028764,40432.954545454544,False,2674795.4545454546,operation,0.9216560005778061,115.20700007222575,80.64490005055802,34.56210002166773,1.0035850326532678,320771051.2037449,224539735.84262142,96231315.36112347,4553.59484181925,
Alberta II,Spain,Reserves Development,54149.0,tonnes,Project,,,,06/01/2012,42.41515,-8.29553,False,2012,pre-construction,4.617130641275874,2.5965566151324557,20.37293350245972,True,True,False,True,54149.0,,hard_rock,True,1.1667943401096057,1.0734507929008372,pct_Li2O,True,0.65,0.026546438108437705,0.01725518477048451,20.37293350245972,2657.889203509271,100122.25341314128,1727.627982281026,False,54149.0,pre-construction,0.8661375510979056,108.2671938872382,75.78703572106673,32.480158166171464,0.8404448958653216,16829447.368721772,11780613.15810524,5048834.210616533,6274.473170083484,6752.6252595097185
Jackpot,Canada,Reserves Development,75700.0,tonnes,Open Pit,,,,09/03/2024,49.29615,-87.94573,False,2024,pre-construction,6.62570434612158,3.5916056818242525,19.693500465026002,True,True,False,True,75700.0,hard_rock,hard_rock,False,0.9768620274180448,0.8987130652246013,pct_Li2O,True,0.65,0.022225174103004387,0.014446363166952851,19.693500465026002,3843.9077976227145,172952.8767607313,2498.5400684547644,False,75700.0,pre-construction,1.1735339336849389,146.69174171061735,102.68421919743214,44.00752251318521,0.8415131325666971,29108423.421868984,20375896.395308286,8732527.026560698,10154.233284553293,10745.80778758894
Cross Lake,Canada,Exploration,,,Project,,,,,54.58639,-97.93301,False,2024,pre-construction,6.123114771925462,2.6930995415640226,44.62699034179809,True,True,True,True,231776.21674809424,,brine,True,408.58390904293174,375.8971963194972,mgLi_per_L,True,0.55,0.0016674173133405697,0.0009170795223373134,44.62699034179809,5193.633157264703,3114777.0361455427,2856.498236495587,False,231776.21674809424,pre-construction,1.0932043934977844,5.466021967488922,3.8262153772422454,1.639806590246677,0.8606408443997576,53614086.77010548,37529860.739073835,16084226.031031646,5960.248630956183,6380.827407896762
Electra,Mexico,Target Outline,,,Project,,,,,29.4074,-109.01985,False,2024,pre-construction,4.489889417310552,3.60711967668843,21.427257497524103,True,True,True,True,460433.8300928179,,hard_rock,True,1.1343369452556349,1.0435899896351841,pct_Li2O,True,0.65,0.025807980443678102,0.016775187288390767,21.427257497524103,21488.229660096284,832619.5731196789,13967.349279062584,False,460433.8300928179,pre-construction,1.1687438259343244,146.09297824179055,102.26508476925338,43.82789347253717,1.213065804222713,202004466.41559905,141403126.49091932,60601339.92467973,8708.873154751238,9383.836812645784
San Jose,Spain,Feasibility Started,680000.0,tonnes,"Open Pit, Underground",,2025.0,2051.0,8/22/19,39.45948,-6.33674,False,2019,pre-construction,8.704247093546176,1.6108660267274857,26.0,True,False,False,True,680000.0,hard_rock,hard_rock,False,1.0863720800997876,0.9994623136918046,pct_Li2O,True,0.65,0.024716703017598325,0.01606585696143891,26.0,26153.846153846152,1058144.613188279,17000.0,False,680000.0,pre_construction,0.7844419510420203,98.05524388025253,68.63867071617676,29.41657316407577,1.1514506348674063,243680257.327434,170576180.1292038,73104077.1982302,6103.331065103071,
Tambourah,Australia,Target Outline,,,Project,,,,,-21.69508,119.18934,False,2024,pre-construction,4.470017297743009,4.3730466027179995,39.914572664894834,True,True,True,True,303098.23510258744,,hard_rock,True,0.6803147661329756,0.6258895848423376,pct_Li2O,True,0.65,0.01547824943315101,0.010060862131548156,39.914572664894834,7593.673559961839,490602.86776990804,4935.887813975195,False,303098.23510258744,pre-construction,0.8343320769976373,104.29150962470467,73.00405673729327,31.287452887411405,0.8172703689328112,80191037.34836158,56133726.143853106,24057311.204508476,10366.060906219414,10773.09338744792
Catamarca,Argentina,Prefeas/Scoping,,,Project,,,,,-28.77164,-65.54279,False,2024,pre-construction,5.86002581419328,2.2901877032087636,17.95865558775653,True,True,True,True,185231.46475642073,,brine,True,835.6432472090739,768.7917874323481,mgLi_per_L,True,0.55,0.0034102322370853245,0.0018756277303969286,17.95865558775653,10314.328032589694,3024523.6439982746,5672.8804179243325,False,185231.46475642073,pre-construction,1.090948571526578,5.4547428576328905,3.818320000343023,1.6364228572898676,0.9378665141689672,56731988.94036568,39712392.25825597,17019596.682109706,2908.2225482337763,3465.0883643968446
Carachi Pampa,Argentina,Exploration,,,Brine,,,,,-26.57331,-67.38203,False,2024,pre-construction,4.419873321909249,2.9559297186777562,32.22468473601197,True,True,True,True,319941.5884150317,brine,brine,False,527.8626243147596,485.6336143695789,mgLi_per_L,True,0.55,0.0021541897744077236,0.0011848043759242481,32.22468473601197,9928.462948079308,4608908.215066175,5460.65462144362,False,319941.5884150317,pre-construction,0.8795957213404942,4.3979786067024715,3.07858502469173,1.3193935820107416,1.0239170215424016,94382791.44265729,66067954.0098601,28314837.432797194,3711.9871398784076,4248.350906153388
Raleigh Lake,Canada,Prefeas/Scoping,37294.0,tonnes,Open Pit,,,,2/16/23,49.4095,-91.9592,False,2023,pre-construction,6.854846651388555,4.204438579277309,29.766078417058537,True,True,False,True,37294.0,hard_rock,hard_rock,False,1.081246579018761,0.9947468526972603,pct_Li2O,True,0.65,0.024600089667203243,0.015990058283682107,29.766078417058537,1252.90269942403,50930.81839837339,814.3867546256196,False,37294.0,pre-construction,1.217699937517915,152.21249218973938,106.54874453281757,45.663747656921814,0.8508058995407918,8666448.152355356,6066513.706648749,2599934.445706607,9519.195583237653,9876.70609853421
Forgan Lake,Canada,Target Outline,,,Project,,,,,49.32614,-88.27988,False,2024,pre-construction,4.966820326652167,2.4240215802818597,31.593108987674846,True,True,True,True,859425.2221690206,,hard_rock,True,1.0570056596916537,0.9724452069163214,pct_Li2O,True,0.65,0.02404856996704063,0.015631570478576412,31.593108987674846,27202.93284539679,1131166.338899956,17681.906349507914,False,859425.2221690206,pre-construction,1.283092765103027,160.38659563787837,112.27061694651485,48.11597869136352,1.1441362296689341,258841678.0234815,181189174.61643702,77652503.40704447,10260.427502002665,10723.781329558422
Avalonia,Ireland,Target Outline,,,Project,,,,,52.68329,-6.74846,False,2024,pre-construction,4.370356031002515,2.3487305811988692,33.5083546014027,True,True,True,True,20533977.094155595,,brine,True,839.6196279398805,772.45005770469,mgLi_per_L,True,0.55,0.0034264597143017213,0.0018845528428659468,33.5083546014027,612801.712838983,178843985.90218535,337040.9420614407,False,20533977.094155595,pre-construction,0.9802874079200394,4.901437039600197,3.431005927720138,1.4704311118800595,0.8541356906462545,3055140628.3298416,2138598439.830889,916542188.4989526,2600.8488210637292,2871.366369463981
Georgia Lake,Canada,Target Outline,,,Project,,,,,49.30144,-87.90182,False,2024,pre-construction,3.8023842778788848,4.6610688085449405,18.492420484155474,True,True,True,True,138407.36630583875,,hard_rock,True,1.3972684926645564,1.285487013251392,pct_Li2O,True,0.65,0.03179009383770692,0.0206635609945095,18.492420484155474,7484.545704789042,235436.41434337193,4864.954708112878,False,138407.36630583875,pre-construction,1.0044340334614728,125.55425418268409,87.88797792787886,37.666276254805226,0.934604329039854,44007978.411787234,30805584.888251062,13202393.523536172,6076.118933036035,6565.287855030934
Nemaska,Canada,Construction Planned,723000.0,tonnes,"Open Pit, Underground",,2025.0,2059.0,12/31/22,51.6797,-75.85327,False,2022,pre-construction,4.5645119144853865,4.125609548179651,34.0,True,False,False,True,723000.0,hard_rock,hard_rock,False,1.3627066583044156,1.2536901256400623,pct_Li2O,True,0.65,0.031003756807078738,0.02015244192460118,34.0,21264.70588235294,685875.1348964849,13822.058823529413,False,723000.0,pre_construction,1.0038280378979783,125.47850473724728,87.83495331607308,37.643551421174195,0.9346391044184078,128209144.36450106,89746401.05515073,38462743.30935033,6226.466509950283,
Puna Plateau,Argentina,Exploration,,,Brine,,,,,-23.48489,-66.93496,False,2024,pre-construction,4.638652505606338,3.0655671574730077,23.86342830199471,True,True,True,True,1414233.1313042522,brine,brine,False,298.4695576401563,274.5919930289438,mgLi_per_L,True,0.55,0.0012180443157442235,0.0006699243736593229,23.86342830199471,59263.619351207744,48654731.67533954,32594.990643164263,False,1414233.1313042522,pre-construction,0.9570066830555487,4.785033415277743,3.34952339069442,1.4355100245833232,0.6907827645363543,672197001.0893116,470537900.7625181,201659100.3267935,7142.6471455882265,8006.844383344776
Yongshan,China,Operating,,,Project,,2022.0,,,40.98409,121.52388,False,2024,operation,5.974335183477485,1.6986956136056355,24.19023596210794,True,True,True,True,45227.56997561816,,brine,True,391.6591919824805,450.4080707798525,mgLi_per_L,True,0.55,0.0019979351339676293,0.0010988643236821962,24.19023596210794,1869.6622077793497,935797.2518689599,1028.3142142786423,False,45227.56997561816,operation,0.9943385521139285,4.971692760569643,3.4801849323987497,1.4915078281708931,0.7039900152198402,13175838.431718273,9223086.90220279,3952751.5295154825,4524.391822923092,
Cauchari-Olaroz,Argentina,Operating,9938000.0,tonnes,Brine,,,,05/07/2019,-23.41623,-66.71316,False,2019,operation,5.616663487250687,3.221615808007386,19.72866770346431,True,True,False,True,9938000.0,brine,brine,False,919.1201513753167,1056.988174081614,mgLi_per_L,True,0.55,0.00468862337553036,0.002578742856541698,19.72866770346431,503733.96467389987,107437498.03041482,277053.68057064497,False,7419330.176630501,operation,0.9656459376226302,4.828229688113151,3.3797607816792055,1.4484689064339453,0.8408590667730866,1806795886.6057987,1264757120.624059,542038765.9817398,1872.3191712834043,
Salar de Olaroz,Argentina,Expansion,9149000.0,tonnes,Brine,,2014.0,2055.0,6/30/23,-23.45,-66.7,False,2023,operation,8.777421926367811,2.418670328375712,41.0,True,False,False,True,9149000.0,brine,brine,False,676.968799728086,778.5141196872988,mgLi_per_L,True,0.55,0.0034533588825795764,0.0018993473854187672,32.0,285906.25,82790772.61336792,157248.4375,False,8863093.75,operation,1.0663066785089472,5.331533392544737,3.7320733747813155,1.599460017763421,1.2664871094582457,2097068925.9383845,1467948248.1568692,629120677.7815154,2807.034370581579,
Roe Hills,Australia,Target Outline,,,Project,,,,,-31.22976,122.57967,False,2024,pre-construction,8.733231193284459,2.30846620408777,16.60370237137092,True,True,True,True,9031075.896332195,,hard_rock,True,1.3972560875506321,1.2854756005465817,pct_Li2O,True,0.65,0.03178981160151696,0.020663377540986027,16.60370237137092,543919.403897778,17109865.598317135,353547.6125335557,False,9031075.896332195,pre-construction,0.9512043198418489,118.90053998023112,83.23037798616177,35.670161994069346,1.1222961049140998,3840467103.3190145,2688326972.32331,1152140130.9957047,5754.167717469743,6408.3988407606785
Marble Bar,Australia,Target Outline,,,Project,,,,,-21.24577,119.91494,False,2024,pre-construction,7.331501146036421,4.263212577049067,25.444183982595646,True,True,True,True,320433.6052947906,,hard_rock,True,1.0960889730273524,1.0084018551851643,pct_Li2O,True,0.65,0.02493777787872911,0.016209555621173922,25.444183982595646,12593.589384276338,505000.46337401,8185.83309977962,False,320433.6052947906,pre-construction,0.924790956440427,115.59886955505337,80.91920868853735,34.679660866516016,1.0935145110063713,110445066.9528843,77311546.86701901,33133520.08586529,7131.526135364932,7661.793513106116
Mallina,Australia,Target Outline,,,Project,,,,,-21.05208,118.0188,False,2024,pre-construction,6.609655945088259,3.2551177511758524,26.212570141203315,True,True,True,True,727370.7186806167,,hard_rock,True,1.3261473723724146,1.2200555825826216,pct_Li2O,True,0.65,0.030171974557268232,0.019611783462224353,26.212570141203315,27748.927890793468,919692.1413984466,18036.803129015756,False,727370.7186806167,pre-construction,0.9559913139995077,119.49891424993845,83.64923997495691,35.84967427498154,0.8816200325408231,162163803.12544754,113514662.18781327,48649140.937634274,6093.220154103465,6436.212754206599
Rupert,Canada,Target Outline,,,Project,,,,,51.77623,-76.88513,False,2024,pre-construction,7.671010563547384,2.884758923527183,11.93503838561835,True,True,True,True,5248971.5192861715,,hard_rock,True,0.9180703606632972,0.8446247318102335,pct_Li2O,True,0.65,0.020887569617667072,0.013576920251483597,11.93503838561835,439795.10996890895,21055351.00631921,285866.82147979084,False,5248971.5192861715,pre-construction,0.9122512763809856,114.0314095476232,79.82198668333623,34.209422864286964,0.9098459560085671,3831425193.0880895,2681997635.1616626,1149427557.926427,8398.915765536929,9521.897720268551
Bougouni,Mali,Preproduction - Commissioning,337300.0,tonnes,Open Pit,,,2025.0,11/14/23,11.33796,-7.59389,False,2023,construction,8.53586680824317,1.7080048507498442,34.93635674822336,True,True,False,True,337300.0,hard_rock,hard_rock,False,1.486460007791044,1.6053768084143276,pct_Li2O,True,0.65,0.03970096847208632,0.025805629506856106,2.0,168650.0,4248007.202105851,109622.5,False,337300.0,construction,0.98798007979129,123.49750997391125,86.44825698173787,37.04925299217338,1.0079905716778341,856390241.6284467,599473169.1399126,256917072.4885341,4785.680967057987,
Sal de Vida Extension,Argentina,Satellite,,,Brine,,,,,-25.31315,-66.8767,False,2024,operation,3.562715029493649,2.7242306077854215,22.247799633928008,True,True,True,True,3174279.872846024,brine,brine,False,1138.5816649384537,1309.3689146792217,mgLi_per_L,True,0.55,0.0058081422773645815,0.00319447825255052,22.247799633928008,142678.3738201791,24565233.943428602,78473.10560109852,False,3174279.872846024,operation,1.0842429646669858,5.421214823334929,3.79485037633445,1.626364447000479,1.0542584517384843,517962110.075854,362573477.0530978,155388633.02275622,1697.0579840406015,
King Tamba,Australia,Reserves Development,2700.0,tonnes,Open Pit,,,,03/09/2023,-27.70733,117.22183,False,2023,pre-construction,4.2858744806986495,3.9568629994527926,24.498093106542605,True,True,False,True,2700.0,hard_rock,hard_rock,False,1.740646885914953,1.601395135041757,pct_Li2O,True,0.65,0.039602501689582646,0.02574162609822872,24.498093106542605,110.21265974693034,2782.9721619814122,71.63822883550472,False,2700.0,pre-construction,1.3612789667969247,170.1598708496156,119.11190959473092,51.04796125488468,0.736924966333695,410168.3333551525,287117.8333486067,123050.5000065458,6610.29999426976,6844.014144329676
Rankin Dome,Australia,Target Outline,,,Project,,,,,-31.10702,119.04693,False,2024,pre-construction,5.268112000895151,2.556088127644953,18.020633366837583,True,True,True,True,42893.05775603851,,hard_rock,True,1.487063604862819,1.3680985164737935,pct_Li2O,True,0.65,0.03383307631239691,0.021991499603057994,18.020633366837583,2380.2192122155006,70351.84120526916,1547.1424879400754,False,42893.05775603851,pre-construction,0.7832431283185913,97.90539103982391,68.53377372787673,29.371617311947176,0.8664793424396457,12191683.421391997,8534178.394974397,3657505.0264176,4451.965205056314,4889.248929140317
Kirup,Australia,Target Outline,,,Project,,,,,-33.82366,115.83541,False,2024,pre-construction,4.144646645299935,2.6069704989671516,23.14720880622842,True,True,True,True,1498326.8103515925,,hard_rock,True,1.4514894325961283,1.335370277988438,pct_Li2O,True,0.65,0.033023706974654066,0.021465409533525142,23.14720880622842,64730.34493681263,1960117.4691409913,42074.72420892821,False,1498326.8103515925,pre-construction,0.8132616346185892,101.65770432732366,71.16039302912655,30.497311298197104,0.8565968104185016,335806074.4223518,235064252.09564623,100741822.32670555,4735.8846878067925,5080.685786146154
Sal de Vida Extension,Argentina,Satellite,,,Brine,,,,,-25.31315,-66.8767,False,2024,operation,6.256119200196767,3.226542510938393,24.368660463549507,True,True,True,True,385155.3429580698,brine,brine,False,946.1508411230998,1088.0734672915646,mgLi_per_L,True,0.55,0.004826512555327499,0.0026545819054301246,24.368660463549507,15805.355552234101,3274694.7969270623,8692.945553728756,False,385155.3429580698,operation,0.9897943835992493,4.948971917996246,3.4642803425973723,1.484691575398874,1.2983147035405358,85031688.08916189,59522181.662413314,25509506.426748574,1864.3131364200117,
Manono,Democratic Republic of the Congo,Feasibility Complete,13490000.0,tonnes,Open Pit,,,,1/22/24,-7.32649,27.38641,False,2024,pre-construction,4.909214265836478,2.420255409764107,28.154366438378727,True,True,False,True,13490000.0,hard_rock,hard_rock,False,1.307456477937806,1.2028599597027816,pct_Li2O,True,0.65,0.029746726803449787,0.019335372422242363,28.154366438378727,479144.1508557997,16107457.940556753,311443.6980562698,False,13490000.0,pre-construction,1.0047470176595596,125.59337720744496,87.91536404521146,37.6780131622335,0.8955951259914134,2885152164.7348638,2019606515.3144045,865545649.4204593,6495.524082223995,6824.560082079713
Manono,Democratic Republic of the Congo,Prefeas/Scoping,71700.0,tonnes,"Tailings, Open Pit",,2026.0,2032.0,8/23/23,-7.31977,27.40828,False,2023,pre-construction,4.923734962995828,3.117309930571864,6.0,True,False,False,True,71700.0,hard_rock,hard_rock,False,1.4842894387287697,1.3655462836304681,pct_Li2O,True,0.65,0.03376995959418148,0.02195047373621796,6.0,11950.0,353864.80006505456,7767.5,False,71700.0,pre_construction,0.9932875983156427,124.16094978945534,86.91266485261873,37.24828493683661,0.8479723488255104,60013513.13556679,42009459.19489675,18004053.940670043,5656.413218298409,
Kachi,Argentina,Feasibility Started,4300580.0,tonnes,Brine,2025.0,2027.0,2052.0,11/22/23,-26.49883,-67.42899,False,2023,pre-construction,5.0091563441313145,2.0,25.0,False,False,False,True,4300580.0,brine,brine,False,861.8490609678827,792.9011360904522,mgLi_per_L,True,0.55,0.0035171772895078975,0.0019344475092293438,25.0,172023.2,48909448.07165762,94612.76000000001,False,4300580.0,pre_construction,1.3242345034154503,6.621172517077252,4.634820761954076,1.9863517551231755,1.1754021459058208,1149765404.3699136,804835783.0589395,344929621.3109741,3422.7718692222525,
Cauchari,Argentina,Target Outline,,,Project,,,,,-23.72524,-66.81108,False,2024,pre-construction,4.169623531817593,2.514394338749131,25.237367848868352,True,True,True,True,1674180.308263028,,brine,True,1402.5828603039909,1290.3762314796716,mgLi_per_L,True,0.55,0.005723893900138577,0.003148141645076218,25.237367848868352,66337.35809093493,11589550.618562108,36485.54695001421,False,1674180.308263028,pre-construction,0.7604362687683367,3.8021813438416836,2.6615269406891784,1.1406544031525052,0.9142142110534804,211906637.5042627,148334646.25298387,63571991.25127882,1207.7542158207532,1437.887609195826
Little Nahanni,Canada,Exploration,,,Project,,,,,62.17046,-128.85376,False,2024,pre-construction,6.98886331484862,2.9447382770846984,42.45198211912333,True,True,True,True,744628.5681381372,,hard_rock,True,1.225297529502281,1.1272737271420985,pct_Li2O,True,0.65,0.027877479272224094,0.018120361526945662,42.45198211912333,17540.490007007345,629199.2843299834,11401.318504554774,False,744628.5681381372,pre-construction,0.9770068163308535,122.1258520413567,85.48809642894967,36.63775561240702,1.2028054222088504,151360862.16840646,105952603.51788451,45408258.65052195,6739.702839799909,7052.4263570519
Cat Lake,Canada,Target Outline,,,Underground,,,,,50.60738,-95.42193,False,2024,pre-construction,6.503363764414113,3.158842400302016,27.97407989827472,True,True,True,True,2050888.0700090197,hard_rock,hard_rock,False,1.0651484560213265,0.9799365795396204,pct_Li2O,True,0.65,0.02423383161201481,0.015751990547809628,27.97407989827472,73313.87046390421,3025269.451305264,47654.01580153774,False,2050888.0700090197,pre-construction,0.8262275934241426,103.27844917801784,72.29491442461249,30.98353475340535,0.8229899654521325,497953280.24262226,348567296.16983557,149385984.0727867,6556.533211758376,6930.069915592567
Lady Grey,Australia,Target Outline,,,Project,,,,,-32.16609,119.70346,False,2024,pre-construction,6.288906249155673,2.704890357636582,30.57973033521881,True,True,True,True,948765.3959981567,,hard_rock,True,1.5020989760811145,1.3819310579946253,pct_Li2O,True,0.65,0.03417515506420708,0.022213850791734605,30.57973033521881,31025.956919752804,907851.2405126567,20166.871997839324,False,948765.3959981567,pre-construction,0.9556382230098027,119.45477787622534,83.61834451335773,35.83643336286761,1.4551133623063757,264205294.21127722,184943705.94789404,79261588.26338318,5377.490782492895,5805.910374013025
Salinas,Brazil,Feasibility Started,948900.0,tonnes,Open Pit,,2026.0,2036.0,05/30/2024,-16.1301,-42.12289,False,2024,pre-construction,3.6903898550014014,2.3375152322260986,10.0,True,False,False,True,948900.0,hard_rock,hard_rock,False,1.2645047157074567,1.1633443384508602,pct_Li2O,True,0.65,0.028769505489889772,0.01870017856842835,10.0,94890.0,3298284.0123319603,61678.5,False,948900.0,pre_construction,1.0802687022133115,135.03358777666395,94.52351144366476,40.51007633299919,0.9820402421734298,647809526.0454459,453466668.2318121,194342857.8136338,7220.978520742157,
Catamarca,Argentina,Prefeas/Scoping,,,Project,,,,,-28.77164,-65.54279,False,2024,pre-construction,5.5313587145935195,1.9566686658085894,25.353312774582434,True,True,True,True,448361.70413594245,,brine,True,388.5077719565579,357.4271502000333,mgLi_per_L,True,0.55,0.0015854872670956477,0.0008720179969026063,25.353312774582434,17684.541192795936,11154010.227525264,9726.497656037765,False,448361.70413594245,pre-construction,0.8053032035218202,4.026516017609101,2.8185612123263706,1.2079548052827302,1.0263994936329541,228969408.99017444,160278586.2931221,68690822.69705233,4617.468942053054,5545.978251625014
San Luis,Argentina,Target Outline,,,Open Pit,,,,,-32.53083,-65.40687,False,2024,pre-construction,6.680681643242772,3.1355618371031504,45.423519857303155,True,True,True,True,4409150.896314914,hard_rock,hard_rock,False,1.7104858392887907,1.5736469721456876,pct_Li2O,True,0.65,0.03891628962116285,0.025295588253755854,45.423519857303155,97067.5744672837,2494265.907983631,63093.92340373441,False,4409150.896314914,pre-construction,1.165986541336037,145.74831766700464,102.02382236690325,43.724495300101395,0.9517299187644934,474773497.9964613,332341448.59752285,142432049.39893842,5761.807798455296,5927.467986397349
Bergby,Sweden,Target Outline,,,Project,,,,,60.95194,17.0794,False,2024,pre-construction,4.479477305892257,4.292492927927213,23.506593880395233,True,True,True,True,39178.1958312289,,hard_rock,True,1.31964122177282,1.2140699240309945,pct_Li2O,True,0.65,0.030023949221286494,0.019515566993836223,23.506593880395233,1666.6896118839218,55512.00475326763,1083.348247724549,False,39178.1958312289,pre-construction,0.8808110068809651,110.10137586012064,77.07096310208445,33.03041275803619,0.9888855127774125,10979003.457147446,7685302.420003211,3293701.0371442344,5641.72057593279,6072.847486988607
Sal de los Angeles,Argentina,Preproduction,828563.0,tonnes,Brine,,,2035.0,6/30/18,-25.24472,-66.74833,False,2018,construction,5.362977740296504,1.3874656372629601,47.2600044399375,True,True,False,True,828563.0,brine,brine,False,1597.8698784835024,1725.6994687621827,mgLi_per_L,True,0.55,0.0076549152268509165,0.004210203374768004,17.0,48739.0,6367020.215852903,26806.45,False,828563.0,construction,0.8545162324435313,4.272581162217656,2.990806813552359,1.281774348665297,1.0022315528949064,127624571.16495034,89337199.81546523,38287371.349485114,1014.8158608734878,
Cross Lake,Canada,Target Outline,,,Project,,,,,54.52003,-97.54552,False,2024,pre-construction,3.526951645389894,3.9633263266394603,28.35170998248415,True,True,True,True,269518.3326491031,,brine,True,446.69655578308254,410.96083132043594,mgLi_per_L,True,0.55,0.001822953754265567,0.001002624564846062,28.35170998248415,9506.246107046562,5214748.91219961,5228.435358875609,False,269518.3326491031,pre-construction,0.7812392609010085,3.9061963045050425,2.7343374131535296,1.1718588913515129,0.9344844144302263,97462031.67235024,68223422.17064516,29238609.50170508,3895.9710757782805,4553.4539720547145
Bougouni,Mali,Preproduction - Commissioning,337300.0,tonnes,Open Pit,,,2025.0,11/14/23,11.33796,-7.59389,False,2023,construction,4.070519480944363,4.452081102666056,39.98206338710021,True,True,False,True,337300.0,hard_rock,hard_rock,False,1.2775554533119142,1.3797598895768675,pct_Li2O,True,0.65,0.03412146206923593,0.022178950345003355,2.0,168650.0,4942636.973110705,109622.5,False,337300.0,construction,0.9003593334875593,112.54491668594491,78.78144168016144,33.76347500578348,1.27941769747586,1264739443.1192703,885317610.1834892,379421832.9357811,5074.402301969169,
Karibib,Namibia,Construction Planned,59833.0,tonnes,"Stock Pile, Openn Pit, Underground",,2024.0,2042.0,02/02/2023,-22.10425,15.99674,False,2023,pre-construction,4.740790084986342,3.086524630906679,18.0,True,False,False,True,59833.0,hard_rock,hard_rock,False,0.780541858597736,0.7180985099099171,pct_Li2O,True,0.65,0.017758576150072248,0.011543074497546962,18.0,3324.0555555555557,187180.29685854248,2160.6361111111114,False,59833.0,pre-construction,0.8946650018154818,111.83312522693522,78.28318765885466,33.549937568080566,0.6359689126082332,23808169.97096271,16665718.979673896,7142450.991288815,9688.330890587344,10300.500659803012
Campus Creek,Canada,Target Outline,,,Project,,,,,49.30754,-85.63581,False,2024,pre-construction,5.473716274905395,4.493115069846277,35.37276219564929,True,True,True,True,108807.73666950135,,hard_rock,True,1.0309965763296627,0.9485168502232897,pct_Li2O,True,0.65,0.023456821706021952,0.01524693410891427,35.37276219564929,3076.0316671816,131135.91030075084,1999.42058366804,False,108807.73666950135,pre-construction,1.1323229439806113,141.54036799757642,99.0782575983035,42.46211039927293,0.7832102672622957,20541398.2708671,14378978.78960697,6162419.481260132,9283.201920235457,9573.642215689259
Yellowknife,Canada,Grassroots,,,Project,,,,,62.58,-113.502,False,2024,pre-construction,5.665648983995216,3.4632044677771967,35.393801491460565,True,True,True,True,445246.0140019589,,hard_rock,True,1.4386629949091707,1.323569955316437,pct_Li2O,True,0.65,0.03273188499497549,0.021275725246734066,35.393801491460565,12579.773724203744,384327.8114332494,8176.852920732434,False,445246.0140019589,pre-construction,0.7911265432901194,98.89081791126493,69.22357253788545,29.667245373379487,0.9262643101704131,71197827.02730468,49838478.91911327,21359348.10819141,4648.058609726838,4894.068938980597
Rupert,Canada,Target Outline,,,Project,,,,,51.77623,-76.88513,False,2024,pre-construction,7.989590491127231,3.0925938199310554,22.849894810725946,True,True,True,True,270980.7241315182,,brine,True,386.299091662817,355.3951643297916,mgLi_per_L,True,0.55,0.0015764737164395673,0.0008670605440417621,22.849894810725946,11859.167246770758,7522591.162226565,6522.541985723918,False,270980.7241315182,pre-construction,1.0324768553334185,5.162384276667092,3.6136689936669644,1.5487152830001278,0.9721172729172146,146256816.11789656,102379771.28252758,43877044.835368976,5953.891354117995,6935.22124281391
Destaffany,Canada,Target Outline,,,Project,,,,,62.18124,-112.20975,False,2024,pre-construction,5.109503652602372,2.9259803070540347,21.628950674503443,True,True,True,True,442029.771465942,,brine,True,1689.603351037991,1554.4350829549517,mgLi_per_L,True,0.55,0.0068952149554743405,0.0037923682255108877,21.628950674503443,20436.949444200905,2963932.1726983045,11240.322194310498,False,442029.771465942,pre-construction,1.1345031186318448,5.672515593159224,3.9707609152114562,1.7017546779477675,1.3315542160856073,78932727.61496404,55252909.33047482,23679818.284489214,1495.7713111824874,1820.4418638764323
Dundas,Australia,Target Outline,,,Project,,,,,-32.116668,122.133334,False,2024,pre-construction,3.548173574591734,2.9316293783926355,41.48553086777988,True,True,True,True,243967.75867416285,,hard_rock,True,1.207249533874309,1.1106695711643644,pct_Li2O,True,0.65,0.027466858494894726,0.017853458021681572,41.48553086777988,5880.791533118422,214104.99253897154,3822.5144965269747,False,243967.75867416285,pre-construction,0.9629112890207663,120.36391112759578,84.25473778931705,36.10917333827874,1.1148426845732131,47738676.932534955,33417073.852774467,14321603.079760488,6741.770192722531,7042.810456226513
Kachi,Argentina,Feasibility Started,4300580.0,tonnes,Brine,2025.0,2027.0,2052.0,11/22/23,-26.49883,-67.42899,False,2023,pre-construction,7.5337918046099155,2.0,25.0,False,False,False,True,4300580.0,brine,brine,False,541.7077577147054,498.37113709752896,mgLi_per_L,True,0.55,0.0022106913023084555,0.0012158802162696505,25.0,172023.2,77814211.24711956,94612.76000000001,False,4300580.0,pre_construction,1.122170848940555,5.610854244702775,3.9275979712919424,1.6832562734108327,0.9981614818986517,1553422968.2239919,1087396077.7567942,466026890.46719766,4614.643917734767,
Kathleen Valley,Australia,Operating,2090000.0,tonnes,"Open Pit, Underground",,2024.0,2046.0,11/11/2021,-27.46948,120.55802,False,2021,operation,3.9305144250520883,2.369687172389229,22.0,True,False,False,True,2090000.0,hard_rock,hard_rock,False,1.711539128003837,1.9682699972044124,pct_Li2O,True,0.65,0.04867531703086512,0.03163895607006233,22.0,95000.0,1951707.8838903157,61750.0,False,2090000.0,operation,0.9012635698628584,112.6579462328573,78.8605623630001,33.7973838698572,0.8501771303461739,331859481.59997445,232301637.1199821,99557844.47999236,3560.735252559658,
Buldania,Australia,Prefeas/Scoping,145000.0,tonnes,Project,,,,10/31/19,-32.03327,122.04717,False,2019,pre-construction,4.141003022463655,3.4910960918696032,18.424242827449373,True,True,False,True,145000.0,,hard_rock,True,1.3435011669787817,1.2360210736204793,pct_Li2O,True,0.65,0.03056680115063445,0.019868420747912393,18.424242827449373,7870.065617240543,257471.02480421608,5115.542651206353,False,145000.0,pre-construction,1.0640979397543453,133.01224246929317,93.10856972850522,39.903672740787954,1.4786507778669806,76141946.22099255,53299362.35469478,22842583.866297767,6694.656015036775,7502.52812348232
Cauchari-Olaroz,Argentina,Operating,9938000.0,tonnes,Brine,,2023.0,2060.0,05/07/2019,-23.41623,-66.71316,False,2019,operation,8.864817233169356,2.981897549375293,37.0,True,False,False,True,9938000.0,brine,brine,False,835.6393381820815,960.9852389093936,mgLi_per_L,True,0.55,0.004262770355595586,0.0023445236955775724,37.0,268594.5945945946,63009398.158645846,147727.02702702704,False,9669405.405405406,operation,0.9511599579243423,4.755799789621712,3.329059852735198,1.4267399368865137,1.1882555287335554,1497425314.4836967,1048197720.1385876,449227594.3451091,2028.471624574527,
Pastos Grandes,Argentina,Construction Planned,2127000.0,tonnes,Brine,,,2063.0,4/30/23,-24.57086,-66.70459,False,2023,pre-construction,7.061937651187869,3.386710735269557,22.676747656743377,True,True,False,True,2127000.0,brine,brine,False,734.4650699356064,675.7078643407579,mgLi_per_L,True,0.55,0.002997327468238212,0.0016485301075310167,40.0,53175.0,17740804.287646133,29246.250000000004,False,2127000.0,pre-construction,1.382417651424734,6.91208825712367,4.838461779986568,2.0736264771371014,1.6631661956140849,590118119.4843693,413082683.6390585,177035435.8453108,4192.879599557827,4697.3187323392685
Sal de la Puna,Argentina,Prefeas/Scoping,228000.0,tonnes,Project,,,,09/09/2021,-24.5889,-66.60444,False,2021,pre-construction,5.185947351479621,4.312172989261051,20.52375113094976,True,True,False,True,228000.0,,brine,True,642.4024824048515,591.0102838124634,mgLi_per_L,True,0.55,0.002621623117278119,0.0014418927145029656,20.52375113094976,11109.080330650504,4237481.832317845,6109.994181857778,False,228000.0,pre-construction,0.9583090435278636,4.791545217639318,3.3540816523475225,1.4374635652917958,0.7411364102120969,62811041.47086052,43967729.02960236,18843312.441258155,3323.0941313764874,3823.9796295492188
Coolgardie,Australia,Target Outline,,,Open Pit,,,,,-31.1352,121.08174,False,2024,pre-construction,4.360332232459681,2.36661240091558,19.758653553058,True,True,True,True,252955.02745393245,hard_rock,hard_rock,False,1.070838872911431,0.9851717630785166,pct_Li2O,True,0.65,0.024363297700931714,0.015836143505605613,19.758653553058,12802.240131123874,525472.3842509334,8321.456085230519,False,252955.02745393245,pre-construction,0.9561012939133514,119.51266173916893,83.65886321741824,35.85379852175069,1.409671865319004,148148727.21612754,103704109.05128928,44444618.16483827,7546.828664242928,8447.862816788289
Salar De Arizaro,Argentina,Prefeas/Scoping,1665288.0,tonnes,Brine,,2028.0,2047.0,04/09/2024,-24.77014,-67.70972,False,2024,pre-construction,5.367027958320399,2.7960523788821297,19.0,True,False,False,True,1665288.0,brine,brine,False,891.5454691717466,820.221831638007,mgLi_per_L,True,0.55,0.0036383673415075926,0.0020011020378291763,19.0,87646.73684210527,24089578.81800577,48205.7052631579,False,1665288.0,pre_construction,1.0624479981143895,5.312239990571948,3.7185679934003635,1.5936719971715845,0.9791694909291667,471755612.558495,330228928.7909465,141526683.7675485,2654.657228941079,
Helados,Chile,Exploration,,,Project,,,,,-23.1171,-67.13891,False,2024,pre-construction,5.190823484972305,2.4836714703066125,30.06522199198081,True,True,True,True,32934.663990589026,,brine,True,1453.0085798330638,1336.7678934464188,mgLi_per_L,True,0.55,0.005929679580679407,0.003261323769373674,30.06522199198081,1095.4405724785126,184738.5777888862,602.4923148631821,False,32934.663990589026,pre-construction,0.9237326325102186,4.618663162551093,3.2330642137857653,1.385598948765328,0.8421989193691626,3111732.611591919,2178212.828114343,933519.783477576,1416.192776051208,1587.978213396387
Salar de Atacama,Chile,Exploration,,,Project,,,,,-23.02125,-68.11722,False,2024,pre-construction,7.903679902898071,1.6491620119331172,24.662716680193075,True,True,True,True,535381.0598060674,,brine,True,795.539838591312,731.8966515040071,mgLi_per_L,True,0.55,0.003246571563296525,0.0017856143598130889,24.662716680193075,21708.113779535015,6686473.209139086,11939.46257874426,False,535381.0598060674,pre-construction,0.971023971227114,4.85511985613557,3.3985838992948985,1.4565359568406713,1.0250136793490632,137074530.11937186,95952171.0835603,41122359.03581156,2719.019271688532,3184.5314780582084
Salar Ollague,Chile,Target Outline,,,Brine,,,,,-21.23276,-68.27653,False,2024,pre-construction,5.489607068778974,3.2612411488256186,27.359644337033085,True,True,True,True,976077.1080277044,brine,brine,False,1034.0277687058992,951.3055472094273,mgLi_per_L,True,0.55,0.0042198328564964855,0.002320908071073067,27.359644337033085,35675.79665889587,8454315.104915243,19621.688162392733,False,976077.1080277044,pre-construction,1.0520731666251684,5.260365833125842,3.6822560831880895,1.5781097499377528,1.023155128026296,173001517.07088408,121101061.94961885,51900455.12126523,2266.5119306917327,2588.769475991345
Salar de Turi,Chile,Target Outline,,,Project,,,,,-22.22576,-68.30319,False,2024,pre-construction,4.071741612618783,3.276097485372266,36.383995016963176,True,True,True,True,202995.37969309633,,brine,True,1664.7267172513564,1531.548579871248,mgLi_per_L,True,0.55,0.006793694242212212,0.003736531833216717,36.383995016963176,5579.249326481453,821239.3916427856,3068.5871295647994,False,202995.37969309633,pre-construction,1.1402922470169985,5.7014612350849925,3.9910228645594943,1.7104383705254982,0.9384619851805647,15414038.995791357,10789827.29705395,4624211.698737407,1525.8698412256535,1663.9297590881413
Salar de Laguna Blanca,Chile,Target Outline,,,Project,,,,,-22.87966,-67.41479,False,2024,pre-construction,8.399432001616463,4.9313472588286045,30.307265874043193,True,True,True,True,182731.27698174946,,brine,True,822.398497968172,756.6066181307183,mgLi_per_L,True,0.55,0.0033561808569248443,0.0018458994713086644,30.307265874043193,6029.289403444689,1796473.3309900123,3316.109171894579,False,182731.27698174946,pre-construction,0.9144995977144491,4.572497988572246,3.2007485920005716,1.371749396571674,0.7476487081024612,26862619.30110416,18803833.51077291,8058785.790331248,2477.1110559615354,2744.3949430373405
Salar de llamara,Chile,Exploration,,,Project,,,,,-21.04689,-69.59468,False,2024,pre-construction,6.364201288579648,3.2134433202121064,17.16643655349279,True,True,True,True,186694.53095420598,,brine,True,696.112578222931,640.4235719650966,mgLi_per_L,True,0.55,0.0028408122279751746,0.0015624467253863461,17.16643655349279,10875.555353170834,3828326.0139733083,5981.555444243959,False,186694.53095420598,pre-construction,1.0091489196927106,5.045744598463553,3.5320212189244873,1.513723379539066,0.9318390556688857,71347673.95307034,49943371.76714924,21404302.185921103,3229.386651385437,3924.227806549519
Trila 1,Argentina,Target Outline,,,Project,,,,,-25.61352,-67.72887,False,2024,pre-construction,4.2782558409543965,2.780126877745033,19.184071850423333,True,True,True,True,10540140.605075669,,brine,True,859.1205781668423,790.3909319134949,mgLi_per_L,True,0.55,0.003506042442146278,0.001928323343180453,19.184071850423333,549421.4516738834,156707016.74037537,302181.79842063587,False,10540140.605075669,pre-construction,0.9746750712237712,4.8733753561188555,3.4113627492831986,1.462012606835657,0.7730297102218859,2422783594.810972,1695948516.3676805,726835078.4432917,2527.260468714247,2945.192377454934
Antofalla North,Argentina,Target Outline,,,Project,,,,,-25.57107,-67.56205,False,2024,pre-construction,4.258744708290729,4.1107698580849865,38.58065676308004,True,True,True,True,792141.5621247347,,brine,True,1284.500161503498,1181.7401485832183,mgLi_per_L,True,0.55,0.0052420023424237265,0.0028831012883330496,38.58065676308004,20532.0911717288,3916841.281348121,11292.650144450841,False,792141.5621247347,pre-construction,1.1103251373930736,5.551625686965368,3.8861379808757572,1.6654877060896105,1.0172697786427283,79689685.26511407,55782779.685579844,23906905.579534225,1925.574279832258,2108.483931052966
Solaroz,Argentina,Prefeas/Scoping,1320036.0,tonnes,Brine,,,,10/25/2023,-23.34246,-66.72922,False,2023,pre-construction,5.676536508856499,1.3508198534226552,26.961325032930652,True,True,False,True,1320036.0,brine,brine,False,1114.0089222030738,1024.888208426828,mgLi_per_L,True,0.55,0.004546233277880005,0.002500428302834003,26.961325032930652,48960.3533352943,10769432.70234594,26928.194334411866,False,1320036.0,pre-construction,1.1311364811381894,5.655682405690947,3.9589776839836626,1.6967047217072846,0.7610305815716761,163917352.65326715,114742146.85728699,49175205.795980155,2261.88545349641,2487.660773471522
Urgakh Naran,Mongolia,Target Outline,,,Project,,,,,45.81375,111.36649,False,2024,pre-construction,4.135449479126054,2.55616700708778,27.831760299478205,True,True,True,True,1120386.606110153,,hard_rock,True,1.053738393749796,0.9694393222498123,pct_Li2O,True,0.65,0.02397423443923786,0.015583252385504608,27.831760299478205,40255.6860958291,1679122.9016240833,26166.195962288915,False,1120386.606110153,pre-construction,1.0624683018124408,132.8085377265551,92.96597640858856,39.84256131796654,1.0439506315577156,350584282.72269714,245408997.905888,105175284.81680915,8522.517279518128,9003.922922906342
Bandeira,Brazil,Feasibility Complete,766310.0,tonnes,Underground,,,,02/20/2024,-16.78716,-41.90737,False,2024,pre-construction,6.409920157865086,3.591253173105308,18.07445423987069,True,True,False,True,766310.0,hard_rock,hard_rock,False,1.0948597232235844,1.0072709453656976,pct_Li2O,True,0.65,0.0249098104788937,0.016191376811280904,18.07445423987069,42397.40740329443,1702036.5305154822,27558.314812141383,False,766310.0,pre-construction,1.0407539628547273,130.09424535684093,91.06597174978864,39.028273607052284,0.920110551198724,313212354.0505928,219248647.83541495,93963706.21517783,8034.785853800974,8663.598162237293
Baixa Grande,Brazil,Prefeas/Scoping,150800.0,tonnes,Project,,,,01/04/2024,-16.12676,-42.11307,False,2024,pre-construction,6.335771935089446,2.1366160777383865,17.403104127765232,True,True,False,True,150800.0,,hard_rock,True,1.0270428864966892,0.9448794555769541,pct_Li2O,True,0.65,0.023366868936418074,0.015188464808671748,17.403104127765232,8665.120825164226,370829.3502540828,5632.328536356747,False,150800.0,pre-construction,1.3084195684221585,163.5524460527698,114.48671223693884,49.06573381583095,1.2094423740844293,89699345.95029686,62789542.1652078,26909803.78508906,10768.20127070319,11683.313961483611
Bynoe,Australia,Reserves Development,58000.0,tonnes,Project,,,,12/19/23,-12.67849,130.73987,False,2023,pre-construction,3.6701782454348635,2.699967000101963,19.310122352005614,True,True,False,True,58000.0,,hard_rock,True,1.2757113252812524,1.1736544192587524,pct_Li2O,True,0.65,0.029024473788268945,0.018865907962374816,19.310122352005614,3003.6060332872994,103485.28814676705,1952.3439216367447,False,58000.0,pre-construction,0.8774195629815306,109.67744537269132,76.77421176088392,32.90323361180741,0.8534660507089123,17664236.03621902,12364965.225353314,5299270.810865706,5813.525942744251,6282.073317710272
Hombre Muerto North,Argentina,Prefeas/Scoping,640000.0,tonnes,Brine,,2029.0,2054.0,09/05/2023,-25.22556,-66.98187,False,2023,pre-construction,7.403809971601714,3.9011410884304514,25.0,True,False,False,True,640000.0,brine,brine,False,1694.5447621703552,1558.9811811967268,mgLi_per_L,True,0.55,0.006915380689591815,0.0038034593792754985,25.0,25600.0,3701893.091515553,14080.000000000002,False,640000.0,pre_construction,1.278446003011569,6.392230015057844,4.474561010540491,1.9176690045173537,0.7615743416120616,56385335.87778393,39469735.11444875,16915600.763335183,1680.6358048381385,
Carachi,Argentina,Target Outline,,,Project,,,,,-26.39973,-67.46635,False,2024,pre-construction,7.268300278742638,2.6605412354895117,26.993219564092552,True,True,True,True,339307.132533915,,brine,True,708.5101053029341,651.8292968786994,mgLi_per_L,True,0.55,0.0028914061227377644,0.0015902733675057705,26.993219564092552,12570.087526175454,4347396.039361398,6913.5481393965,False,339307.132533915,pre-construction,1.0841560334567746,5.420780167283873,3.7945461170987107,1.626234050185162,0.7536486412539088,65528182.361146845,45869727.65280279,19658454.708344057,3408.7096458050964,3759.8432894093344
Boardwalk,Canada,Prefeas/Scoping,2477800.0,tonnes,Brine,,2027.0,,3/33/2024,54.97925,-117.2243,False,2024,pre-construction,8.278311701130486,2.3941612788609046,22.557748227125792,True,True,False,True,2477800.0,brine,brine,False,1598.9891386487434,1471.070007556844,mgLi_per_L,True,0.55,0.006525421375187567,0.003588981756353162,22.557748227125792,109842.52395460442,16833016.235897426,60413.388175032436,False,2477800.0,pre_construction,0.7946299262592925,3.9731496312964625,2.7812047419075236,1.1919448893889388,1.052463612593078,354322741.5694108,248025919.09858754,106296822.47082326,1107.040910493137,
Park Place,Canada,Reserves Development,8774405.0,tonnes,Project,,,,06/24/2024,54.14037,-117.06207,False,2024,pre-construction,6.603050285306933,4.064428595053695,30.32841932086614,True,True,False,True,8774405.0,,brine,True,750.7116464313347,690.6547147168279,mgLi_per_L,True,0.55,0.003063629205364729,0.0016849960629506011,30.32841932086614,289312.9677207791,94434720.49886534,159122.13224642852,False,8774405.0,pre-construction,1.0197081434900406,5.098540717450203,3.568978502215142,1.5295622152350612,2.195380930409115,4146403691.034475,2902482583.724132,1243921107.3103428,3025.8472583740845,3885.041221028061
Bourier,Canada,Exploration,,,Project,,,,,51.86,-75.22,False,2024,pre-construction,6.721307902796118,1.786980077382493,23.876390049261435,True,True,True,True,239974.69454938217,,hard_rock,True,0.8665890501804241,0.7972619261659902,pct_Li2O,True,0.65,0.019716287434084937,0.01281558683215521,23.876390049261435,10050.710934704523,509766.9106471409,6532.96210755794,False,239974.69454938217,pre-construction,0.8089088793437297,101.11360991796622,70.77952694257634,30.334082975389876,0.7569607260019469,77174706.15504587,54022294.308532104,23152411.846513763,7889.8930842764885,8384.654906495109
Horse Rocks,Australia,Target Outline,,,Project,,,,,-31.09644,121.32243,False,2024,pre-construction,4.514061809287966,3.929268688346956,25.858616910228484,True,True,True,True,124372.03960755798,,hard_rock,True,1.3128451939217052,1.2078175784079688,pct_Li2O,True,0.65,0.02986932871402907,0.019415063664118895,25.858616910228484,4809.694193596337,161024.51580498068,3126.301225837619,False,124372.03960755798,pre-construction,0.9817863449454042,122.72329311817552,85.90630518272286,36.81698793545266,0.8800188790185111,28340922.77863952,19838645.945047665,8502276.833591856,6321.03480273316,6671.607325279424
Hidden Lake,Canada,Target Outline,,,Project,,,,,62.54136,-113.42996,False,2024,pre-construction,3.5783108123694074,2.5884196357322544,42.40164590360774,True,True,True,True,8310576.724156861,,hard_rock,True,1.200277754480199,1.1042555341217832,pct_Li2O,True,0.65,0.0273082393588317,0.017750355583240604,42.40164590360774,195996.5597337757,7177195.027419037,127397.76382695421,False,8310576.724156861,pre-construction,0.7376834027412056,92.2104253426507,64.54729773985548,27.663127602795214,1.3571585473522838,1948118315.495211,1363682820.8466475,584435494.6485634,5194.8494727459565,5555.48691106597
Trieste,Canada,Target Outline,,,Project,,,,,53.27853,-72.24493,False,2024,pre-construction,3.958062698291651,2.289293503139051,14.1100574352336,True,True,True,True,29864.198576533297,,hard_rock,True,1.6316176347251323,1.5010882239471217,pct_Li2O,True,0.65,0.037121911778212315,0.024129242655838004,14.1100574352336,2116.5185693688763,57015.3439837414,1375.7370700897698,False,29864.198576533297,pre-construction,1.115759397154346,139.46992464429326,97.62894725100527,41.840977393287986,1.1360159828954022,12954068.407161888,9067847.885013321,3886220.5221485663,5780.120272881789,6447.452294531229
Sepeda,Portugal,Prefeas/Scoping,103000.0,tonnes,"Underground, Open Pit",,,,01/01/2017,41.73771,-7.72745,False,2017,pre-construction,8.884718378889218,2.975608793379463,29.124351009260092,True,True,False,True,103000.0,hard_rock,hard_rock,False,1.6501950619214214,1.5181794569677078,pct_Li2O,True,0.65,0.03754457797081141,0.02440397568102742,29.124351009260092,3536.559491651887,94196.27767293972,2298.763669573727,False,103000.0,pre-construction,0.8884743176142779,111.05928970178473,77.7415027912493,33.31778691053543,1.284834034328092,24205316.692242462,16943721.684569724,7261595.007672738,4550.86872538258,4912.411917200989
Alberta,Canada,Target Outline,,,Brine,,,,,54.92194,-117.34459,False,2024,pre-construction,6.478671812311038,2.9665566144966484,32.20797564612705,True,True,True,True,962057.1406480779,brine,brine,False,302.91262741480233,278.6796172216182,mgLi_per_L,True,0.55,0.0012361763353922282,0.0006798969844657256,32.20797564612705,29870.152387666854,24163342.6659873,16428.58381321677,False,962057.1406480779,pre-construction,1.2813599556136643,6.406799778068322,4.484759844647825,1.9220399334204972,1.05898453590941,511772124.3832122,358240487.0682485,153531637.3149637,9423.19193120542,10390.384764449216
Larder River,Canada,Exploration,,,Project,,,,,44.72066,-64.48995,False,2024,pre-construction,8.636817447026722,4.468564113043627,18.48806432211257,True,True,True,True,548197.1158330481,,hard_rock,True,1.0996078576915869,1.01163922907626,pct_Li2O,True,0.65,0.025017838135055908,0.01626159478778634,18.48806432211257,29651.40678234115,1185210.5934282353,19273.41440852175,False,548197.1158330481,pre-construction,0.8972603923366764,112.15754904208455,78.51028432945918,33.64726471262537,1.0969166807865134,260015454.0352627,182010817.82468387,78004636.21057883,6897.081774926723,7626.789691815311
Salinitas,Argentina,Target Outline,,,Project,,,,,-23.79676,-66.13004,False,2024,pre-construction,5.228045742101393,3.5928886313872725,37.06196377886649,True,True,True,True,366736.4262206161,,brine,True,1053.3616609808469,969.0927281023792,mgLi_per_L,True,0.55,0.00429873382640747,0.0023643036045241086,37.06196377886649,9895.22380435051,2301892.651171689,5442.373092392781,False,366736.4262206161,pre-construction,1.0084652816826587,5.0423264084132935,3.529628485889305,1.5126979225239885,1.0054619718327156,46289310.47988647,32402517.335920528,13886793.143965945,2132.689895986612,2362.1800057039204
Paterson Lake,Canada,Target Outline,,,Project,,,,,50.27195,-94.51576,False,2024,pre-construction,7.073014380484504,2.918587883938717,17.009756067109063,True,True,True,True,37686.6118218763,,hard_rock,True,1.000340556165681,0.9203133116724266,pct_Li2O,True,0.65,0.02275934819765911,0.014793576328478423,17.009756067109063,2215.5880233196917,97348.48309704993,1440.1322151577997,False,37686.6118218763,pre-construction,0.8159729924107695,101.99662405134619,71.39763683594232,30.598987215403866,0.7961780441928471,15501344.97546993,10850941.48282895,4650403.49264098,6894.656287742759,7527.459871994424
GC,Canada,Target Outline,,,Project,,,,,51.00616,-118.39358,False,2024,pre-construction,3.95686232816604,3.122657579188572,34.851780011401345,True,True,True,True,66989.61067909104,,brine,True,1604.927620712795,1476.5334110557715,mgLi_per_L,True,0.55,0.006549656122541559,0.003602310867397858,34.851780011401345,1922.1288168689287,293470.1884964087,1057.1708492779107,False,66989.61067909104,pre-construction,0.9811878238747307,4.905939119373653,3.434157383561557,1.4717817358120961,1.0374385167352196,6089145.5411943905,4262401.878836073,1826743.6623583175,1361.8866610802736,1527.153686803086
Manono,Democratic Republic of the Congo,Prefeas/Scoping,71700.0,tonnes,"Tailings, Open Pit",,2026.0,2032.0,8/23/23,-7.31977,27.40828,False,2023,pre-construction,4.525408902000246,2.5959154542284533,6.0,True,False,False,True,71700.0,hard_rock,hard_rock,False,1.1953704321358156,1.0997407975649505,pct_Li2O,True,0.65,0.027196589923781222,0.017677783450457795,6.0,11950.0,439393.3222323101,7767.5,False,71700.0,pre_construction,1.0069123352247034,125.86404190308792,88.10482933216154,37.75921257092638,0.8179711505055599,71882212.26216458,50317548.583515204,21564663.678649373,7119.899519972255,
Ceara,Brazil,Exploration,,,Project,,,,,-5.54053,-38.98141,False,2024,pre-construction,4.969737720664317,4.628210729949315,23.76237283508154,True,True,True,True,3141323.098496888,,hard_rock,True,1.256419174326914,1.1559056403807608,pct_Li2O,True,0.65,0.028585546486616216,0.01858060521630054,23.76237283508154,132197.36599112698,4624622.658623019,85928.28789423253,False,3141323.098496888,pre-construction,1.079317572161348,134.9146965201685,94.44028756411794,40.47440895605055,1.1264237176511387,1041856929.5719669,729299850.7003767,312557078.87159014,7261.0496240353605,7771.298574706198
Blesberg,South Africa,Expansion,,,Open Pit,,,,,-28.98333,17.73121,False,2024,operation,6.032776639704535,2.7571313055498305,23.067598697808357,True,True,True,True,171424.84852226474,hard_rock,hard_rock,False,1.4310498477663205,1.6457073249312684,pct_Li2O,True,0.65,0.040698342145550265,0.026453922394607674,23.067598697808357,7431.412812749848,182597.43323629114,4830.418328287401,False,171424.84852226474,operation,1.4492785403674424,181.1598175459303,126.81187228215121,54.347945263779096,0.5754598909676689,21015499.80422646,14710849.862958523,6304649.941267939,6848.126899429389,
Sabi Star,Zimbabwe,Operating,,,Open Pit,,2023.0,,,-19.20352,31.96068,False,2024,operation,6.064178713811036,4.043713126639086,27.345994343430966,True,True,True,True,2628996.997510423,hard_rock,hard_rock,False,1.8189256793575432,2.0917645312611746,pct_Li2O,True,0.65,0.051729336858088844,0.03362406895775775,27.345994343430966,96138.2849895147,1858486.7084852585,62489.88524318455,False,2628996.997510423,operation,1.28102960126641,160.12870015830126,112.09009011081088,48.03861004749038,0.654497395316734,243274941.9868744,170292459.39081207,72982482.59606233,4762.323690195632,
Mt Edwards,Australia,Target Outline,,,Project,,,,,-31.45588,121.53897,False,2024,pre-construction,5.8124620396640605,3.3412708133915436,29.06062298258396,True,True,True,True,1827898.7498346707,,hard_rock,True,1.6570397062875541,1.52447652978455,pct_Li2O,True,0.65,0.03770030458157192,0.02450519797802175,29.06062298258396,62899.503253255476,1668408.357740458,40884.67711461606,False,1827898.7498346707,pre-construction,1.1254757609634192,140.6844701204274,98.47912908429917,42.20534103612822,0.961599686265195,320868190.67309076,224607733.4711635,96260457.20192724,5741.005244952709,6011.065810567157
Lac La Motte,Canada,Target Outline,,,Project,,,,,48.37936,-78.05634,False,2024,pre-construction,5.511818348386812,4.180947241926775,14.022909909459774,True,True,True,True,1562584.021133718,,brine,True,614.7460797631497,565.5663933820978,mgLi_per_L,True,0.55,0.002508758259977422,0.001379817042987582,14.022909909459774,111430.79654812643,44416713.37003561,61286.93810146954,False,1562584.021133718,pre-construction,0.9531135635843861,4.765567817921931,3.3358974725453514,1.4296703453765796,1.0073004006308617,894819463.4468604,626373624.4128022,268445839.0340582,3453.767905057555,4494.956383238637
Superb Lake,Canada,Target Outline,,,Project,,,,,50.47385,-87.02368,False,2024,pre-construction,6.146388786069416,2.6842034572591564,35.093023954404956,True,True,True,True,2143530.775096815,,hard_rock,True,1.1774043689872384,1.0832120194682595,pct_Li2O,True,0.65,0.02678783324145006,0.01741209160694254,35.093023954404956,61081.39264036704,2280191.6112368866,39702.90521623858,False,2143530.775096815,pre-construction,0.9593078143281325,119.91347679101656,83.93943375371158,35.97404303730498,1.429010176209896,651683403.23319,456178382.26323295,195505020.969957,6886.793355900146,7354.521583913434
Darlin,Canada,Target Outline,,,Project,,,,,47.61269,-78.55248,False,2024,pre-construction,8.919807349855748,2.825807057943603,26.160818341922198,True,True,True,True,69931.44573384573,,brine,True,1495.691182586991,1376.035887980032,mgLi_per_L,True,0.55,0.0061038658597647585,0.0033571262228706176,26.160818341922198,2673.1367811144487,437941.6000497545,1470.2252296129468,False,69931.44573384573,pre-construction,0.9561566204769023,4.780783102384511,3.3465481716691574,1.4342349307153537,0.8372980592535304,7333753.035760906,5133627.125032634,2200125.910728272,1424.0701078842815,1614.7439354983258
CYR South,Canada,Target Outline,,,Project,,,,,52.20263,-77.09568,False,2024,pre-construction,5.644863333604119,2.7188995621519134,40.11009229828164,True,True,True,True,251003.48411228092,,brine,True,1366.7597490385224,1257.4189691154406,mgLi_per_L,True,0.55,0.00557770097716791,0.0030677355374423504,40.11009229828164,6257.863538325345,1121943.1740678917,3441.8249460789402,False,251003.48411228092,pre-construction,0.8811955378913858,4.405977689456929,3.08418438261985,1.3217933068370789,1.1179678120761325,25085927.11172865,17560148.978210054,7525778.133518595,1436.231264292849,1617.9449832401779
Mitsumis,Canada,Target Outline,,,Project,,,,,52.11286,-76.37931,False,2024,pre-construction,7.614942299009135,3.8237103016735574,18.221317153255608,True,True,True,True,1856267.5701867794,,hard_rock,True,1.2893454170832914,1.1861977837166282,pct_Li2O,True,0.65,0.029334671191312212,0.01906753627435294,18.221317153255608,101873.40215716072,3472798.501567376,66217.71140215447,False,1856267.5701867794,pre-construction,1.107991700184572,138.4989625230715,96.94927376615004,41.549688756921455,0.6861040503998058,476540223.6295506,333578156.54068536,142962067.08886522,7263.60031680451,7658.553510707561
Marble Bar,Australia,Target Outline,,,Project,,,,,-21.18604,119.86827,False,2024,pre-construction,3.8844249603251804,4.387612967422092,24.17713390772597,True,True,True,True,63885.00195732276,,hard_rock,True,1.3150740477503828,1.2098681239303524,pct_Li2O,True,0.65,0.029920038704797612,0.01944802515811845,24.17713390772597,2642.372838780029,88314.48598214313,1717.5423452070188,False,63885.00195732276,pre-construction,0.9937698562755601,124.22123203444502,86.95486242411151,37.26636961033351,1.5824950813004655,27951447.93486408,19566013.554404855,8385434.380459227,6387.344268864733,7060.4635656415485
Ewoyaa,Ghana,Feasibility Complete,455000.0,tonnes,Open Pit,,2026.0,2038.0,7/30/24,5.248615,-1.175696,False,2024,pre-construction,5.362711352854129,3.815329015139305,12.0,True,False,False,True,455000.0,hard_rock,hard_rock,False,1.6320332962189597,1.5014706325214429,pct_Li2O,True,0.65,0.03713136874225528,0.024135389682465935,12.0,37916.666666666664,1021149.1779326119,24645.833333333332,False,455000.0,pre_construction,1.0850341772396597,135.62927215495745,94.9404905084702,40.68878164648724,0.5834141593612772,119150577.84520279,83405404.49164195,35745173.353560835,5619.51863795638,
Greenbush,Canada,Exploration,,,Project,,,,,50.95788,-90.23328,False,2024,pre-construction,6.077931097938738,2.9003605395296113,29.062348087543814,True,True,True,True,10279215.973434642,,hard_rock,True,0.8977739990699966,0.8259520791443968,pct_Li2O,True,0.65,0.020425794917240933,0.013276766696206607,29.062348087543814,353695.3016484011,17316109.511598747,229901.9460714607,False,10279215.973434642,pre-construction,0.9662068899746744,120.7758612468343,84.543102872784,36.23275837405029,1.3287844164112308,4601875294.376541,3221312706.0635786,1380562588.3129625,9096.782673852511,9785.532493244531
Cauchari East,Argentina,Exploration,,,Project,,,,,-23.67008,-66.62732,False,2024,pre-construction,6.3546220289142585,3.8307155262402883,25.680570093747402,True,True,True,True,216353.62955953338,,brine,True,690.0463947787339,634.8426831964352,mgLi_per_L,True,0.55,0.002816056335545521,0.0015488309845500367,25.680570093747402,8424.798544959493,2991700.9963962445,4633.6391997277215,False,216353.62955953338,pre-construction,1.0607836536433441,5.303918268216721,3.7127427877517047,1.5911754804650164,0.9111989669116435,54520697.144495845,38164488.00114709,16356209.143348753,3424.465497607284,3882.643807185598
Marble Bar,Australia,Exploration,,,Project,,,,,-21.11037,119.82664,False,2024,pre-construction,4.870897313870582,3.5308134739874033,24.787600285633747,True,True,True,True,511185.3665995655,,hard_rock,True,1.5457080073378369,1.42205136675081,pct_Li2O,True,0.65,0.03516733029974753,0.022858764694835894,24.787600285633747,20622.624243938422,586414.2676786152,13404.705758559974,False,511185.3665995655,pre-construction,1.3063732278587261,163.29665348234076,114.30765743763853,48.98899604470223,0.680526526749358,79814092.96391925,55869865.07474347,23944227.88917578,7143.721704228037,7383.929895375987
Pilbara,Australia,Target Outline,,,Project,,,,,-21.90154,119.3849,False,2024,pre-construction,5.414717617423201,3.038639732532931,39.90558949819558,True,True,True,True,96437.33863502408,,hard_rock,True,1.069647702086883,0.9840758859199324,pct_Li2O,True,0.65,0.02433619665879993,0.015818527828219953,39.90558949819558,2416.637364532222,99302.1793180805,1570.8142869459443,False,96437.33863502408,pre-construction,1.058208359283187,132.27604491039838,92.59323143727886,39.68281347311952,0.8727883326305864,17333956.702722196,12133769.691905536,5200187.01081666,8362.095787094702,8638.623800766065
Chubb,Canada,Target Outline,,,Project,,,,,48.30518,-77.9576,False,2024,pre-construction,8.63809541661288,2.2115940230850932,11.75758665860305,True,True,True,True,1078536.4106770463,,hard_rock,True,0.9004997341844798,0.8284597554497215,pct_Li2O,True,0.65,0.020487809752271612,0.013317076338976549,11.75758665860305,91731.10451947033,4477350.464917292,59625.21793765572,False,1078536.4106770463,pre-construction,1.1540084245565965,144.25105306957457,100.9757371487022,43.27531592087237,1.165275030621941,1043468940.0223318,730428258.0156323,313040682.00669956,10832.036206579305,12320.476295306438
Bouvier,Canada,Target Outline,11431.0,tonnes,Project,,,,12/31/1979,48.45182,-78.09764,False,1979,pre-construction,6.494258479353935,2.379480868867624,46.6297535749392,True,True,False,True,11431.0,,hard_rock,True,1.850926760714036,1.7028526198569132,pct_Li2O,True,0.65,0.04211154528906146,0.027372504437889952,46.6297535749392,245.14390756170545,5821.299263159121,159.34353991510855,False,11431.0,pre-construction,0.8847124545282061,110.58905681602576,77.41233977121803,33.17671704480773,0.9476849130577432,1103351.4972180114,772346.0480526079,331005.4491654035,4040.151206001619,4188.647736652819
Wodgina,Australia,Operating,2060000.0,tonnes,"Open Pit, Tailings",,2017.0,2047.0,12/31/23,-21.19096,118.67426,False,2023,operation,6.188677223644042,3.4605566077100263,30.0,True,False,False,True,2060000.0,hard_rock,hard_rock,False,1.1401209404924677,1.3111390815663377,pct_Li2O,True,0.65,0.03242446948713553,0.021075905166638095,24.0,85833.33333333333,2647177.7238294636,55791.666666666664,False,1974166.6666666667,operation,0.9830642660349957,122.88303325437447,86.01812327806212,36.86490997631235,0.8231492096380301,435804450.2283245,305063115.1598271,130741335.06849736,5830.498490232866,
Mount Marion,Australia,Operating,924000.0,tonnes,Open Pit,,2016.0,2048.0,6/30/23,-31.0799,121.43161,False,2023,operation,3.9561286248605745,2.2609184175840484,32.0,True,False,False,True,924000.0,hard_rock,hard_rock,False,1.46857469338915,1.6888608973975223,pct_Li2O,True,0.65,0.04176552999264072,0.02714759449521647,25.0,36960.0,884940.2846441197,24024.0,False,887040.0,operation,0.9499392369529633,118.74240461912042,83.1196832333843,35.62272138573613,1.0087966464665974,178544958.2944368,124981470.80610576,53563487.48833105,4373.956765857962,
Bald Hill,Australia,Operating,262100.0,tonnes,Open Pit,,2018.0,2027.0,4/30/18,-31.51987,122.17848,False,2018,operation,3.8546739770251977,3.124571482821205,9.0,True,False,False,True,262100.0,hard_rock,hard_rock,False,1.1525161099460295,1.3253935264379337,pct_Li2O,True,0.65,0.0327769819088101,0.021305038240726566,9.0,29122.222222222223,888496.1496224423,18929.444444444445,False,87366.66666666666,operation,1.0846569147569722,135.58211434462152,94.90748004123506,40.674634303386455,0.971765181646972,172681924.44609758,120877347.1122683,51804577.33382928,6363.852193677065,
Lithium Two,Canada,Target Outline,7600.0,tonnes,Project,,,,12/31/47,50.61363,-95.46443,False,2024,pre-construction,4.720342486148878,3.748404881823501,35.58892351504896,True,True,False,True,7600.0,,brine,True,1261.882082408532,1160.9315158158495,mgLi_per_L,True,0.55,0.005149698715573139,0.002832334293565227,35.58892351504896,213.54958929247468,41468.36564373796,117.45227411086108,False,7600.0,pre-construction,1.0522050784304358,5.261025392152179,3.6827177745065254,1.5783076176456539,1.1681125466416986,968794.3639435174,678156.0547604621,290638.3091830553,1857.4874456396935,2089.256432229052
Lithium One,Canada,Target Outline,,,Project,,,,,50.385254,-95.737294,False,2024,pre-construction,4.389071222753125,3.33602422463345,16.27497719282638,True,True,True,True,159905.35833950594,,brine,True,696.0782992338375,640.3920352951305,mgLi_per_L,True,0.55,0.0028406723365633165,0.0015623697851098242,16.27497719282638,9825.227798782316,3458768.4303882117,5403.875289330274,False,159905.35833950594,pre-construction,0.9102038841625959,4.551019420812979,3.1857135945690853,1.365305826243894,1.1148079542930431,77117251.16508883,53982075.81556218,23135175.34952665,2912.8951828091535,3789.746248918076
Horse Rocks,Australia,Target Outline,,,Project,,,,,-31.09644,121.32243,False,2024,pre-construction,9.24584320235449,3.2330947216917356,23.747702536556552,True,True,True,True,375184.4593157959,,hard_rock,True,1.0941347972606783,1.006604013479824,pct_Li2O,True,0.65,0.024893317253356046,0.01618065621468143,23.747702536556552,15798.768690918518,634659.0343956096,10269.199649097036,False,375184.4593157959,pre-construction,1.061938136307081,132.74226703838514,92.91958692686958,39.82268011151555,0.8840474895832985,112213745.21975979,78549621.65383185,33664123.56592794,8203.762892999492,8663.900638102663
Nardoo,Australia,Target Outline,,,Project,,,,,-24.50598,116.07342,False,2024,pre-construction,3.1961123821621116,2.435920230017751,33.39051674344711,True,True,True,True,79178.47635785451,,hard_rock,True,1.2848214160398832,1.1820357027566926,pct_Li2O,True,0.65,0.029231742929173007,0.019000632903962457,33.39051674344711,2371.286343551221,81120.25168313515,1541.3361233082935,False,79178.47635785451,pre-construction,1.0270581849879874,128.38227312349844,89.8675911864489,38.51468193704953,0.831999396889431,13498400.09517746,9448880.066624222,4049520.028553238,6756.736671478199,7019.014633020914
Yinnetharra,Australia,Exploration,,,Project,,,,,-24.67819,116.1603,False,2024,pre-construction,5.288792460665535,1.979534455190489,47.91389843389486,True,True,True,True,4523717.900349693,,hard_rock,True,1.042351936256588,0.9589637813560611,pct_Li2O,True,0.65,0.02371517431293539,0.015414863303408004,47.91389843389486,94413.48018447946,3981142.1555936793,61368.76211991165,False,4523717.900349693,pre-construction,0.7975255749290232,99.6906968661279,69.78348780628951,29.90720905983838,0.9793311690238778,779771320.2575598,545839924.1802918,233931396.077268,6467.1800783395665,6732.370837674691
Bouvier,Canada,Target Outline,11431.0,tonnes,Project,,,,12/31/1979,48.45182,-78.09764,False,1979,pre-construction,3.904386142492919,1.5208443126061233,25.830138561833202,True,True,False,True,11431.0,,hard_rock,True,1.053118401552832,0.9688689294286056,pct_Li2O,True,0.65,0.023960128624769414,0.01557408360610012,25.830138561833202,442.54505149618234,18470.061593855124,287.65428347251856,False,11431.0,pre-construction,1.004668256375797,125.58353204697461,87.90847243288222,37.67505961409239,0.9408495420287247,3475509.798364186,2432856.8588549304,1042652.9395092558,8063.622568315065,8531.38025804733
Pakeagama Lake,Canada,Feasibility Started,881052.0,tonnes,"Open Pit, Underground",,2025.0,,2/28/23,52.614525,-93.365435,False,2023,pre-construction,6.450404183730024,1.6088684164473166,15.452533258967641,True,True,False,True,881052.0,hard_rock,hard_rock,False,0.8066982363323374,0.7421623774257504,pct_Li2O,True,0.65,0.018353675593738808,0.011929889135930226,15.452533258967641,57016.67068010968,3106553.2562622176,37060.835942071295,False,881052.0,pre_construction,1.2066165182727344,150.8270647840918,105.57894534886425,45.24811943522754,1.0230870132964198,635654858.5191159,444958400.9633811,190696457.5557348,12642.788467315555,
Salar de Laguna Blanca,Chile,Target Outline,,,Project,,,,,-22.87966,-67.41479,False,2024,pre-construction,3.807133712000699,2.361653290763466,32.59442446120754,True,True,True,True,33594.33989791919,,brine,True,1029.9958351419345,947.5961683305799,mgLi_per_L,True,0.55,0.0042033786700197305,0.002311858268510852,32.59442446120754,1030.6774993956928,245202.152912589,566.8726246676312,False,33594.33989791919,pre-construction,0.8841594017869858,4.4207970089349296,3.0945579062544506,1.326239102680479,0.7899912469741557,3874151.0908032754,2711905.763562293,1162245.3272409826,1912.2266572952667,2121.902188816101
Mallina,Australia,Target Outline,,,Project,,,,,-21.05208,118.0188,False,2024,pre-construction,3.9786393092371224,3.1188996392648725,29.45565346563877,True,True,True,True,1250685.4305758073,,hard_rock,True,1.434639218998616,1.3198680814787267,pct_Li2O,True,0.65,0.03264033765496891,0.021216219475729794,29.45565346563877,42459.94515228743,1300842.7057685065,27598.96434898683,False,1250685.4305758073,pre-construction,1.190603151015533,148.82539387694163,104.17777571385913,44.6476181630825,0.9948171296591855,258820121.3381428,181174084.93669996,77646036.40144286,7014.69901587273,7333.072279304255
Tabba Tabba,Australia,Target Outline,,,Project,,,,,-20.72181,118.88838,False,2024,pre-construction,4.057920166417894,2.8410437499621124,17.73720655507076,True,True,True,True,862545.6628358035,,hard_rock,True,1.7032145334492066,1.5669573707732702,pct_Li2O,True,0.65,0.03875085577922297,0.025188056256494933,17.73720655507076,48629.17168821133,1254918.6517394234,31608.961597337366,False,862545.6628358035,pre-construction,1.1227066029684187,140.33832537105235,98.23682775973664,42.10149761131571,0.8231994085266829,206609658.37219915,144626760.8605394,61982897.51165974,5571.621880702487,5940.136878314637
Mt Edon,Australia,Exploration,,,Project,,,,,-29.36205,117.65755,False,2024,pre-construction,4.950638828240716,2.2778072807322167,19.156897328839005,True,True,True,True,1222099.216646571,,hard_rock,True,0.6644117630519,0.611258822007748,pct_Li2O,True,0.65,0.015116430668251605,0.009825679934363543,19.156897328839005,63794.21446325806,4220190.32556689,41466.23940111774,False,1222099.216646571,pre-construction,1.0380353185235227,129.75441481544033,90.82809037080823,38.9263244446321,1.0860361015412725,916655809.7881716,641659066.8517201,274996742.93645155,13205.642325234681,14359.590947537297
Jean Lake,Canada,Target Outline,,,Project,,,,,54.83166,-99.73455,False,2024,pre-construction,6.149354908574768,2.5561160334057336,25.551891864802265,True,True,True,True,97189.1481072417,,brine,True,877.4140857124648,807.2209588554676,mgLi_per_L,True,0.55,0.003580697636656378,0.001969383700161008,25.551891864802265,3803.598912420249,1062250.7953427795,2091.979401831137,False,97189.1481072417,pre-construction,1.081976995348996,5.40988497674498,3.7869194837214857,1.6229654930234942,1.023599331192853,21746384.07343891,15222468.851407235,6523915.222031673,2746.9938825545737,3153.8179046140817
Elon,Canada,Target Outline,,,Project,,,,,48.42153,-77.79375,False,2024,pre-construction,7.390536763447296,2.9209399589878413,18.153671417629834,True,True,True,True,3438518.7365177055,,hard_rock,True,1.0921467027270284,1.004774966508866,pct_Li2O,True,0.65,0.024848084921764258,0.01615125519914677,18.153671417629834,189411.7535463602,7622790.816384236,123117.63980513414,False,3438518.7365177055,pre-construction,0.8974058371637093,112.17572964546366,78.52301075182456,33.652718893639104,0.9232495333277835,1407547612.776412,985283328.9434884,422264283.83292365,6945.325812905838,7575.090555151474
Salar del Diablo,Mexico,Target Outline,,,Brine,,,,,31.14986,-115.30896,False,2024,pre-construction,4.934084326759733,3.7317483842838,39.9909863584449,True,True,True,True,3048509.0250813956,brine,brine,False,586.1022695312099,539.2140879687131,mgLi_per_L,True,0.55,0.0023918638252145496,0.0013155251038680024,39.9909863584449,76229.90335264991,31870503.056674685,41926.446843957456,False,3048509.0250813956,pre-construction,1.1259996385599675,5.629998192799838,3.9409987349598863,1.6889994578399516,0.7073221033309153,450854225.12523,315597957.58766097,135256267.53756905,4279.658500051507,4548.555507745706
Rio Grande,Argentina,Advanced Exploration,1900834.0,tonnes,Project,,,,05/29/2024,-25.01162,-68.32125,False,2024,pre-construction,4.991078801045436,3.340913863349173,46.67199362731704,True,True,False,True,1900834.0,,brine,True,801.3649878877984,737.2557888567745,mgLi_per_L,True,0.55,0.003270343803403843,0.0017986890918721137,46.67199362731704,40727.508132145544,12453586.099955453,22400.12947268005,False,1900834.0,pre-construction,0.8185671700805889,4.0928358504029445,2.864985095282061,1.2278507551208837,1.215566014245858,302763120.37180936,211934184.26026654,90828936.11154282,2275.454868157917,2565.0532237618345
McLaughlin Lake,Canada,Target Outline,,,Project,,,,,54.75696,-95.18141,False,2024,pre-construction,7.521467175589113,1.5720526608208836,32.762753238292696,True,True,True,True,753989.6305561429,,brine,True,771.2313145638557,709.5328093987473,mgLi_per_L,True,0.55,0.00314736928702461,0.0017310531078635356,32.762753238292696,23013.6223617156,7312018.470978888,12657.49229894358,False,753989.6305561429,pre-construction,0.8562854073861349,4.281427036930674,2.996998925851472,1.2844281110792024,0.8180853122671266,119637098.2826752,83745968.79787263,35891129.484802574,2473.3077324327783,2761.8024120176246
Lithium Two,Canada,Target Outline,7600.0,tonnes,Project,,,,12/31/47,50.61363,-95.46443,False,2024,pre-construction,7.018086739385481,2.962689982786956,36.31755606752927,True,True,False,True,7600.0,,hard_rock,True,1.6181427766898784,1.4886913545546883,pct_Li2O,True,0.65,0.036815337198137434,0.023929969178789333,36.31755606752927,209.26518254335383,5684.184866136198,136.02236865318,False,7600.0,pre-construction,1.098942406623784,137.367800827973,96.1574605795811,41.210340248391915,0.8818342472564352,1002501.7765391271,701751.2435773889,300750.5329617382,5740.4085981744975,5943.344180469868
Lithium One,Canada,Target Outline,,,Project,,,,,50.385254,-95.737294,False,2024,pre-construction,4.3324437988158016,2.2198266790389782,21.670925651308014,True,True,True,True,983487.0254914552,,brine,True,439.0773578523009,403.9511692241168,mgLi_per_L,True,0.55,0.0017918600614833119,0.0009855230338158215,21.670925651308014,45382.788041271044,25327194.35897406,24960.533422699074,False,983487.0254914552,pre-construction,0.8592430544081966,4.296215272040983,3.0073506904286877,1.288864581612295,0.9539033465252825,483193909.1424322,338235736.39970255,144958172.74272966,4359.325073719055,5252.61024931144
McLaughlin Lake,Canada,Target Outline,,,Project,,,,,54.75696,-95.18141,False,2024,pre-construction,7.396581615399187,3.922346503608039,16.53239418264834,True,True,True,True,434942.668410158,,hard_rock,True,1.3314765835594617,1.224958456874705,pct_Li2O,True,0.65,0.030293222638511454,0.019690594715032445,16.53239418264834,26308.510649150525,868461.9316699833,17100.53192194784,False,434942.668410158,pre-construction,1.3706034212192229,171.32542765240285,119.92779935668199,51.397628295720864,1.0533787099343788,182963861.8419291,128074703.28935036,54889158.55257875,8700.87623720209,9348.048576952293
Corvette,Canada,Target Outline,,,Project,,,,,53.55369,-73.92993,False,2024,pre-construction,7.569730221196593,4.040434405649513,31.967316862811213,True,True,True,True,1745179.5090662278,,brine,True,1447.7126524734508,1331.8956402755748,mgLi_per_L,True,0.55,0.005908067077655738,0.0032494368927106563,31.967316862811213,54592.6177212721,9240351.709570283,30025.93974669966,False,1745179.5090662278,pre-construction,1.0670567466428984,5.335283733214492,3.7346986132501443,1.600585119964348,0.8701901195677194,160817255.17997488,112572078.62598242,48245176.553992465,1641.9102476441196,1809.4546222480733
Ewoyaa,Ghana,Feasibility Complete,455000.0,tonnes,Open Pit,,2026.0,2038.0,7/30/24,5.248615,-1.175696,False,2024,pre-construction,4.577834265675417,3.112493096411334,12.0,True,False,False,True,455000.0,hard_rock,hard_rock,False,0.9286347308651017,0.8543439523958937,pct_Li2O,True,0.65,0.02112792594275045,0.013733151862787793,12.0,37916.666666666664,1794623.2284895375,24645.833333333332,False,455000.0,pre_construction,1.1623617105934039,145.29521382417548,101.70664967692282,43.588564147252654,0.8742591758045141,313793164.92377985,219655215.4466459,94137949.47713396,10579.888380749395,
Solonopole,Brazil,Target Outline,,,Project,,,,,-5.60649,-39.01542,False,2024,pre-construction,6.3865777924575955,3.547851364309003,30.86197924595149,True,True,True,True,137397.97914035065,,hard_rock,True,1.0493685495279768,0.9654190655657386,pct_Li2O,True,0.65,0.023874813491440713,0.015518628769436464,30.86197924595149,4452.014501253178,186473.2682770174,2893.809425814566,False,137397.97914035065,pre-construction,1.1738260168048043,146.72825210060054,102.70977647042038,44.01847563018016,0.7295480031250509,27208240.101539988,19045768.07107799,8162472.030461997,9454.975325498992,9759.629230799068
Barrow Creek,Australia,Exploration,,,Project,,,,,-21.60967,133.81029,False,2024,pre-construction,4.659641740104572,3.417043279217638,18.41549618642794,True,True,True,True,1497451.6116962763,,hard_rock,True,1.0174397989024913,0.936044614990292,pct_Li2O,True,0.65,0.02314838332870992,0.015046449163661447,18.41549618642794,81314.75777448154,3512761.8468988473,52854.592553413,False,1497451.6116962763,pre-construction,0.9570538914276459,119.63173642845574,83.74221549991901,35.889520928536726,1.1969372247940382,840911083.2778972,588637758.294528,252273324.98336923,7950.828473031188,8814.769149834487
Pilipas,Canada,Target Outline,,,Project,,,,,52.61499,-77.33379,False,2024,pre-construction,4.84632011536276,3.7894955360890465,13.267452312202558,True,True,True,True,1157124.315128022,,hard_rock,True,0.7686178170458232,0.7071283916821574,pct_Li2O,True,0.65,0.01748728512629975,0.011366735332094839,13.267452312202558,87215.26091816233,4987352.827397787,56689.919596805514,False,1157124.315128022,pre-construction,1.0192686113325287,127.40857641656608,89.18600349159625,38.222572924969825,0.8800644102532313,877838344.9537239,614486841.4676067,263351503.48611724,11208.897954790793,12376.033164933377
Boca Rica,Brazil,Target Outline,,,Project,,,,,-18.86414,-41.52333,False,2024,pre-construction,5.7916988506646145,2.493494544560829,26.88005692660373,True,True,True,True,49439.86038373171,,brine,True,667.7883149075001,614.3652497149001,mgLi_per_L,True,0.55,0.002725221853527011,0.0014988720194398562,26.88005692660373,1839.2766249985168,674908.9519512348,1011.6021437491843,False,49439.86038373171,pre-construction,1.0905381682855464,5.4526908414277315,3.8168835889994117,1.6358072524283198,0.8843654390233355,11937323.031862661,8356126.122303862,3581196.909558799,3637.8628533378437,4076.865381375677
Sal de Vida,Argentina,Construction Started,2901000.0,tonnes,Brine,,2025.0,2065.0,6/30/23,-25.22556,-66.98187,False,2023,construction,5.910709227540587,2.3543657235333724,40.0,True,False,False,True,2901000.0,brine,brine,False,693.124683274026,748.5746579359482,mgLi_per_L,True,0.55,0.0033205524201608766,0.0018263038310884824,40.0,72525.0,21841245.31799629,39888.75,False,2901000.0,pre_construction,1.0167286885418805,5.083643442709402,3.558550409896581,1.525093032812821,0.6403908982266947,279738694.1516247,195817085.90613726,83921608.24548742,2783.5693909044344,
Hombre Muerto North,Argentina,Prefeas/Scoping,640000.0,tonnes,Brine,,2029.0,2054.0,09/05/2023,-25.22556,-66.98187,False,2023,pre-construction,5.729891457929501,3.575385120431368,25.0,True,False,False,True,640000.0,brine,brine,False,1658.614738399929,1525.9255593279347,mgLi_per_L,True,0.55,0.006768751460252165,0.0037228133031386914,25.0,25600.0,3782085.980011192,14080.000000000002,False,640000.0,pre_construction,1.2869497554712723,6.434748777356361,4.504324144149453,1.9304246332069086,0.8634625491533579,65313792.02835279,45719654.41984695,19594137.608505838,1728.464001117447,
Sal de Oro,Argentina,Advanced Exploration,,,Project,,,,,-25.22,-67.07,False,2024,pre-construction,5.992499141066506,4.427859640254893,24.93382257914764,True,True,True,True,6009.765599627179,,brine,True,767.8557336971248,706.4272750013549,mgLi_per_L,True,0.55,0.003133593654026844,0.0017234765097147644,24.93382257914764,241.02865016185663,76917.64688510945,132.56575758902116,False,6009.765599627179,pre-construction,1.1867691417725612,5.9338457088628065,4.153691996203964,1.7801537126588425,1.1589425719196516,1782862.7101407268,1248003.8970985087,534858.8130422181,3442.951311152398,3982.3348378731944
Reung Kiet,Thailand,Prefeas/Scoping,66500.0,tonnes,Open Pit,,,,11/02/2023,8.30556,98.39456,False,2023,pre-construction,4.727514245948882,2.355928679060536,20.0180930383066,True,True,False,True,66500.0,hard_rock,hard_rock,False,0.9286647841003077,0.8543716013722832,pct_Li2O,True,0.65,0.02112860970193656,0.013733596306258766,20.0180930383066,3321.994751085714,157227.3234230473,2159.296588205714,False,66500.0,pre-construction,1.05049202057863,131.31150257232875,91.91805180063012,39.393450771698625,1.2012141041980182,37772735.692213565,26440914.984549493,11331820.707664073,9561.334092257146,10435.197266166078
Bang Now,Thailand,Exploration,,,Project,,,,,9.62859,98.7397,False,2024,pre-construction,7.216174014863164,3.1404817474192726,41.021290955113315,True,True,True,True,466320.4482722704,,hard_rock,True,0.9267350816914091,0.8525962751560964,pct_Li2O,True,0.65,0.021084705884610262,0.01370505882499667,41.021290955113315,11367.766284647934,539147.4914025371,7389.048085021158,False,466320.4482722704,pre-construction,1.2295154608681758,153.68943260852197,107.58260282596537,46.1068297825566,0.7898268596841522,85166634.00821087,59616643.805747606,25549990.20246326,11214.065884066667,11495.043463470092
Shaakichiuwaanaan,Canada,Reserves Development,1970000.0,tonnes,Project,,2028.0,,08/05/2024,53.52101,-73.93774,False,2024,pre-construction,4.97227730514766,3.090485951938268,21.463901554103252,True,True,False,True,1970000.0,,hard_rock,True,1.2545158350614591,1.1541545682565424,pct_Li2O,True,0.65,0.028542242472984293,0.01855245760743979,21.463901554103252,91782.00873845302,3215655.1408084426,59658.30567999447,False,1970000.0,pre_construction,1.0278406353574727,128.4800794196841,89.93605559377886,38.54402382590524,0.983940748994705,632802825.5511465,442961977.8858025,189840847.665344,6925.2323405478,
Hidden Lake,Canada,Target Outline,,,Project,,,,,62.54136,-113.42996,False,2024,pre-construction,8.251833858058355,2.728717960559462,27.04683762733944,True,True,True,True,431782.59611524787,,hard_rock,True,1.490526664121421,1.3712845309917074,pct_Li2O,True,0.65,0.033911866451424924,0.0220427131934262,27.04683762733944,15964.254382138713,470757.1730092114,10376.765348390165,False,431782.59611524787,pre-construction,1.142748863083764,142.8436078854705,99.99052551982935,42.85308236564116,1.1034390178127247,103890366.52271582,72723256.56590107,31167109.95681475,6480.30968928411,6850.475913096451
Corvette,Canada,Target Outline,,,Project,,,,,53.55369,-73.92993,False,2024,pre-construction,5.88058688957221,3.5864591600817644,44.30671609703581,True,True,True,True,4734978.397077033,,hard_rock,True,1.2661060666096495,1.1648175812808776,pct_Li2O,True,0.65,0.028805938785076105,0.018723860210299467,44.30671609703581,106868.18645523158,3709935.9008080056,69464.32119590053,False,4734978.397077033,pre-construction,1.042040582559133,130.25507281989164,91.17855097392415,39.07652184596749,0.7313292950810326,542636961.4267468,379845872.9987228,162791088.42802405,6956.635616636467,7132.946050284493
Gorman,Canada,Exploration,,,Project,,,,,53.02273,-94.24424,False,2024,pre-construction,5.063294808585433,2.026708713027559,30.127185925337876,True,True,True,True,631657.7042828461,,hard_rock,True,1.379506928929505,1.2691463746151446,pct_Li2O,True,0.65,0.03138598984423253,0.020400893398751143,30.127185925337876,20966.369240334618,668016.8235696853,13628.140006217502,False,631657.7042828461,pre-construction,0.9768690206028887,122.10862757536108,85.47603930275275,36.63258827260833,0.9019950914893631,120509579.17843442,84356705.4249041,36152873.75353032,5985.454910657788,6278.9672850421075
Sepeda,Portugal,Prefeas/Scoping,103000.0,tonnes,"Underground, Open Pit",,,,01/01/2017,41.73771,-7.72745,False,2017,pre-construction,4.5624898832044325,2.7245917170811005,22.85073218826991,True,True,False,True,103000.0,hard_rock,hard_rock,False,1.6391111245868248,1.507982234619879,pct_Li2O,True,0.65,0.0372924006621496,0.024240060430397243,22.85073218826991,4507.514207919935,120869.51035294689,2929.884235147958,False,103000.0,pre-construction,0.883142082030647,110.39276025383089,77.27493217768162,33.117828076149266,1.1213942426752832,27108474.604955036,18975932.223468523,8132542.381486513,4554.145422649088,4959.051690086803
North American Lithium,Canada,Operating,987000.0,tonnes,"Open Pit, Underground",,2013.0,2042.0,8/27/24,48.41044,-77.81559,False,2024,operation,5.755254858599995,2.857023917115569,29.0,True,False,False,True,987000.0,hard_rock,hard_rock,False,1.5045441645534643,1.7302257892364838,pct_Li2O,True,0.65,0.04278848376781825,0.027812514449081862,18.0,54833.333333333336,1281497.4615804025,35641.66666666667,False,987000.0,operation,0.9125887506195225,114.0735938274403,79.8515156792082,34.2220781482321,1.2128704275724556,310858074.8320078,217600652.38240546,93257422.44960237,4101.520343882682,
Ewoyaa,Ghana,Feasibility Complete,455000.0,tonnes,Open Pit,,2026.0,2038.0,7/30/24,5.248615,-1.175696,False,2024,pre-construction,5.327784840709637,4.386810171717428,12.0,True,False,False,True,455000.0,hard_rock,hard_rock,False,0.889478550384782,0.8183202663539995,pct_Li2O,True,0.65,0.020237060186934403,0.013154089121507362,12.0,37916.666666666664,1873625.2358999602,24645.833333333332,False,455000.0,pre_construction,1.02383764049352,127.97970506169001,89.585793543183,38.39391151850701,0.7288495138561621,273118168.4668646,191182717.9268052,81935450.54005939,9729.271550429063,
Authier,Canada,Preproduction - Operating,173000.0,tonnes,Open Pit,,2023.0,2046.0,3/27/23,48.36207,-78.19557,False,2023,operation,6.367959619617046,3.41079589826829,23.0,True,False,False,True,173000.0,hard_rock,hard_rock,False,0.750185302849753,0.862713098277216,pct_Li2O,True,0.65,0.021334894920395548,0.013867681698257106,23.0,7521.739130434783,352555.7148746121,4889.130434782609,False,165478.26086956522,operation,1.0829420990755811,135.36776238444764,94.75743366911334,40.610328715334305,0.7805821833632842,55039741.93480564,38527819.35436395,16511922.580441691,9761.383721509897,
Tansim,Canada,Target Outline,,,Project,,,,,47.70269,-78.72432,False,2024,pre-construction,5.810260794727582,3.4793656024496906,13.93848192213579,True,True,True,True,240870.91529703652,,brine,True,765.9231420373942,704.6492906744027,mgLi_per_L,True,0.55,0.0031257068118832046,0.0017191387465357627,13.93848192213579,17281.0006600868,5528669.7377977,9504.550363047741,False,240870.91529703652,pre-construction,0.7372304564451766,3.686152282225883,2.580306597558118,1.1058456846677651,1.2288878871533584,135882305.45701855,95117613.81991298,40764691.63710557,2144.18544730834,3169.8748166118603
Killick,Canada,Target Outline,,,Project,,,,,47.84123,-57.70978,False,2024,pre-construction,3.71933008557251,4.959123953526699,30.034292368481047,True,True,True,True,53944.14689461288,,hard_rock,True,1.7196994936129004,1.5821235341238684,pct_Li2O,True,0.65,0.03912591499888326,0.02543184474927412,30.034292368481047,1796.0851626796975,45905.25647083172,1167.4553557418035,False,53944.14689461288,pre-construction,0.95394419595241,119.24302449405124,83.47011714583586,35.772907348215384,0.8981619378577218,8246070.821939589,5772249.575357712,2473821.2465818776,4688.72886216619,4923.90289926364
Pilgangoora,Australia,Expansion,4800000.0,tonnes,Open Pit,,2018.0,2057.0,6/30/23,-21.04991,118.90798,False,2023,operation,7.5830425962170285,2.346933420862741,39.0,True,False,False,True,4800000.0,hard_rock,hard_rock,False,1.0680323873226716,1.2282372454210722,pct_Li2O,True,0.65,0.03037430707926311,0.019743299601521023,34.0,141176.4705882353,4647891.06858731,91764.70588235295,False,4658823.529411765,operation,1.1064217098148115,138.30271372685144,96.811899608796,41.49081411805544,1.046525527480183,972827330.4447532,680979131.3113272,291848199.13342595,7005.045586007143,
Altura,Australia,Operating,483000.0,tonnes,"Open Pit, Underground, Dump, Stock Pile",,2018.0,2035.0,6/30/19,-21.01296,118.91086,False,2019,operation,3.850549908983326,3.2190488662609322,17.0,True,False,False,True,483000.0,hard_rock,hard_rock,False,1.6086406483392683,1.8499367455901585,pct_Li2O,True,0.65,0.04574893571844462,0.029736808216989003,16.0,30187.5,659851.4156872351,19621.875,False,332062.5,operation,0.9896162487300191,123.70203109125238,86.59142176387667,37.11060932737571,0.7714964493898501,101814604.86551358,71270223.4058595,30544381.459654078,4159.896051674433,
Pilgangoora Northeast,Australia,Exploration,,,Project,,,,,-20.9421,118.93312,False,2024,pre-construction,7.5435453871631095,1.92805903158101,30.202925834602766,True,True,True,True,490367.14254225366,,hard_rock,True,0.9828515436907677,0.9042234201955063,pct_Li2O,True,0.65,0.02236144518143487,0.014534939367932667,30.202925834602766,16235.74964980551,726059.9446088085,10553.237272373583,False,490367.14254225366,pre-construction,0.8585192152249205,107.31490190311506,75.12043133218053,32.19447057093453,1.2299522066165371,178603806.20149693,125022664.34104784,53581141.86044909,7383.236984109873,7943.582616240323
Lynas Find,Australia,Reserves Development,,,Open Pit,,,,,-21.02394,118.92597,False,2024,pre-construction,7.4399682657410615,2.14016375721602,27.624409720406053,True,True,True,True,207453.53526304394,hard_rock,hard_rock,False,1.632372302123606,1.5017825179537176,pct_Li2O,True,0.65,0.03713908166899544,0.024140403084847037,27.624409720406053,7509.790701873306,202207.22657616631,4881.363956217649,False,207453.53526304394,pre-construction,0.8699391351441784,108.7423918930223,76.11967432511561,32.62271756790669,1.0527195976524046,42573502.04073408,29801451.428513855,12772050.612220228,4504.580619918482,4820.302862801614
Salta Lithium,Argentina,Prefeas/Scoping,288960.0,tonnes,Brine,,,,11/01/2023,-24.1127,-67.17265,False,2023,pre-construction,8.368868302393906,3.440840844490402,41.63978933139896,True,True,False,True,288960.0,brine,brine,False,1367.7561975714807,1258.3357017657622,mgLi_per_L,True,0.55,0.005581767450415961,0.003069972097728779,41.63978933139896,6939.516376998248,1243247.1324976296,3816.734007349037,False,288960.0,pre-construction,1.303152924465832,6.51576462232916,4.561035235630412,1.954729386698748,1.2923658148634005,32134601.8693377,22494221.308536388,9640380.560801312,2122.4181897775684,2324.6141644915124
Salar de Salinas Grandes,Argentina,Reserves Development,96800.0,tonnes,Brine,,,,03/06/2012,-23.72856,-65.94639,False,2012,pre-construction,6.57276152570377,3.820113319600628,24.54033655787405,True,True,False,True,96800.0,brine,brine,False,715.7051977582039,658.4487819375477,mgLi_per_L,True,0.55,0.0029207690552113053,0.001606422980366218,24.54033655787405,3944.5261792442943,1350509.439356863,2169.489398584362,False,96800.0,pre-construction,0.7968109421366539,3.9840547106832696,2.7888382974782884,1.1952164132049812,0.8060956084536492,21772794.564815346,15240956.195370741,6531838.369444605,2480.0782604435976,2889.0338307819775
Salinas Grandes/Guayatayoc,Argentina,Target Outline,,,Brine,,,,,-23.09376,-65.96333,False,2024,pre-construction,4.4995768994869545,3.293067288020375,17.023538464181122,True,True,True,True,84284.81286806641,brine,brine,False,1656.0741576300572,1523.5882250196528,mgLi_per_L,True,0.55,0.006758383434816343,0.0037171108891489893,17.023538464181122,4951.074833555218,732582.7072860895,2723.09115845537,False,84284.81286806641,pre-construction,0.9624022698527905,4.812011349263953,3.3684079444847668,1.4436034047791861,0.8725237233921894,12783915.829079786,8948741.08035585,3835174.748723937,1294.55684610088,1570.3299365861533
Mina Sisifo/Mina Patilla,Argentina,Reserves Development,,,Project,,,,,-24.23533,-67.51665,False,2024,pre-construction,5.580444524716465,3.16649602031936,19.99988514762269,True,True,True,True,463747.99801797874,,brine,True,850.9401567248365,782.8649441868496,mgLi_per_L,True,0.55,0.0034726584149221674,0.0019099621282071921,19.99988514762269,23187.53305806372,6677170.711183646,12753.143181935047,False,463747.99801797874,pre-construction,1.1448381911901309,5.724190955950654,4.006933669165457,1.7172572867851965,0.7623156636531615,101802236.44042826,71261565.50829977,30540670.93212849,2997.0180410455214,3396.146395533981
Salar de Arizaro,Argentina,Exploration,,,Project,,,,,-24.88645,-67.77402,False,2024,pre-construction,5.570569235891193,3.7057997876552546,23.354981236263647,True,True,True,True,3580109.3544481974,,brine,True,748.4037277899092,688.5314295667165,mgLi_per_L,True,0.55,0.0030542106663196933,0.0016798158664758315,23.354981236263647,153291.0396386577,50190067.544807754,84310.07180126174,False,3580109.3544481974,pre-construction,0.7494216377999932,3.747108188999966,2.622975732299976,1.1241324566999897,0.75944282153887,762329730.1891054,533630811.13237375,228698919.05673164,2230.6660294030967,2617.820140538597
Salar de Arizaro,Argentina,Exploration,,,Project,,,,,-24.88645,-67.77402,False,2024,pre-construction,6.412752381960093,4.408306979265251,28.43114263703992,True,True,True,True,671417.0315073704,,brine,True,689.6677819376487,634.4943593826368,mgLi_per_L,True,0.55,0.00281451122916148,0.0015479811760388143,28.43114263703992,23615.548628448454,8390639.335087737,12988.551745646651,False,671417.0315073704,pre-construction,1.1183154423973491,5.5915772119867455,3.9141040483907217,1.6774731635960238,0.7439388288032611,124842447.9971149,87389713.59798042,37452734.39913447,3612.173906594418,3950.244373136004
Salar De Arizaro,Argentina,Prefeas/Scoping,1665288.0,tonnes,Brine,,2028.0,2047.0,04/09/2024,-24.77014,-67.70972,False,2024,pre-construction,5.345949466769997,4.228104531699705,19.0,True,False,False,True,1665288.0,brine,brine,False,681.619953133234,627.0903568825754,mgLi_per_L,True,0.55,0.0027816683080716244,0.0015299175694393934,19.0,87646.73684210527,31508694.472226944,48205.7052631579,False,1665288.0,pre_construction,0.8004218701054518,4.00210935052726,2.8014765453690815,1.200632805158178,1.002451844743206,631718977.9826791,442203284.58787537,189515693.39480376,2615.8986800797047,
Yergo,Argentina,Target Outline,,,Project,,,,,-27.67082,-68.42462,False,2024,pre-construction,6.630835872047658,3.763155650307824,23.97793031517581,True,True,True,True,92512.40325749684,,brine,True,1748.331797017264,1608.465253255883,mgLi_per_L,True,0.55,0.0071348837859008885,0.003924186082245489,23.97793031517581,3858.231383671386,540756.023426137,2122.0272610192624,False,92512.40325749684,pre-construction,1.1755298898910302,5.877649449455151,4.114354614618605,1.7632948348365458,0.8033184770759795,8687986.104166942,6081590.272916859,2606395.8312500827,1497.8009009429686,1668.5492310587204
Case Lake,Canada,Target Outline,,,Project,,,,,49.05602,-79.92844,False,2024,pre-construction,4.689586730940359,2.8592856789577725,20.884713262808578,True,True,True,True,1008750.2897831154,,hard_rock,True,1.208265540259795,1.1116042970390114,pct_Li2O,True,0.65,0.027489974265774753,0.01786848327275359,20.884713262808578,48300.89248002721,1757036.6568208185,31395.580112017684,False,1008750.2897831154,pre-construction,1.506883257179728,188.360407147466,131.8522850032262,56.50812214423979,0.9583402949511458,336767805.5875277,235737463.91126937,101030341.67625833,10541.488288190843,11055.098367450299
Larder River,Canada,Exploration,,,Project,,,,,44.72066,-64.48995,False,2024,pre-construction,5.242613872632321,3.6327663199085767,31.924605923492255,True,True,True,True,84968.18297293133,,hard_rock,True,0.7558415217402984,0.6953742000010745,pct_Li2O,True,0.65,0.017196603966026573,0.011177792577917272,31.924605923492255,2661.5264469218105,154770.46817964138,1729.9921904991768,False,84968.18297293133,pre-construction,0.837334243208316,104.66678040103949,73.26674628072763,31.400034120311858,0.8366011533657458,25896230.437208887,18127361.30604622,7768869.131162666,9363.814874129805,9832.700439582875
Gullwing-Tot,Canada,Target Outline,,,Project,,,,,49.91595,-92.54348,False,2024,pre-construction,6.001996672719919,2.3677201828407277,36.367721615112885,True,True,True,True,36956.502422893725,,brine,True,863.662952525533,794.5699163234904,mgLi_per_L,True,0.55,0.0035245797204916164,0.0019385188462703892,36.367721615112885,1016.1896533968235,288315.1280388923,558.9043093682529,False,36956.502422893725,pre-construction,0.9999471219476084,4.999735609738042,3.499814926816629,1.4999206829214127,1.0308590841942877,5944245.376990627,4160971.7638934385,1783273.613097188,2579.1524386555625,2871.5967490933526
Paterson Lake,Canada,Target Outline,,,Project,,,,,50.27195,-94.51576,False,2024,pre-construction,5.524263947964058,4.123866120535556,21.831583922364175,True,True,True,True,1347927.7382916526,,brine,True,419.9232412968803,386.32938199312986,mgLi_per_L,True,0.55,0.001713692750291192,0.0009425310126601556,21.831583922364175,61742.095446901665,36028684.50975847,33958.15249579592,False,1347927.7382916526,pre-construction,1.0673333732178705,5.336666866089352,3.735666806262546,1.6010000598268062,1.1329329218934658,816361656.2723703,571453159.3906592,244908496.88171113,5662.059703507678,6763.226982976527
Salta Lithium,Argentina,Prefeas/Scoping,288960.0,tonnes,Brine,,,,11/01/2023,-24.1127,-67.17265,False,2023,pre-construction,4.309717187321753,2.4959526841703568,34.52164028316643,True,True,False,True,288960.0,brine,brine,False,436.8053813491904,401.86095084125515,mgLi_per_L,True,0.55,0.0017825882011066679,0.0009804235106086673,34.52164028316643,8370.401801008968,4695645.239776886,4603.7209905549325,False,288960.0,pre-construction,0.9272795564850329,4.636397782425164,3.245478447697615,1.3909193347275495,1.1273788436824053,105875422.01524913,74112795.4106744,31762626.60457474,4728.974501587372,5395.159327516404
La Borita,Argentina,Target Outline,,,Project,,,,,-25.35885,-67.4804,False,2024,pre-construction,8.906374939335995,4.60386579229358,18.878845876758753,True,True,True,True,219869.89372712153,,brine,True,1253.8145572827264,1153.5093927001083,mgLi_per_L,True,0.55,0.005116775414452231,0.002814226477948727,18.878845876758753,11646.363086092966,2276113.7909625745,6405.4996973511315,False,219869.89372712153,pre-construction,1.0963305570418997,5.481652785209499,3.8371569496466487,1.64449583556285,1.1424023970236652,52004757.013885334,36403329.90971973,15601427.104165606,1947.8364048386904,2377.882110773128
Zulu,Zimbabwe,Commissioning,107366.0,tonnes,Open Pit,,2024.0,,1/31/24,-20.03851,29.40669,False,2024,construction,6.712955594272644,2.553533404758176,44.51480267584003,True,True,False,True,107366.0,hard_rock,hard_rock,False,1.8891647204807192,2.0402978981191766,pct_Li2O,True,0.65,0.05045656702048723,0.0327967685633167,44.51480267584003,2411.9167905077975,47801.84092842603,1567.7459138300685,False,107366.0,construction,0.9076362909987308,113.45453637484135,79.41817546238894,34.03636091245241,0.9331438756054838,8921199.021005662,6244839.314703963,2676359.7063016994,3459.3205777516946,
Alto Ligonha,Mozambique,Target Outline,,,Project,,,,,-15.39314,38.09033,False,2024,pre-construction,7.582610441547723,2.4535013636142207,22.204018857188757,True,True,True,True,3949601.495958898,,brine,True,1494.9332528141001,1375.3385925889722,mgLi_per_L,True,0.55,0.006100772773625916,0.003355425025494254,22.204018857188757,177877.77615222923,29156597.49224029,97832.77688372608,False,3949601.495958898,pre-construction,0.9278365284799379,4.63918264239969,3.2474278496797826,1.3917547927199072,1.106151299692148,645032164.2128485,451522514.948994,193509649.26385456,1382.5916559456841,1679.5293987316907
Odzi West,Zimbabwe,Target Outline,,,Project,,,,,-19.27958,31.86576,False,2024,pre-construction,5.257756450805181,2.640310804788826,29.842785675676776,True,True,True,True,980692.582869484,,hard_rock,True,0.9133242340661418,0.8402582953408505,pct_Li2O,True,0.65,0.020779587643779233,0.013506731968456502,29.842785675676776,32861.965150552045,1581454.151732886,21360.27734785883,False,980692.582869484,pre-construction,0.8935069874200016,111.6883734275002,78.18186139925014,33.50651202825006,0.9113909482094115,288264599.77950907,201785219.84565634,86479379.93385273,8269.089346581854,8721.304451914004
Step Aside,Zimbabwe,Target Outline,,,Project,,,,,-17.71619,31.41397,False,2024,pre-construction,8.611244030046336,2.970059684657053,28.15172106808167,True,True,True,True,140968.40173729655,,hard_rock,True,0.7409223876035176,0.6816485965952362,pct_Li2O,True,0.65,0.01685716979380019,0.010957160365970125,28.15172106808167,5007.45234710094,297051.78320874507,3254.844025615611,False,140968.40173729655,pre-construction,1.0020591425635694,125.25739282044619,87.68017497431232,37.57721784613386,0.8160772074337118,48483437.9408394,33938406.55858758,14545031.382251821,11431.556045256088,11960.681037843939
Bikita Gem,Zimbabwe,Target Outline,,,Project,,,,,-19.95602,31.43583,False,2024,pre-construction,7.437900961974632,2.2655453953789237,15.73248368455728,True,True,True,True,836353.0055777187,,hard_rock,True,1.5277351574711124,1.4055163448734236,pct_Li2O,True,0.65,0.03475841920871976,0.022592972485667846,15.73248368455728,53160.900868987876,1529439.5452728623,34554.58556484212,False,836353.0055777187,pre-construction,1.0842348923244058,135.52936154055072,94.8705530783855,40.658808462165226,0.7493143968868727,229206214.08821353,160444349.86174947,68761864.22646406,5998.739724333555,6420.361865223118
Kolmozerskoye,Russia,Target Outline,,,Project,,,2064.0,,67.98019,36.95744,False,2024,pre-construction,9.153075325413178,2.4525100812903666,27.706523621522905,True,True,True,True,5416467.965014296,,hard_rock,True,1.1233908111854956,1.033519546290656,pct_Li2O,True,0.65,0.02555893837976792,0.016613309946849147,40.0,135411.69912535738,5298017.355546634,88017.6044314823,False,5416467.965014296,pre-construction,1.1683279953435572,146.04099941794465,102.22869959256124,43.812299825383406,0.9523253268996261,1009087222.0081681,706361055.4057176,302726166.6024505,8790.602227080133,9077.2173958654
La Corne South,Canada,Target Outline,,,Project,,,,,48.31032,-77.7195,False,2024,pre-construction,4.662383690204303,4.03765523177639,14.318549404102658,True,True,True,True,411902.8459559632,,brine,True,1681.8249609172572,1547.2789640438766,mgLi_per_L,True,0.55,0.006863471604671297,0.0037749093825692136,14.318549404102658,28767.079285136362,4191330.7058132812,15821.893606825,False,411902.8459559632,pre-construction,0.9933293119946365,4.966646559973182,3.4766525919812277,1.4899939679919547,1.0154753174570916,85123857.58106795,59586700.30674756,25537157.274320386,1315.6995457710482,1691.4450684517603
Mia,Canada,Target Outline,,,Project,,,,,53.13034,-77.95329,False,2024,pre-construction,5.722258970090171,4.258756804917988,25.154398647680363,True,True,True,True,90594.5684329347,,brine,True,427.9902914323909,393.75106811779966,mgLi_per_L,True,0.55,0.0017466141129925399,0.000960637762145897,25.154398647680363,3601.539822192846,2062012.32166972,1980.8469022060654,False,90594.5684329347,pre-construction,0.8596799656459176,4.298399828229588,3.0088798797607113,1.2895199484688766,1.336437917363114,55115029.05498721,38580520.338491045,16534508.716496162,4474.527233478427,5580.654736150103
Cisco,Canada,Target Outline,,,Project,,,,,50.64933,-77.4661,False,2024,pre-construction,5.363699189281711,2.114916616119569,26.43362476082572,True,True,True,True,181303.10819442227,,hard_rock,True,0.7631626575277891,0.702109644925566,pct_Li2O,True,0.65,0.01736317151900925,0.011286061487356011,26.43362476082572,6858.806154466983,395020.35368123517,4458.224000403539,False,181303.10819442227,pre-construction,0.9388196455124879,117.35245568906099,82.14671898234269,35.2057367067183,0.8756025278820251,69176164.04962823,48423314.83473976,20752849.21488847,10397.998967180285,10984.998654215617
Irgon,Canada,Target Outline,16420.0,tonnes,Project,,,,12/31/56,50.6072,-95.39696,False,2024,pre-construction,6.323904904128063,2.879044920008076,42.41034475676361,True,True,False,True,16420.0,,hard_rock,True,0.7009772086589301,0.6448990319662157,pct_Li2O,True,0.65,0.015948353060524514,0.010366429489340934,42.41034475676361,387.1696892391175,24276.468408355147,251.66029800542637,False,16420.0,pre-construction,0.9342187335610045,116.77734169512556,81.74413918658789,35.03320250853767,1.2950662677678952,6287927.067238744,4401548.947067121,1886378.1201716233,11264.953069443962,11854.096428128376
Chaerhan Lake,China,Operating,,,Brine,,,,,36.78454,95.24038,False,2024,operation,4.871650680910154,2.8326950832952305,18.53542606758409,True,True,True,True,139352.7308383557,brine,brine,False,627.2623034831511,721.3516490056237,mgLi_per_L,True,0.55,0.0031997956897141123,0.0017598876293427618,18.53542606758409,7518.183306401812,2349582.296947693,4135.000818520997,False,139352.7308383557,operation,0.9516645987623591,4.758322993811795,3.3308260956682565,1.4274968981435388,0.7061135559199561,33181438.212486275,23227006.74874039,9954431.463745885,2703.765237323029,
WRL,Canada,Exploration,,,Project,,,,,51.63458,-75.56755,False,2024,pre-construction,4.186006769166858,3.827956027969539,14.408838177915426,True,True,True,True,73577.48419719555,,brine,True,1344.2028240692614,1236.6665981437206,mgLi_per_L,True,0.55,0.005485646918265854,0.00301710580504622,14.408838177915426,5106.413389385448,930868.0389877715,2808.5273641619965,False,73577.48419719555,pre-construction,1.1013243304050797,5.506621652025398,3.8546351564177783,1.6519864956076198,0.9484493738655015,17657624.174587183,12360336.922211027,5297287.252376156,1825.1337566005711,2261.473372949479
Andover,Australia,Target Outline,,,Project,,,,,-20.76284,117.18367,False,2024,pre-construction,5.719997726520699,3.3517620299191657,28.843209566524354,True,True,True,True,60630.39697172909,,hard_rock,True,1.184769369732979,1.0899878201543407,pct_Li2O,True,0.65,0.026955398792416842,0.017521009215070948,28.843209566524354,2102.0683163532944,77983.20227206779,1366.3444056296414,False,60630.39697172909,pre-construction,0.988001570429945,123.50019630374312,86.45013741262018,37.050058891122944,1.5463340715323857,24117616.536100037,16882331.575270027,7235284.9608300105,7048.691932512235,7660.662615426531
Kathleen Valley,Australia,Operating,2090000.0,tonnes,"Open Pit, Underground",,,,11/11/2021,-27.46948,120.55802,False,2021,operation,6.447749696064081,2.806746635562975,21.224126405320572,True,True,False,True,2090000.0,hard_rock,hard_rock,False,0.897515911273117,1.0321432979640845,pct_Li2O,True,0.65,0.02552490375865181,0.016591187443123677,21.224126405320572,98472.83982798313,3857912.2867252813,64007.34588818904,False,1794581.4805160505,operation,1.0229370886698452,127.86713608373066,89.50699525861145,38.3601408251192,0.9046424204729172,698006221.8070731,488604355.26495117,209401866.54212195,7706.930954886295,
Morrissey Hill,Australia,Target Outline,,,Project,,2024.0,2046.0,,-24.53712,116.17944,False,2024,pre-construction,5.35678340449165,3.6998332198396793,22.0,True,False,True,True,1189822.3218055002,,hard_rock,True,1.1438954761806228,1.052383838086173,pct_Li2O,True,0.65,0.026025452315871056,0.016916544005316187,22.0,54082.832809340915,2078074.6537250257,35153.8413260716,False,1189822.3218055002,pre-construction,1.0162674700617957,127.03343375772447,88.92340363040712,38.110030127317344,0.8085262679212076,336035588.84759015,235224912.1933131,100810676.65427706,7509.419992511649,7943.920017869891
Pocitos 1,Argentina,Reserves Development,308000.0,tonnes,Brine,,,,12/18/2023,-24.47854,-67.02077,False,2023,pre-construction,9.336959273551052,3.222700900430157,20.11031945012573,True,True,False,True,308000.0,brine,brine,False,1332.4473455718153,1225.8515579260702,mgLi_per_L,True,0.55,0.00543767320236706,0.0029907202613018834,20.11031945012573,15315.520012690518,2816557.6419751663,8423.536006979786,False,308000.0,pre-construction,0.9947506451389541,4.97375322569477,3.4816272579863385,1.4921259677084313,0.7896634251524357,44482651.09402755,31137855.76581928,13344795.328208268,1663.0620021712284,1925.6514419234572
Zimbabwe Lithium,Zimbabwe,Operating,,,Project,,2023.0,,,-20.09203,31.62121,False,2024,operation,5.440351661061068,2.2941749379317775,30.72373510697209,True,True,True,True,3921489.2463420723,,hard_rock,True,1.4074480712417938,1.6185652819280627,pct_Li2O,True,0.65,0.04002711942208099,0.026017627624352644,30.72373510697209,127637.1259122129,3188766.2103858963,82964.13184293838,False,3921489.2463420723,operation,0.9391115839603866,117.38894799504833,82.17226359653382,35.2166843985145,1.5161727458111367,966944084.1901114,676860858.9330779,290083225.25703347,4511.900534896257,
Tammela,Finland,Target Outline,,,Project,,,,,60.74814,23.47223,False,2024,pre-construction,5.049600418685725,3.7119880623326367,17.094247040789824,True,True,True,True,304962.506790418,,hard_rock,True,1.7656610225747273,1.6244081407687492,pct_Li2O,True,0.65,0.040171613321211164,0.026111548658787256,17.094247040789824,17840.066664692797,444096.3453980325,11596.043332050318,False,304962.506790418,pre-construction,1.1244499387319968,140.5562423414996,98.38936963904972,42.16687270244988,1.2460550201766465,110673696.12506407,77471587.28754485,33202108.83751923,5382.914823560209,5941.236653347649
Sal de los Angeles,Argentina,Preproduction,828563.0,tonnes,Brine,,,2035.0,6/30/18,-25.24472,-66.74833,False,2018,construction,7.447829135516766,2.930051846935285,25.79802302420107,True,True,False,True,828563.0,brine,brine,False,1334.320071843522,1441.065677591004,mgLi_per_L,True,0.55,0.0063923271681807625,0.0035157799424994198,17.0,48739.0,7624609.741912033,26806.45,False,828563.0,construction,0.9942720123273824,4.971360061636912,3.4799520431458384,1.4914080184910739,0.8687008944836224,132470106.05775051,92729074.24042535,39741031.81732516,1414.013431711741,
Atex,Cote d'Ivore,Target Outline,,,Project,,,,,9.87931,-6.49208,False,2024,pre-construction,5.679599915071274,4.049002629765855,33.44253945629957,True,True,True,True,2238953.187932341,,hard_rock,True,1.0965156668017455,1.008794413457606,pct_Li2O,True,0.65,0.02494748584480659,0.016215865799124284,33.44253945629957,66949.25757232199,2683607.397907756,43517.017422009296,False,2238953.187932341,pre-construction,0.9906232106191678,123.82790132739598,86.67953092917718,37.1483703982188,0.8863477106516117,475721854.6846536,333005298.2792575,142716556.4053961,7636.21892665658,7963.103731744361
Mavis Lake,Canada,Prefeas/Scoping,86000.0,tonnes,Project,,,,05/05/2023,49.8146,-92.66102,False,2023,pre-construction,4.955769658673766,3.3634883203228325,38.62883931324092,True,True,False,True,86000.0,,hard_rock,True,1.3105170371599724,1.2056756741871746,pct_Li2O,True,0.65,0.029816359422648826,0.019380633624721737,38.62883931324092,2226.3159217036464,74667.59741340228,1447.10534910737,False,86000.0,pre-construction,0.8513213466578169,106.41516833222711,74.49061783255897,31.924550499668143,0.5902973836221115,8815217.478896102,6170652.235227271,2644565.243668831,5490.79923767224,5648.495435863584
Salar del Rincon,Argentina,Production - Operating,3371100.0,tonnes,Brine,,2025.0,2068.0,2/24/16,-24.0575,-67.12,False,2016,operation,5.002719325123535,2.0996221428043724,43.0,True,False,False,True,3371100.0,brine,brine,False,552.028639075262,634.8329349365513,mgLi_per_L,True,0.55,0.0028160130938893854,0.001548807201639162,43.0,78397.67441860466,27839953.7945061,43118.720930232565,False,3371100.0,pre_construction,0.9059949357956361,4.5299746789781805,3.170982275284726,1.3589924036934544,0.9371287584825547,521792426.71314377,365254698.69920063,156537728.01394314,2924.8150926622334,
Jadar,Serbia,Feasibility Started,2581000.0,tonnes,Underground,,2027.0,,12/31/22,44.53707,19.33921,False,2022,pre-construction,8.640019347030385,3.6047959189892893,26.728592238020102,True,True,False,True,2581000.0,hard_rock,hard_rock,False,1.4243054691765518,1.3103610316424277,pct_Li2O,True,0.65,0.032405228312517236,0.021063398403136206,26.728592238020102,96563.25993587702,2979866.67474203,62766.11895832007,False,2581000.0,pre_construction,0.9200761784729403,115.00952230911754,80.50666561638228,34.502856692735264,1.3275737450460747,791198552.225054,553838986.5575378,237359565.66751623,5460.159852077496,
Tambourah,Australia,Target Outline,,,Project,,,,,-21.75152,119.22377,False,2024,pre-construction,8.842755940001105,3.169602781592178,42.50075884520112,True,True,True,True,2765203.7118478594,,hard_rock,True,1.520034167064836,1.3984314336996493,pct_Li2O,True,0.65,0.03458320935539232,0.02247908608100501,42.50075884520112,65062.455047437026,1881330.7457623878,42290.59578083407,False,2765203.7118478594,pre-construction,1.0958232300703392,136.9779037587924,95.88453263115467,41.093371127637724,0.6601729359880414,248400728.3989054,173880509.87923378,74520218.51967162,6093.570853600659,6231.77223280833
Georgia Lake,Canada,Prefeas/Scoping,135300.0,tonnes,"Open Pit, Underground",,,,7/31/22,49.44318,-87.99603,False,2022,pre-construction,6.481234785966041,3.084963620482226,17.4416530108696,True,True,False,True,135300.0,hard_rock,hard_rock,False,1.2469107876861614,1.1471579246712684,pct_Li2O,True,0.65,0.028369215477120468,0.018439990060128305,17.4416530108696,7757.292265571465,273440.49298182584,5042.239972621453,False,135300.0,pre-construction,0.7733073182735416,96.6634147841927,67.66439034893489,28.99902443525781,1.2085956447539332,66095797.783440635,46267058.44840844,19828739.335032195,5242.053518955103,5993.611854090024
Separation Rapids,Canada,Prefeas/Scoping,175000.0,tonnes,Open Pit,,2026.0,,08/07/2023,50.266,-94.58258,False,2023,pre-construction,4.975538324975421,2.832457486020675,35.72614382793257,True,True,False,True,175000.0,hard_rock,hard_rock,False,1.5163658547699177,1.3950565863883244,pct_Li2O,True,0.65,0.03449974938138326,0.022424837097899122,35.72614382793257,4898.373606814398,141982.87508307685,3183.942844429359,False,175000.0,pre_construction,1.121973069080374,140.24663363504675,98.17264354453272,42.07399009051403,1.103913000506641,31347348.3307038,21943143.83149266,9404204.49921114,6254.075916929884,
Paterson Lake,Canada,Exploration,,,Project,,,,,50.28245,-94.60458,False,2024,pre-construction,6.821622509858917,3.3577825838515536,32.0915498407004,True,True,True,True,10630545.039583087,,hard_rock,True,1.2235757737622102,1.1256897118612335,pct_Li2O,True,0.65,0.027838306574328304,0.018094899273313397,32.0915498407004,331256.8290516403,11899316.798138717,215316.9388835662,False,10630545.039583087,pre-construction,1.0239138843273174,127.98923554091468,89.59246487864027,38.396770662274406,1.3380350484216488,3184340585.636415,2229038409.9454904,955302175.6909246,7073.221774142447,7534.062257685128
Salar De Arizaro,Argentina,Prefeas/Scoping,1665288.0,tonnes,Brine,,2028.0,2047.0,04/09/2024,-24.77014,-67.70972,False,2024,pre-construction,4.742059914901185,1.7115604723438427,19.0,True,False,False,True,1665288.0,brine,brine,False,1227.4380080955493,1129.2429674479054,mgLi_per_L,True,0.55,0.005009133596437667,0.0027550234780407174,19.0,87646.73684210527,17497384.55856653,48205.7052631579,False,1665288.0,pre_construction,0.9031928400101557,4.515964200050778,3.1611749400355444,1.3547892600152336,0.8763874719314995,306689772.3739075,214682840.66173524,92006931.71217227,1639.1744883649355,
Galinee,Canada,Target Outline,,,Project,,,,,53.2125,-72.329165,False,2024,pre-construction,5.1289594601859205,3.00768187776567,25.226162732868435,True,True,True,True,413597.65910142346,,hard_rock,True,1.4637109141277997,1.3466140409975758,pct_Li2O,True,0.65,0.033301765233870045,0.02164614740201553,25.226162732868435,16395.583564619057,492333.76817946247,10657.129317002387,False,413597.65910142346,pre-construction,0.8840909627797295,110.5113703474662,77.35795924322633,33.153411104239865,1.0304629346110719,101466339.91326721,71026437.93928704,30439901.973980173,5105.359780428003,5482.784695608065
Moblan,Canada,Feasibility Complete,1130300.0,tonnes,Open Pit,,2027.0,2047.0,1/24/24,50.73002,-74.89988,False,2024,pre-construction,5.995099575469671,4.28170601458865,20.0,True,False,False,True,1130300.0,hard_rock,hard_rock,False,1.3601605210661987,1.2513476793809029,pct_Li2O,True,0.65,0.030945828111089726,0.020114788272208323,20.0,56515.0,1826255.862248111,36734.75,False,1130300.0,pre_construction,1.0840199004346094,135.50248755432617,94.85174128802831,40.65074626629786,1.2839253689596402,468955246.35032237,328268672.44522566,140686573.9050967,6736.4610415285215,
San Jose,Spain,Feasibility Started,680000.0,tonnes,"Open Pit, Underground",,2025.0,2051.0,8/22/19,39.45948,-6.33674,False,2019,pre-construction,5.421795727663421,2.280209786613301,26.0,True,False,False,True,680000.0,hard_rock,hard_rock,False,1.2256252009489637,1.1275751848730466,pct_Li2O,True,0.65,0.027884934321910443,0.01812520730924179,26.0,26153.846153846152,937920.3067835775,17000.0,False,680000.0,pre_construction,1.0371408841379617,129.6426105172452,90.74982736207164,38.89278315517356,1.0801463070663084,202618231.13895607,141832761.79726923,60785469.341686845,7152.61394285638,
Mina do Barroso,Portugal,Feasibility Started,293400.0,tonnes,Open Pit,,2026.0,2040.0,06/12/2023,41.60482,-7.76348,False,2023,pre-construction,5.234062022246884,2.0469513604389347,14.0,True,False,False,True,293400.0,hard_rock,hard_rock,False,1.6189774560324635,1.4894592595498664,pct_Li2O,True,0.65,0.036834327488668196,0.02394231286763433,14.0,20957.14285714286,568956.8477554034,13622.142857142859,False,293400.0,pre_construction,0.7459985239461238,93.24981549326547,65.27487084528583,27.97494464797964,1.1295059285527174,128528026.52607879,89969618.56825514,38558407.95782365,3894.7705682738083,
Moblan,Canada,Feasibility Complete,1130300.0,tonnes,Open Pit,,2027.0,2047.0,1/24/24,50.73002,-74.89988,False,2024,pre-construction,9.048530101383697,2.8122259120076283,20.0,True,False,False,True,1130300.0,hard_rock,hard_rock,False,1.1124277183501967,1.023433500882181,pct_Li2O,True,0.65,0.025309510476816337,0.016451181809930618,20.0,56515.0,2232955.0803350415,36734.75,False,1130300.0,pre_construction,0.9053528719916402,113.16910899895502,79.21837629926851,33.95073269968651,0.9200509330742884,410886481.03504556,287620536.7245319,123265944.31051368,6879.086883025111,
Barraute,Canada,Target Outline,,,Project,,,,,48.3151,-77.97344,False,2024,pre-construction,4.543660080042393,3.039409154248408,27.24724114601677,True,True,True,True,311634.2120226048,,brine,True,1190.5483346472179,1095.3044678754404,mgLi_per_L,True,0.55,0.004858588068750808,0.0026722234378129444,27.24724114601677,11437.275809046896,2354032.827480996,6290.501694975794,False,311634.2120226048,pre-construction,0.8750843765292619,4.375421882646309,3.0627953178524163,1.3126265647938928,0.9453812639162745,44509170.59488771,31156419.416421395,13352751.178466316,1637.3712694576661,1897.0531708533563
Mallina,Australia,Target Outline,,,Project,,,,,-21.05208,118.0188,False,2024,pre-construction,6.323350650827526,2.7355709943984747,22.94124442541888,True,True,True,True,1187483.448363098,,hard_rock,True,1.149386436602633,1.0574355216744225,pct_Li2O,True,0.65,0.026150380451008464,0.016997747293155504,22.94124442541888,51761.94570541114,1979395.5121373767,33645.26470851724,False,1187483.448363098,pre-construction,0.9932447594043821,124.15559492554776,86.90891644788343,37.24667847766433,0.8725873093125048,345439080.8002402,241807356.56016815,103631724.24007207,7304.238190171329,7751.7768404365215
Tabba Tabba,Australia,Target Outline,,,Project,,,,,-20.72181,118.88838,False,2024,pre-construction,3.7345607209576985,2.9676199420940645,25.6358053639129,True,True,True,True,677051.4770975205,,hard_rock,True,1.2388682876053092,1.1397588245968846,pct_Li2O,True,0.65,0.028186235732280955,0.018321053225982622,25.6358053639129,26410.384518311042,936995.8006866423,17166.74993690218,False,677051.4770975205,pre-construction,0.9125906614025403,114.07383267531753,79.85168287272226,34.22214980259527,1.0046504339771287,188270647.55891645,131789453.29124151,56481194.26767494,6226.37963376144,6654.186321861939
Mt Edon,Australia,Exploration,,,Project,,,,,-29.36205,117.65755,False,2024,pre-construction,4.133140026596299,3.386725385580867,31.012153823774646,True,True,True,True,965514.8684883785,,hard_rock,True,0.826779695413735,0.7606373197806362,pct_Li2O,True,0.65,0.018810560918175134,0.012226864596813837,31.012153823774646,31133.434780921023,1655104.0086656474,20236.732607598664,False,965514.8684883785,pre-construction,1.0754640759489293,134.43300949361617,94.10310664553131,40.329902848084856,0.9883945247193449,327179148.00123304,229025403.60086313,98153744.40036991,10994.888217593223,11516.218910485159
Poona,Australia,Target Outline,,,Project,,,,,-27.11937,117.44342,False,2024,pre-construction,4.714626510399318,3.712455262302251,23.02930865380153,True,True,True,True,5426287.719150233,,hard_rock,True,1.3237246181067346,1.217826648658196,pct_Li2O,True,0.65,0.030116853021317183,0.01957595446385617,23.02930865380153,235625.2982112208,7823702.497881884,153156.4438372935,False,5426287.719150233,pre-construction,0.9283532662825671,116.04415828532089,81.23091079972461,34.81324748559628,0.9328943255285546,1459737532.9795175,1021816273.0856621,437921259.89385533,5927.892736958376,6341.757641838394
Youanmi,Australia,Reserves Development,,,Project,,,,05/21/2019,-28.62078,118.72503,False,2024,pre-construction,9.460571469521925,1.6424421336416728,18.05279197153674,True,True,True,True,271296.8984196781,,hard_rock,True,0.7425893433827051,0.6831821959120887,pct_Li2O,True,0.65,0.016895095704905952,0.01098181220818887,18.05279197153674,15027.974556369076,889487.3884618063,9768.1834616399,False,271296.8984196781,pre-construction,0.9631963879810758,120.39954849763447,84.27968394834413,36.11986454929034,0.6393361205474398,113736283.24300897,79615398.27010627,34120884.9729027,10963.541009001727,11608.512987362705
Kirup,Australia,Target Outline,,,Project,,,,,-33.82366,115.83541,False,2024,pre-construction,6.905628072285589,2.7474832510406264,35.74910132619176,True,True,True,True,832345.2594415301,,hard_rock,True,1.6130834464496593,1.4840367707336866,pct_Li2O,True,0.65,0.03670022934024407,0.023855149071158648,35.74910132619176,23282.97016047528,634409.3914133682,15133.930604308933,False,832345.2594415301,pre-construction,1.2092009991794495,151.15012489743117,105.80508742820182,45.345037469229354,0.7388980583436834,93752773.5020671,65626941.451446965,28125832.05062014,6336.1635027539905,6509.451011177841
Keliber,Finland,Construction Started,224255.0,tonnes,"Open Pit, Underground",,2025.0,,12/31/23,63.62083,24.1425,False,2023,construction,7.850891660949118,3.2546769147460375,41.8176692055726,True,True,False,True,224255.0,hard_rock,hard_rock,False,1.1410493161478792,1.2323332614397096,pct_Li2O,True,0.65,0.030475601555404016,0.01980914101101261,41.8176692055726,5362.685301698161,175966.5118323886,3485.745446103805,False,224255.0,pre_construction,0.9683326547989374,121.04158184986717,84.72910729490701,36.31247455496016,0.9683474490707161,34079344.5709531,23855541.19966717,10223803.37128593,6110.390237647146,
Kamativi,Zimbabwe,Construction Started,227800.0,tonnes,Open Pit,,,,12/31/22,-18.32581,27.05284,False,2022,construction,3.832329853431938,1.4090541330125088,19.69090960947849,True,True,False,True,227800.0,hard_rock,hard_rock,False,1.6461218144759753,1.7778115596340534,pct_Li2O,True,0.65,0.043965279869750136,0.02857743191533759,19.69090960947849,11568.79009237569,263134.68552114186,7519.713560044199,False,227800.0,construction,0.9315865939528436,116.44832424410545,81.51382697087381,34.93449727323164,1.2416440833020466,65343925.07777409,45740747.55444186,19603177.52333223,4074.835156255146,
Forgan Lake,Canada,Target Outline,,,Project,,,,,49.32614,-88.27988,False,2024,pre-construction,6.6608902148691715,4.362480342611862,28.389549740960835,True,True,True,True,104071.11748855178,,hard_rock,True,0.954231339639185,0.8778928324680503,pct_Li2O,True,0.65,0.021710289746934883,0.014111688335507674,28.389549740960835,3665.8248700012505,168851.95512044244,2382.786165500813,False,104071.11748855178,pre-construction,1.009340021086763,126.16750263584537,88.31725184509175,37.85025079075362,0.8218800661108163,27755211.207465965,19428647.845226176,8326563.362239789,8940.638401032717,9350.937876670232
Georgia Lake,Canada,Target Outline,,,Project,,,,,49.30144,-87.90182,False,2024,pre-construction,5.57256019580844,3.304879890184189,22.66553719483377,True,True,True,True,433377.0431398477,,hard_rock,True,1.4362607767055167,1.3213599145690753,pct_Li2O,True,0.65,0.03267723068729323,0.0212401999467406,22.66553719483377,19120.528201671244,585133.0666495676,12428.34333108631,False,433377.0431398477,pre-construction,0.8260859369255161,103.26074211568951,72.28251948098266,30.978222634706853,0.8829985068427306,103334324.83117522,72334027.38182265,31000297.449352577,4861.571095122168,5228.4015188194235
Grota do Cirilo,Brazil,Operating,1069000.0,tonnes,"Open Pit, Underground",,2023.0,2049.0,05/08/2024,-16.74129,-41.90547,False,2024,operation,5.480563995301762,2.9697790218420943,26.0,True,False,False,True,1069000.0,hard_rock,hard_rock,False,1.3186594939587333,1.5164584180525431,pct_Li2O,True,0.65,0.03750201667843939,0.024376310840985602,25.0,42760.0,1140205.3485988535,27794.0,False,1069000.0,operation,0.7898053737969422,98.72567172461777,69.10797020723243,29.617701517385342,0.973421910378102,221980173.73128515,155386121.61189958,66594052.11938557,4050.066163359854,
Sutti,Mexico,Reserves Development,98000.0,tonnes,Project,,,,12/17/2018,23.4389,-102.87293,False,2018,pre-construction,6.804521600554779,2.893809498126336,14.67645304178713,True,True,False,True,98000.0,,hard_rock,True,1.3034529154547903,1.1991766822184071,pct_Li2O,True,0.65,0.02965563935126121,0.019276165578319786,14.67645304178713,6677.362692536962,225163.33616840345,4340.285750149025,False,98000.0,pre-construction,0.998679013837347,124.83487672966838,87.38441371076786,37.45046301890052,1.1929534568353262,53721876.0469343,37605313.23285401,16116562.81408029,6476.125981718697,7319.483533475908
Hombre Muerto North,Argentina,Prefeas/Scoping,640000.0,tonnes,Brine,,2029.0,2054.0,09/05/2023,-25.22556,-66.98187,False,2023,pre-construction,5.079752370941613,2.085385394926001,25.0,True,False,False,True,640000.0,brine,brine,False,1508.5579006167773,1387.8732685674352,mgLi_per_L,True,0.55,0.006156374507153716,0.0033860059789345438,25.0,25600.0,4158291.5350995567,14080.000000000002,False,640000.0,pre_construction,0.9180025602243991,4.590012801121995,3.2130089607853964,1.3770038403365987,1.3724147423957005,114138012.1189976,79896608.48329832,34241403.63569929,1355.5831943824003,
Tanco,Canada,Production - Operating,62250.0,tonnes,"Open Pit, Tailings, Underground",,,,12/31/23,50.44323,-95.43694,False,2023,operation,5.873424399636651,1.7280384774739488,36.79129143033692,True,True,False,True,62250.0,hard_rock,hard_rock,False,1.6764729386646402,1.927943879464336,pct_Li2O,True,0.65,0.04767805213915303,0.03099073389044947,36.79129143033692,1691.9764862798659,35487.5337889574,1099.7847160819128,False,60558.02351372013,operation,0.8091918822199896,101.1489852774987,70.80428969424908,30.344695583249617,1.0389999018891019,7374308.825002586,5162016.17750181,2212292.6475007758,3263.846078477998,
Thompson Bros,Canada,Feasibility Started,90896.0,tonnes,"Underground, Open Pit",,2025.0,,07/12/2023,54.85151,-99.71257,False,2023,pre-construction,4.910535554636979,3.402418596458096,17.448707888074203,True,True,False,True,90896.0,hard_rock,hard_rock,False,0.8699562457733765,0.8003597461115064,pct_Li2O,True,0.65,0.019792896521337554,0.01286538273886941,17.448707888074203,5209.325560554851,263191.67358546966,3386.0616143606535,False,90896.0,pre_construction,1.1512642355554192,143.9080294444274,100.73562061109918,43.17240883332822,0.9837014294825261,51780405.106784984,36246283.574749485,15534121.5320355,11185.678060680362,
Shatford Lake,Canada,Exploration,,,Project,,,,,50.39446,-95.41611,False,2024,pre-construction,5.38471479437449,4.220185352735788,29.245920988264427,True,True,True,True,177611.3571055136,,hard_rock,True,1.6964738503060985,1.5607559422816106,pct_Li2O,True,0.65,0.03859749445262423,0.025088371394205753,29.245920988264427,6073.030053551197,157342.59800219475,3947.4695348082782,False,177611.3571055136,pre-construction,1.1100942728158227,138.76178410197784,97.13324887138448,41.62853523059336,0.8370354387354078,26340266.110107195,18438186.277075034,7902079.833032161,5530.92035834679,5759.078551514403
Salar de Atacama,Chile,Expansion,24280000.0,tonnes,Brine,,1996.0,2030.0,12/31/22,-23.55,-68.385,False,2022,operation,5.958517120185504,3.711181942640436,34.0,True,False,False,True,24280000.0,brine,brine,False,818.2516159987777,940.9893583985943,mgLi_per_L,True,0.55,0.0041740719622964315,0.0022957395792630375,8.0,3035000.0,727107732.5485896,1669250.0000000002,False,18210000.0,operation,1.0356527138108391,5.178263569054195,3.6247844983379363,1.553479070716259,1.062674413467748,15453575664.278732,10817502964.995111,4636072699.283621,2255.5971138139657,
Mt Holland - Lithium,Australia,Preproduction - Operating,2737000.0,tonnes,Open Pit,,2023.0,2067.0,12/31/23,-32.08393,119.74667,False,2023,operation,4.486719220151433,1.4142881598264765,44.0,True,False,False,True,2737000.0,hard_rock,hard_rock,False,1.0854043842785508,1.2482150419203333,pct_Li2O,True,0.65,0.03086835798668984,0.020064432691348395,44.0,62204.545454545456,2015155.632229207,40432.954545454544,False,2674795.4545454546,operation,0.9242984531478495,115.53730664348119,80.87611465043683,34.661191993044355,0.9265505728972928,373428721.10383564,261400104.77268493,112028616.33115071,5758.31414826395,
Beechworth,Australia,Target Outline,,,Placer,,,,12/31/15,-36.46872,147.20498,False,2024,pre-construction,4.9663722197673685,1.558343850644656,36.47168360021167,True,True,True,True,153450.9118586366,hard_rock,hard_rock,False,1.0617498912176488,0.976809899920237,pct_Li2O,True,0.65,0.02415650882502746,0.01570173073626785,36.47168360021167,4207.3986367261095,174172.46288366866,2734.8091138719715,False,153450.9118586366,pre-construction,0.9715449829260865,121.44312286576081,85.01018600603257,36.432936859728244,1.0132659287860357,35296604.47455437,24707623.132188056,10588981.342366312,7734.378133567884,8088.25330944443
Marble Bar,Australia,Target Outline,,,Project,,,,,-21.24577,119.91494,False,2024,pre-construction,5.496024720622227,3.025479294797554,32.783702162579885,True,True,True,True,390322.73352336505,,hard_rock,True,1.4057384640914206,1.293279386964107,pct_Li2O,True,0.65,0.03198279923962236,0.020788819505754536,32.783702162579885,11905.999254986184,372262.57669892325,7738.89951574102,False,390322.73352336505,pre-construction,0.9181484055413167,114.76855069266459,80.33798548486521,34.430565207799376,0.821853077835833,61189028.88462158,42832320.21923511,18356708.665386476,5520.686283359938,5761.863543687685
Julimar Nth,Australia,Target Outline,,,Project,,,,,-30.97314,116.45676,False,2024,pre-construction,5.704208949272025,3.1523293055631108,27.474740355591173,True,True,True,True,263278.96168038493,,hard_rock,True,1.1891336651964979,1.094002971980778,pct_Li2O,True,0.65,0.02705469349708464,0.017585550773105016,27.474740355591173,9582.582338282482,354192.97355244786,6228.678519883613,False,263278.96168038493,pre-construction,1.1382659280047338,142.28324100059172,99.5982687004142,42.68497230017752,1.2220766161356353,86570190.11559881,60599133.08091916,25971057.03467965,8090.917528622238,8596.78745085262
Killick,Canada,Target Outline,,,Project,,,,,47.84123,-57.70978,False,2024,pre-construction,7.3542749349914756,3.225393348077023,28.658034451002752,True,True,True,True,1089388.515192429,,hard_rock,True,0.9356192434299048,0.8607697039555124,pct_Li2O,True,0.65,0.021286834778819822,0.013836442606232884,28.658034451002752,38013.37167958883,1785769.095056431,24708.691591732742,False,1089388.515192429,pre-construction,0.8065054184920344,100.8131773115043,70.56922411805301,30.24395319345129,0.9054989425114556,323402405.42864746,226381683.8000532,97020721.62859425,7286.061900483808,7742.778815761764
Borborema,Brazil,Target Outline,,,Project,,,,,-6.80749,-36.64739,False,2024,pre-construction,6.4649263070433705,4.0041077385338415,37.49656717406502,True,True,True,True,2307022.3185513355,,hard_rock,True,1.2964365531119197,1.1927216288629663,pct_Li2O,True,0.65,0.029496005881781154,0.01917240382315775,37.49656717406502,61526.22739681132,2085917.2473522704,39992.04780792736,False,2307022.3185513355,pre-construction,1.0419185549235668,130.23981936544584,91.16787355581208,39.07194580963376,0.7213001240437741,300914473.8520481,210640131.69643366,90274342.15561444,6793.087636101906,6993.755544975223
Lithium Star,Australia,Exploration,,,Project,,,,,-32.98797,119.84065,False,2024,pre-construction,6.08683661576393,4.096078711956379,21.887113526107818,True,True,True,True,42855.61745272038,,hard_rock,True,1.62728473792259,1.497101958888783,pct_Li2O,True,0.65,0.0370233314433196,0.024065165438157742,21.887113526107818,1958.0296598544387,52886.37147232575,1272.7192789053852,False,42855.61745272038,pre-construction,1.0029073797971704,125.3634224746463,87.7543957322524,37.609026742393894,0.9751813822983721,10314760.967425564,7220332.677197895,3094428.2902276693,5209.331421252978,5579.618071406031
Trident,Australia,Target Outline,,,Project,,,,,-31.44016,141.61428,False,2024,pre-construction,7.865839457658792,4.707349093872111,25.334250231568184,True,True,True,True,3261872.8533105385,,hard_rock,True,0.6861795567387293,0.631285192199631,pct_Li2O,True,0.65,0.015611682803096872,0.010147593822012966,25.334250231568184,128753.47892656499,8247251.788963091,83689.76130226724,False,3261872.8533105385,pre-construction,0.8441145990696108,105.51432488370135,73.86002741859095,31.654297465110403,0.7860944973636709,1296623849.9353151,907636694.9547205,388987154.98059464,10397.964949563837,11009.51727323974
Pontax,Canada,Reserves Development,105280.0,tonnes,Project,,,,08/14/2023,51.92481,-76.99303,False,2023,pre-construction,4.662192560106888,2.633735061712562,19.578692964805683,True,True,False,True,105280.0,,hard_rock,True,1.1814160829871874,1.0869027963482125,pct_Li2O,True,0.65,0.026879106153691296,0.017471418999899343,19.578692964805683,5377.274171940358,200054.05466959323,3495.228211761233,False,105280.0,pre-construction,1.0973665647646549,137.17082059558186,96.01957441690729,41.15124617867457,1.0940380389457367,43773349.130773,30641344.391541097,13132004.739231903,7851.155112035956,8490.81709956771
Salar de Turi,Chile,Target Outline,,,Project,,,,,-22.22576,-68.30319,False,2024,pre-construction,4.207129857344474,2.9360658550896095,24.38209453972619,True,True,True,True,11985.834599371894,,brine,True,1059.4813406335252,974.7228333828432,mgLi_per_L,True,0.55,0.004323708035080729,0.002378039419294401,24.38209453972619,491.58346834572217,113694.8804954504,270.3709075901472,False,11985.834599371894,pre-construction,0.9504202748476941,4.75210137423847,3.326470961966929,1.4256304122715413,1.2825600897355571,2916410.3226143667,2041487.2258300565,874923.0967843102,1998.3274186634333,2440.7300047305803
Salta Lithium,Argentina,Prefeas/Scoping,288960.0,tonnes,Brine,,,,11/01/2023,-24.1127,-67.17265,False,2023,pre-construction,5.393524391453998,4.774244609160585,18.268551727082944,True,True,False,True,288960.0,brine,brine,False,580.7495852597697,534.2896184389881,mgLi_per_L,True,0.55,0.0023700196991256117,0.0013035108345190866,18.268551727082944,15817.345803697166,6673930.09835858,8699.540192033443,False,288960.0,pre-construction,1.3237226428096245,6.618613214048122,4.633029249833685,1.9855839642144373,1.096616489943834,146374835.97184986,102462385.1802949,43912450.79155496,5077.528347886709,5998.541863263797
Manono,Democratic Republic of the Congo,Feasibility Complete,13490000.0,tonnes,Open Pit,,,,1/22/24,-7.32649,27.38641,False,2024,pre-construction,4.385878558100202,3.451743677970736,21.977325924290948,True,True,False,True,13490000.0,hard_rock,hard_rock,False,0.9879310514685532,0.9088965673510689,pct_Li2O,True,0.65,0.022477012110591933,0.014610057871884756,21.977325924290948,613814.439776309,27308542.468020413,398979.3858546008,False,13490000.0,pre-construction,1.1926289356853068,149.07861696066334,104.35503187246434,44.723585088199,0.953031952723967,5205182710.868576,3643627897.608003,1561554813.260573,10203.834801198607,10797.457736805447
Lithium Star,Australia,Exploration,,,Project,,,,,-32.98797,119.84065,False,2024,pre-construction,6.057835154833112,1.677849039374844,29.308028673548588,True,True,True,True,878231.5595999056,,hard_rock,True,1.4287482394988076,1.314448380338903,pct_Li2O,True,0.65,0.03250630844578107,0.021129100489757698,29.308028673548588,29965.562316804237,921838.3676751646,19477.615505922753,False,878231.5595999056,pre-construction,0.991801894760805,123.97523684510062,86.78266579157044,37.19257105353019,0.8321364509145672,153419061.51881787,107393343.0631725,46025718.45564537,5867.51134555858,6136.266576264583
Mariana,Argentina,Construction Started,3282000.0,tonnes,Brine,,2024.0,,06/04/2021,-24.81373,-68.30736,False,2021,construction,6.137036969152561,4.1493606768477,20.538569875575785,True,True,False,True,3282000.0,brine,brine,False,1197.3958344064224,1293.1875011589364,mgLi_per_L,True,0.55,0.0057363642238908484,0.003155000323139967,20.538569875575785,159796.90990573372,27856827.716798466,87888.30044815355,False,3282000.0,construction,0.9452384191156626,4.726192095578313,3.308334466904819,1.4178576286734943,0.8921704561415156,497060773.81503403,347942541.6705238,149118232.1445102,1498.0005107811342,
Pilbara,Australia,Target Outline,,,Project,,,,,-21.90154,119.3849,False,2024,pre-construction,4.3573170950428874,3.2488237934225195,29.59006656654206,True,True,True,True,1961251.3183451504,,hard_rock,True,1.5116922487533644,1.3907568688530954,pct_Li2O,True,0.65,0.034393417366737046,0.02235572128837908,29.59006656654206,66280.73356762121,1927134.2786577349,43082.476818953786,False,1961251.3183451504,pre-construction,0.9028614777763543,112.85768472204428,79.000379305431,33.857305416613286,1.5086142901088915,581460462.3483499,407022323.6438449,174438138.70450503,5048.268551313073,5504.3827418257915
Julimar Nth,Australia,Target Outline,,,Project,,,,,-30.97314,116.45676,False,2024,pre-construction,6.847523166520293,2.244868673451221,34.397163207492255,True,True,True,True,184716.37862645095,,hard_rock,True,0.9448857511391566,0.8692948910480242,pct_Li2O,True,0.65,0.021497662655617637,0.013973480726151465,34.397163207492255,5370.105014538431,249799.48288169588,3490.56825944998,False,184716.37862645095,pre-construction,0.8975974003326986,112.19967504158733,78.53977252911112,33.65990251247621,1.2181420472871733,60858250.69775725,42600775.488430075,18257475.209327176,8029.47220098174,8536.347003816047
Manono,Democratic Republic of the Congo,Prefeas/Scoping,71700.0,tonnes,"Tailings, Open Pit",,2026.0,2032.0,8/23/23,-7.31977,27.40828,False,2023,pre-construction,6.060314977044027,2.6678826211086166,6.0,True,False,False,True,71700.0,hard_rock,hard_rock,False,1.5826774897110565,1.456063290534172,pct_Li2O,True,0.65,0.036008445174910066,0.023405489363691544,6.0,11950.0,331866.59246055176,7767.5,False,71700.0,pre_construction,1.048523412194207,131.0654265242759,91.74579856699312,39.319627957282776,0.8036730921282339,53342450.10736642,37339715.075156495,16002735.032209925,5599.772962986837,
Blue Sky,Democratic Republic of the Congo,Target Outline,,,Project,,,,,-7.41566,27.45813,False,2024,pre-construction,5.506824040774437,3.1618689755267444,24.76399095815307,True,True,True,True,384015.5131515927,,hard_rock,True,1.1121659390228515,1.0231926639010234,pct_Li2O,True,0.65,0.025303554578272307,0.016447310475877,24.76399095815307,15507.012330949141,612839.2863927792,10079.558015116942,False,384015.5131515927,pre-construction,0.8066391968284071,100.82989960355088,70.58092972248562,30.248969881065264,0.8156287885401898,99969872.9460754,69978911.06225277,29990961.88382262,6130.479493983921,6530.9836383873535
Georgina Stairs,Canada,Target Outline,,,Project,,,,,49.52989,-87.77807,False,2024,pre-construction,8.300547754562013,3.333306132765067,22.960808344467168,True,True,True,True,147130.75224094407,,hard_rock,True,1.4707089816032028,1.3530522630749466,pct_Li2O,True,0.65,0.03346098246584343,0.02174963860279823,22.960808344467168,6407.90820748251,191503.88707276084,4165.140334863631,False,147130.75224094407,pre-construction,1.1568966379723726,144.61207974654658,101.2284558225826,43.38362392396398,1.0634912169250836,40732540.38177884,28512778.26724519,12219762.114533655,6648.941731286575,7074.858446770882
Yilgarn,Australia,Target Outline,,,Project,,,,,-32.27034,122.15598,False,2024,pre-construction,7.754321996237442,2.812685246547508,15.380345312087776,True,True,True,True,2701410.4361608853,,hard_rock,True,0.9289253014101105,0.8546112772973017,pct_Li2O,True,0.65,0.02113453688756227,0.013737448976915475,15.380345312087776,175640.42817931942,8310587.978044803,114166.27831655763,False,2701410.4361608853,pre-construction,1.1105039342736391,138.81299178420488,97.16909424894341,41.64389753526147,1.0068900382059094,1673569649.3454206,1171498754.5417943,502070894.8036263,10104.713911401412,11057.816965639095
Catamarca,Argentina,Prefeas/Scoping,,,Project,,,,,-28.77164,-65.54279,False,2024,pre-construction,4.758854255675591,3.5699205503083284,33.25134438009293,True,True,True,True,2320.8457303837517,,brine,True,309.78397138235744,285.00125367176884,mgLi_per_L,True,0.55,0.0012642180610790213,0.0006953199335934618,33.25134438009293,69.79704952240085,55209.660161656335,38.388377237320476,False,2320.8457303837517,pre-construction,0.9801692753658923,4.9008463768294614,3.4305924637806227,1.4702539130488388,1.0101645010205025,1115416.776174222,780791.7433219553,334625.03285226657,7048.332918490552,7922.165450995681
San Luis,Argentina,Target Outline,,,Open Pit,,,,,-32.53083,-65.40687,False,2024,pre-construction,4.527142583834746,3.0667675271191985,42.68882343317098,True,True,True,True,105899.55158402763,hard_rock,hard_rock,False,1.2320233064454906,1.1334614419298514,pct_Li2O,True,0.65,0.028030501458925224,0.018219825948301394,42.68882343317098,2480.7324978120455,88501.1815235347,1612.4761235778296,False,105899.55158402763,pre-construction,1.119086158484888,139.88576981061098,97.92003886742768,41.9657309431833,1.1195448314426109,19816208.070247512,13871345.649173258,5944862.421074254,7677.667734452332,7965.548783032948
Greenbushes,Australia,Operating,6600000.0,tonnes,"Open Pit, Underground",,1983.0,2043.0,12/31/23,-33.85434,116.06094,False,2023,operation,8.280632132734565,4.55062537845769,60.0,True,False,False,True,6600000.0,hard_rock,hard_rock,False,1.3732207136882475,1.5792038207414845,pct_Li2O,True,0.65,0.039053710486936906,0.02538491181650899,20.0,330000.0,8449901.325262854,214500.0,False,6270000.0,operation,1.4115399695792772,176.44249619740964,123.50974733818674,52.9327488592229,0.7971172465650883,1347112415.6280434,942978690.9396303,404133724.68841314,6950.683834271225,
Zhabuye,China,Expansion,655160.0,tonnes,Brine,,2004.0,,11/30/21,31.34934,83.96432,False,2021,operation,4.483754170741497,3.917395965458792,30.910277133683472,True,True,False,True,655160.0,brine,brine,False,1400.3864868561363,1610.4444598845566,mgLi_per_L,True,0.55,0.007143663216637912,0.003929014769150852,30.910277133683472,21195.539501846157,2967040.69873854,11657.546726015387,False,591573.3814944616,operation,1.0455751441364431,5.227875720682215,3.6595130044775503,1.568362716204665,0.8428662822026124,50016371.25779189,35011459.880454324,15004911.377337568,1330.5818450288177,
Zhabuye,China,Expansion,655160.0,tonnes,Brine,,2004.0,,11/30/21,31.34934,83.96432,False,2021,operation,7.08490504865652,2.095797584575312,28.16699152463555,True,True,False,True,655160.0,brine,brine,False,1092.8010755333153,1256.7212368633125,mgLi_per_L,True,0.55,0.005574605953186177,0.003066033274252398,28.16699152463555,23259.85007759813,4172465.331707242,12792.917542678973,False,585380.4497672056,operation,1.294231048594426,6.47115524297213,4.529808670080491,1.9413465728916393,1.21306829764538,101229708.3383694,70860795.83685857,30368912.50151083,2110.5952428223454,
Lakkor Tso Salt Lake,China,Preproduction - Construction Started,871558.0,tonnes,Brine,,,,12/31/23,31.99862,84.07798,False,2023,construction,5.094706487214448,1.9081307897528004,35.00967500548148,True,True,False,True,871558.0,brine,brine,False,685.1552318093225,739.9676503540683,mgLi_per_L,True,0.55,0.0032823731690289214,0.0018053052429659068,35.00967500548148,24894.775511727534,7584383.075825765,13692.126531450145,False,871558.0,construction,0.956970918890033,4.784854594450165,3.349398216115115,1.4354563783350498,1.057261084513733,160373461.522303,112261423.06561208,48112038.45669091,2650.4407568158417,
Sal de los Angeles,Argentina,Preproduction,828563.0,tonnes,Brine,,,2035.0,6/30/18,-25.24472,-66.74833,False,2018,construction,5.271521083068889,3.917519858963371,30.496194490762214,True,True,False,True,828563.0,brine,brine,False,579.3490003408577,625.6969203681264,mgLi_per_L,True,0.55,0.0027754872559329472,0.001526517990763121,17.0,48739.0,17560520.191838156,26806.45,False,828563.0,construction,0.9131173428927513,4.565586714463756,3.1959107001246294,1.369676014339127,0.9442340043383611,331624805.98007977,232137364.18605584,99487441.79402393,2990.850250105061,
Arizaro,Argentina,Reserves Development,,,Brine,,,,,-24.48951,-67.044,False,2024,pre-construction,6.047831305330225,3.2285162658556037,18.856072866520705,True,True,True,True,19806.72219622125,brine,brine,False,846.3904895859387,778.6792504190636,mgLi_per_L,True,0.55,0.0034540913749838966,0.0018997502562411433,18.856072866520705,1050.416082735257,304107.7865926909,577.7288455043914,False,19806.72219622125,pre-construction,1.162132717355869,5.810663586779345,4.067464510745541,1.7431990760338039,0.9740710290658434,5924451.692665567,4147116.1848658966,1777335.50779967,3058.6460339667788,3602.4881822832767
Sandover,Australia,Target Outline,,,Project,,,,,-22.70645,133.89761,False,2024,pre-construction,8.390262710817943,4.563867602307995,17.346230985104427,True,True,True,True,792662.6051343388,,hard_rock,True,1.2479411271779317,1.1481058370036972,pct_Li2O,True,0.65,0.02839265734910143,0.01845522727691593,17.346230985104427,45696.53233691024,1609448.9422053494,29702.746018991656,False,792662.6051343388,pre-construction,0.7502731035796354,93.78413794745443,65.64889656321809,28.135241384236338,1.130385828514618,363859655.1973539,254701758.6381477,109157896.55920619,5081.711351491239,5787.918609526497
Salar de Olaroz,Argentina,Expansion,9149000.0,tonnes,Brine,,2014.0,2055.0,6/30/23,-23.45,-66.7,False,2023,operation,3.169693261223532,2.8672649077463412,41.0,True,False,False,True,9149000.0,brine,brine,False,1192.8855105853854,1371.8183371731932,mgLi_per_L,True,0.55,0.006085157507310757,0.0033468366290209163,32.0,285906.25,46984198.79132298,157248.4375,False,8863093.75,operation,1.154816853938528,5.77408426969264,4.041858988784848,1.7322252809077918,1.0559462672908841,992255786.7070073,694579050.694905,297676736.01210225,1725.2363678659126,
Pilgangoora,Australia,Expansion,4800000.0,tonnes,Open Pit,,2018.0,2057.0,6/30/23,-21.04991,118.90798,False,2023,operation,4.507323018344933,2.1976589608955184,39.0,True,False,False,True,4800000.0,hard_rock,hard_rock,False,1.4100714176454612,1.6215821302922802,pct_Li2O,True,0.65,0.04010172608212809,0.026066121953383262,34.0,141176.4705882353,3520458.702927319,91764.70588235295,False,4658823.529411765,operation,0.9998771693673586,124.98464617091983,87.48925231964388,37.49539385127595,0.8688533695049774,611752481.2483046,428226736.8738132,183525744.3744914,4794.907596705132,
Tambourah,Australia,Target Outline,,,Project,,,,,-21.65718,119.13516,False,2024,pre-construction,6.870688934141928,1.5439731344489256,28.156270731105014,True,True,True,True,5451401.854508145,,hard_rock,True,1.4983222278124497,1.3784564495874538,pct_Li2O,True,0.65,0.03408922799829773,0.022157998198893525,28.156270731105014,193612.35394308914,5679575.787188766,125848.03006300794,False,5451401.854508145,pre-construction,0.9304893071527819,116.31116339409773,81.4178143758684,34.89334901822933,0.7873513544784975,894364337.7812706,626055036.4468894,268309301.33438122,5249.1728878245785,5501.574961964507
Trila 1,Argentina,Target Outline,,,Project,,,,,-25.61352,-67.72887,False,2024,pre-construction,5.396341512433547,3.639366975883087,15.928423912881112,True,True,True,True,4522308.946222765,,brine,True,1573.2849458166065,1447.4221501512782,mgLi_per_L,True,0.55,0.006420523421046046,0.0035312878815753255,15.928423912881112,283914.4017610953,44219821.83422038,156152.9209686024,False,4522308.946222765,pre-construction,1.012971565536353,5.064857827681765,3.545400479377235,1.5194573483045297,1.165992679590876,1031199771.0302749,721839839.7211924,309359931.3090825,1434.280635715915,1848.871654794014
Namibe,Angola,Target Outline,,,Project,,,,,-15.15806,12.41377,False,2024,pre-construction,5.0073418599295145,1.8174004128549326,30.260169651164837,True,True,True,True,1822899.6979663037,,hard_rock,True,1.716797181085941,1.5794534065990657,pct_Li2O,True,0.65,0.03905988274519489,0.02538892378437668,30.260169651164837,60240.89484561541,1542270.242811371,39156.58164965002,False,1822899.6979663037,pre-construction,1.0168418970649464,127.10523713311831,88.9736659931828,38.1315711399355,0.7797377534744584,240513266.8760492,168359286.81323442,72153980.06281477,5006.326310346945,5209.310825068927
Namibe,Angola,Target Outline,,,Project,,,,,-15.15806,12.41377,False,2024,pre-construction,8.860415880447587,3.3121686166751863,33.95032404908522,True,True,True,True,879412.2014357207,,hard_rock,True,1.3730639662977784,1.2632188489939562,pct_Li2O,True,0.65,0.031239402135620535,0.020305611388153347,33.95032404908522,25902.910386489115,829174.331635287,16836.891751217925,False,879412.2014357207,pre-construction,1.2057946803619262,150.72433504524076,105.50703453166852,45.21730051357224,1.4972252392397298,248292147.41081718,173804503.187572,74487644.22324517,7422.792259935399,7857.159577639127
Forgan Lake,Canada,Target Outline,,,Project,,,,,49.32614,-88.27988,False,2024,pre-construction,4.922601863761688,3.1314038784956866,14.066791724504803,True,True,True,True,151198.34405384967,,brine,True,1698.1688546611435,1562.3153462882522,mgLi_per_L,True,0.55,0.006930170490243639,0.0038115937696340018,14.066791724504803,10748.60188556409,1550986.646099988,5911.73103706025,False,151198.34405384967,pre-construction,1.1345890035169401,5.6729450175847,3.97106151230929,1.7018835052754104,0.7899971062455005,24505499.244888093,17153849.471421663,7351649.773466431,1488.339356302765,1783.0215067676886
La Borita,Argentina,Target Outline,,,Project,,,,,-25.35885,-67.4804,False,2024,pre-construction,6.837065211768287,3.556582722569607,38.36626714417871,True,True,True,True,4737954.936594811,,brine,True,923.9841924271514,850.0654570329793,mgLi_per_L,True,0.55,0.003770748689822124,0.002073911779402168,38.36626714417871,123492.72653473922,32750187.480822198,67920.99959410657,False,4737954.936594811,pre-construction,1.0305958373225634,5.152979186612817,3.6070854306289717,1.5458937559838453,0.8792218542687086,575893611.2907268,403125527.9035087,172768083.38721806,2484.6665310412723,2705.664684731693
Puna Plateau,Argentina,Exploration,,,Brine,,,,,-23.48489,-66.93496,False,2024,pre-construction,8.881026550019808,4.3300224660602895,35.31559175912527,True,True,True,True,1686403.1275366915,brine,brine,False,669.6243659513111,616.0544166752063,mgLi_per_L,True,0.55,0.002732714716635103,0.0015029930941493068,35.31559175912527,47752.36782209485,17474333.318222906,26263.80230215217,False,1686403.1275366915,pre-construction,0.9674593589676685,4.837296794838343,3.38610775638684,1.4511890384515032,1.2365548171554483,432159420.8245697,302511594.57719874,129647826.24737096,3218.442462356256,3684.371627612813
Georgia Lake,Canada,Target Outline,,,Project,,,,,49.30144,-87.90182,False,2024,pre-construction,7.118474704019643,2.375562402464291,14.131511170526103,True,True,True,True,131996.03074286366,,hard_rock,True,0.9844452387328098,0.905689619634185,pct_Li2O,True,0.65,0.022397704293553394,0.014558507790809706,14.131511170526103,9340.546042815715,417031.40287927416,6071.354927830215,False,131996.03074286366,pre-construction,0.8678970619104539,108.48713273880674,75.9409929171647,32.54613982164203,1.329444292170451,110884003.64273737,77618802.54991616,33265201.09282121,7451.803048612646,8744.196265854927
Tammela,Finland,Target Outline,,,Project,,,,,60.74814,23.47223,False,2024,pre-construction,6.810876493018483,2.9649001861589817,26.700523433215437,True,True,True,True,62005.53715873042,,hard_rock,True,1.490378799277293,1.3711484953351096,pct_Li2O,True,0.65,0.03390850228963726,0.02204052648826422,26.700523433215437,2322.259236371208,68486.04566887376,1509.4685036412852,False,62005.53715873042,pre-construction,1.0303157145321764,128.78946431652204,90.15262502156543,38.636839294956616,1.0092138631282888,13823413.343972899,9676389.34078103,4147024.0031918697,5843.302535676621,6186.284642347459
Bergby,Sweden,Target Outline,,,Project,,,,,60.95194,17.0794,False,2024,pre-construction,6.887482521634482,3.590211558366178,13.32858876152038,True,True,True,True,191919.28259744516,,hard_rock,True,1.1966107566492141,1.100881896117277,pct_Li2O,True,0.65,0.02722480929098026,0.01769612603913717,13.32858876152038,14399.070001433001,528895.1649774641,9359.39550093145,False,191919.28259744516,pre-construction,0.6795853992260229,84.94817490325286,59.463722432277,25.48445247097586,0.5840009861319008,61775059.581446685,43242541.707012676,18532517.87443401,4800.382564826871,5295.5832133285185
Kova Reservation,Finland,Target Outline,,,Project,,,,,61.54099,24.7113,False,2024,pre-construction,7.3890449523370005,2.2723463949468536,24.944445498454257,True,True,True,True,3737763.3242966626,,hard_rock,True,1.4189869083227276,1.3054679556569093,pct_Li2O,True,0.65,0.032284222543395365,0.020984744653206988,24.944445498454257,149843.51223715444,4641385.185464505,97398.28295415039,False,3737763.3242966626,pre-construction,1.1559105378552137,144.48881723190172,101.1421720623312,43.34664516957052,0.9711133163779062,901462192.0087438,631023534.4061205,270438657.6026232,6885.421748976119,7256.463142038011
Kast Reservation,Finland,Target Outline,,,Project,,,,,60.08109,22.59932,False,2024,pre-construction,4.948586945681131,1.857958616684158,15.694581867889708,True,True,True,True,5012474.640050559,,hard_rock,True,1.410003607967119,1.2972033193297494,pct_Li2O,True,0.65,0.0320798380870247,0.020851894756566056,15.694581867889708,319376.11860216677,9955664.91750295,207594.4770914084,False,5012474.640050559,pre-construction,0.9998356225480673,124.97945281850842,87.4856169729559,37.493835845552525,0.65471268814178,1303620028.0754337,912534019.6528035,391086008.4226302,5993.673681819904,6393.789277006631
Las Cuevas,Argentina,Grassroots,,,Project,,,,,-32.38812,-65.70978,False,2024,pre-construction,6.385312652696621,2.0508015477981436,27.440085593606558,True,True,True,True,9444247.220928065,,brine,True,499.4267144000051,459.4725772480047,mgLi_per_L,True,0.55,0.0020381437739092744,0.001120979075650101,27.440085593606558,344177.0321273539,168867886.8160527,189297.36767004465,False,9444247.220928065,pre-construction,0.7793587712056373,3.8967938560281867,2.7277556992197307,1.169038156808456,0.8999485551969656,3039448215.1854267,2127613750.6297987,911834464.5556281,3476.2413863686784,4061.3880214450382
Rich Lake,Canada,Exploration,,,Project,,,,,51.62825,-88.14598,False,2024,pre-construction,7.373406443989639,4.2607462453425935,15.55307858797659,True,True,True,True,148761.3673799059,,hard_rock,True,1.6447059939004829,1.5131295143884442,pct_Li2O,True,0.65,0.03741969289082622,0.024322800379037047,15.55307858797659,9564.753790603672,255607.49037971284,6217.0899638923875,False,148761.3673799059,pre-construction,1.088427787338066,136.05347341725826,95.23743139208078,40.81604202517748,1.1795608163715112,60300916.004593454,42210641.20321541,18090274.80137804,5593.659911566675,6217.2804230005995
Sirmac,Canada,Prefeas/Scoping,4280.0,tonnes,Open Pit,,,,1/23/23,50.62225,-75.47624,False,2023,pre-construction,8.022131815663425,3.7020792104760805,15.972646437667054,True,True,False,True,4280.0,hard_rock,hard_rock,False,1.3217544252506166,1.2160140712305674,pct_Li2O,True,0.65,0.03007202798153193,0.019546818187995755,15.972646437667054,267.958100537855,8910.54307020516,174.17276534960575,False,4280.0,pre-construction,0.8751717463927086,109.39646829908857,76.577527809362,32.81894048972657,1.1667019488806156,2079189.593118605,1455432.7151830234,623756.8779355816,5596.638145755711,6344.010393461896
Cadillac,Canada,Target Outline,,,Project,,,,,48.09222,-78.48227,False,2024,pre-construction,8.18456489024863,2.2662096216625156,44.07704579229563,True,True,True,True,306037.4603083291,,hard_rock,True,1.0390424365887956,0.955919041661692,pct_Li2O,True,0.65,0.023639877900293642,0.015365920635190869,44.07704579229563,6943.238930995289,293708.74757813546,4513.105305146938,False,306037.4603083291,pre-construction,0.9324822745620592,116.56028432025741,81.59219902418018,34.968085296077234,1.0210345372935428,59977355.0365015,41984148.52555104,17993206.510950454,7585.636232775554,7887.144596520784
Cadillac,Canada,Target Outline,,,Project,,,,,48.09222,-78.48227,False,2024,pre-construction,8.165980854942447,1.3565358869565731,34.84651227365204,True,True,True,True,6301527.010037702,,hard_rock,True,1.1841644719507363,1.0894313141946774,pct_Li2O,True,0.65,0.02694163640003437,0.017512063660022344,34.84651227365204,180836.66338115506,6712163.310945892,117543.83119775078,False,6301527.010037702,pre-construction,0.764972901511438,95.62161268892976,66.93512888225082,28.686483806678936,1.0464068297984312,1404730706.2592466,983311494.3814726,421419211.877774,5460.328065573498,5803.280521388304
Rainbow Lake,Canada,Prefeas/Scoping,1730000.0,tonnes,Brine,,2025.0,2043.0,05/18/2023,58.50664,-119.30174,False,2023,pre-construction,4.16913352210439,3.297810848754988,18.0,True,False,False,True,1730000.0,brine,brine,False,1172.0518666315113,1078.2877173009904,mgLi_per_L,True,0.55,0.004783104599327644,0.002630707529630204,18.0,96111.11111111111,20093876.083040573,52861.11111111112,False,1730000.0,pre_construction,0.89374175565594,4.468708778279701,3.1280961447957902,1.3406126334839104,1.128261330285164,453422867.20073193,317396007.0405123,136026860.1602196,1698.6718317972284,
Vulcan,Germany,Commissioning,11217188.0,tonnes,Brine,,2027.0,2056.0,9/29/23,48.65578,7.97511,False,2023,construction,5.328192326114639,2.6047601193717855,29.0,True,False,False,True,11217188.0,brine,brine,False,990.6787019997371,1069.9329981597161,mgLi_per_L,True,0.55,0.004746044457670141,0.0026103244517185777,29.0,386799.5862068966,81499360.07906225,212739.77241379314,False,11217188.0,pre_construction,1.024208716658959,5.121043583294796,3.584730508306357,1.5363130749884388,0.9204099983413205,1500256517.5037673,1050179562.252637,450076955.2511302,1961.8417855769685,
Cat Lake,Canada,Target Outline,,,Underground,,,,,50.60738,-95.42193,False,2024,pre-construction,5.638087910349943,2.350421012077481,19.247850791058603,True,True,True,True,837442.3673199071,hard_rock,hard_rock,False,1.348151815977852,1.2402996706996239,pct_Li2O,True,0.65,0.030672610856401696,0.019937197056661103,19.247850791058603,43508.35718806239,1418475.8314756157,28280.432172240555,False,837442.3673199071,pre-construction,0.9874093561955883,123.42616952444854,86.39831866711397,37.02785085733457,0.924208970994494,262193617.71772763,183535532.40240934,78658085.31531829,6190.748337074359,6672.423031632439
Mt Edwards,Australia,Target Outline,,,Project,,,,,-31.45588,121.53897,False,2024,pre-construction,8.052948161666484,2.2635050844181293,16.43521210920801,True,True,True,True,2153711.7578421887,,hard_rock,True,1.3066804250528166,1.2021459910485912,pct_Li2O,True,0.65,0.02972907035863166,0.01932389573311058,16.43521210920801,131042.52890265698,4407891.915954566,85177.64378672704,False,2153711.7578421887,pre-construction,1.0442947069455968,130.5368383681996,91.37578685773971,39.161051510459885,1.2678908812217617,1117745193.1299827,782421635.1909878,335323557.9389949,6755.202996905583,7553.6422416973855
Kuska,Chile,Prefeas/Scoping,583000.0,tonnes,Brine,,2027.0,2046.0,12/31/22,-21.21909,-68.31486,False,2022,pre-construction,5.491549787154706,2.943657096466163,19.0,True,False,False,True,583000.0,brine,brine,False,597.3122166197927,549.5272392902093,mgLi_per_L,True,0.55,0.0024376112456181535,0.0013406861850899846,19.0,30684.21052631579,12587819.56371168,16876.315789473687,False,583000.0,pre_construction,0.8961013084161533,4.480506542080766,3.136354579456536,1.3441519626242302,1.097673739735663,276346379.5123429,193442465.65864,82903913.85370287,3341.9502579420123,
Laguna Verde Salar,Chile,Prefeas/Scoping,212380.0,tonnes,Brine,,,,05/04/2010,-26.88222,-68.47639,False,2010,pre-construction,4.9258165662980025,2.654693818179979,33.0642944110894,True,True,False,True,212380.0,brine,brine,False,917.8184146538977,844.3929414815859,mgLi_per_L,True,0.55,0.0037455863562554014,0.002060072495940471,33.0642944110894,6423.24307180044,1714883.1880683133,3532.783689490242,False,212380.0,pre-construction,1.087763836432561,5.438819182162805,3.8071734275139635,1.6316457546488419,1.2693743576351253,43536574.90546981,30475602.433828868,13060972.471640944,2640.1105751765585,3012.8265037905335
Yapuckuta,Chile,Exploration,,,Project,,,,,-23.1273,-68.26219,False,2024,pre-construction,3.527278696923758,4.308435350177413,32.86854168366014,True,True,True,True,57707.623622598236,,brine,True,763.3596259630688,702.2908558860233,mgLi_per_L,True,0.55,0.003115245188234419,0.0017133848535289306,32.86854168366014,1755.7098875270844,563586.42143418,965.6404381398966,False,57707.623622598236,pre-construction,0.8004744368265448,4.002372184132724,2.801660528892907,1.2007116552398176,1.0804978226854751,12179078.0250946,8525354.61756622,3653723.40752838,2335.9446512494483,2719.668271065483
Trinity,Chile,Target Outline,,,Project,,,,,-23.30831,-67.33153,False,2024,pre-construction,5.010651317223438,3.1364281122423776,31.59128018076297,True,True,True,True,301013.5300945861,,brine,True,1279.712597796504,1177.3355899727837,mgLi_per_L,True,0.55,0.00522246445452094,0.0028723554499865173,31.59128018076297,9528.373917492705,1824497.6103655929,5240.605654620988,False,301013.5300945861,pre-construction,0.9176021835616218,4.588010917808109,3.211607642465676,1.3764032753424331,1.0768292660791527,39293448.454662986,27505413.918264087,11788034.536398899,1597.299149668139,1834.6394231484826
Villasrubias,Spain,Target Outline,,,Project,,,,,40.35101,-6.65524,False,2024,pre-construction,7.22968349563989,4.106137123258294,23.549770761297793,True,True,True,True,556106.7374965003,,hard_rock,True,1.0032949037370114,0.9230313114380505,pct_Li2O,True,0.65,0.02282656433186299,0.014837266815710943,23.549770761297793,23614.10406637241,1034501.0192098911,15349.167643142066,False,556106.7374965003,pre-construction,0.6715010748290142,83.93763435362678,58.75634404753874,25.181290306088037,1.1765724221733447,243433073.98251507,170403151.78776053,73029922.19475454,5657.216749970861,6330.670956257866
Mt Holland - Lithium,Australia,Preproduction - Operating,2737000.0,tonnes,Open Pit,,2023.0,2067.0,12/31/23,-32.08393,119.74667,False,2023,operation,3.5314067489578225,4.223539648221832,44.0,True,False,False,True,2737000.0,hard_rock,hard_rock,False,1.5560586556470044,1.789467453994055,pct_Li2O,True,0.65,0.04425353013727298,0.028764794589227437,44.0,62204.545454545456,1405640.3017248348,40432.954545454544,False,2674795.4545454546,operation,0.9539823316752646,119.24779145940808,83.47345402158565,35.774337437822425,1.1502286905434775,323361560.7256191,226353092.50793335,97008468.21768573,4145.615957364319,
East Taijinair,China,Preproduction - Operating,195760.0,tonnes,Brine,,2007.0,,12/06/2010,37.39523,94.06972,False,2010,operation,4.519840449283683,4.106165518923554,32.33653267008868,True,True,False,True,195760.0,brine,brine,False,446.1008123436543,513.0159341952024,mgLi_per_L,True,0.55,0.0022756531814342187,0.0012516092497888204,32.33653267008868,6053.833971540126,2660262.1264654784,3329.60868434707,False,111006.32439843823,operation,0.9201048747616486,4.600524373808243,3.22036706166577,1.3801573121424733,1.4044161115870177,74722299.82905717,52305609.88034002,22416689.948717155,3675.6874196834783,
Authier,Canada,Preproduction - Operating,173000.0,tonnes,Open Pit,,2023.0,2046.0,3/27/23,48.36207,-78.19557,False,2023,operation,5.089184867013396,2.9966882391174305,23.0,True,False,False,True,173000.0,hard_rock,hard_rock,False,1.3137002870666679,1.5107553301266679,pct_Li2O,True,0.65,0.0373609793140325,0.024284636554121122,23.0,7521.739130434783,201326.0698337657,4889.130434782609,False,165478.26086956522,operation,0.9699464997847274,121.24331247309092,84.87031873116364,36.37299374192729,1.1232310560435819,45227138.80569691,31658997.163987838,13568141.641709074,4992.5932472938675,
Tabba Tabba,Australia,Reserves Development,,,Open Pit,,2017.0,,11/28/2024,-20.66639,118.92167,False,2024,pre-construction,5.952826605636747,3.174162251878675,19.40869960584882,True,True,True,True,309209.5142494041,hard_rock,hard_rock,False,1.3115361627823754,1.2066132697597853,pct_Li2O,True,0.65,0.02983954616115949,0.01939570500475367,19.40869960584882,15931.490544385759,533905.2564118053,10355.468853850743,False,309209.5142494041,pre-construction,1.0876787763584224,135.95984704480279,95.17189293136194,40.78795411344085,0.9075628506421285,96910515.29638292,67837360.70746803,29073154.588914886,7009.791446687839,7491.966456140224
Adina,Canada,Prefeas/Scoping,892840.0,tonnes,Project,,2028.0,2049.0,05/28/2024,53.29997,-72.48467,False,2024,pre-construction,5.278402403509855,3.0697334934754705,21.0,True,False,False,True,892840.0,,hard_rock,True,1.0150693032035356,0.9338637589472528,pct_Li2O,True,0.65,0.02309445075876556,0.015011392993197615,21.0,42516.19047619047,1840969.9767401197,27635.52380952381,False,892840.0,pre_construction,1.2153988926311694,151.92486157889618,106.34740310522733,45.577458473668855,0.9218433820816903,339417197.93379253,237592038.55365476,101825159.38013777,10120.63714858046,
Tilly,Canada,Exploration,,,Project,,,,,53.24522,-71.85292,False,2024,pre-construction,7.973275872409323,1.4026261863051508,41.15758154496291,True,True,True,True,278714.94114131696,,hard_rock,True,1.245425192912518,1.1457911774795166,pct_Li2O,True,0.65,0.028335415819068444,0.01841802028239449,41.15758154496291,6771.897926918586,238990.59643802393,4401.733652497081,False,278714.94114131696,pre-construction,0.8366096121971075,104.57620152463844,73.2033410672469,31.37286045739154,0.8251557389491443,39440892.44114287,27608624.70880001,11832267.732342862,5677.928459260155,5895.635826561039
Mt Cattlin,Australia,Target Outline,,,Project,,,,,-33.48369,120.00479,False,2024,pre-construction,4.7043141740671235,4.345233218252829,43.165154194342314,True,True,True,True,33611.065831748485,,hard_rock,True,1.0750842257961817,0.9890774877324872,pct_Li2O,True,0.65,0.024459886271624407,0.015898926076555867,43.165154194342314,778.6620124283933,31834.24500757834,506.13030807845564,False,33611.065831748485,pre-construction,0.9627283671879361,120.34104589849201,84.2387321289444,36.10231376954761,1.0439376656038535,6646593.483894492,4652615.438726144,1993978.0451683477,7569.130475796332,7873.361483761032
Carachi,Argentina,Target Outline,,,Project,,,,,-26.39973,-67.46635,False,2024,pre-construction,6.083011873220168,2.0994193125565896,15.566258603933193,True,True,True,True,9698579.846840067,,brine,True,571.2444762464801,525.5449181467617,mgLi_per_L,True,0.55,0.002331229666079344,0.001282176316343639,15.566258603933193,623051.4405298063,267263002.695763,342678.2922913935,False,9698579.846840067,pre-construction,0.7439620406577483,3.7198102032887412,2.6038671423021187,1.1159430609866225,0.8665008589290183,4631672427.916544,3242170699.5415807,1389501728.3749633,2901.1690169854814,3769.4634197949454
Jiajika,China,Operating,,,Open Pit,,2019.0,,,30.33333,101.31667,False,2024,operation,7.2113825432339205,3.1099331452793813,16.918987668943636,True,True,True,True,740247.9424335093,hard_rock,hard_rock,False,1.1307229412047382,1.3003313823854488,pct_Li2O,True,0.65,0.03215719508639214,0.020902176806154894,16.918987668943636,43752.496125539634,1360581.8544806552,28439.122481600763,False,740247.9424335093,operation,1.3127593677441074,164.0949209680134,114.86644467760938,49.22847629040403,0.7676612224046178,208893185.9184323,146225230.14290258,62667955.77552971,7850.613957092436,
Yichun,China,Operating,,,Open Pit,,,,,27.64929,114.51741,False,2024,operation,8.430378395373435,3.406633392564882,14.817249579470332,True,True,True,True,45861.848717850946,hard_rock,hard_rock,False,1.135897067273895,1.306281627364979,pct_Li2O,True,0.65,0.03230434464473593,0.020997824019078355,14.817249579470332,3095.1661083844924,95812.68843009502,2011.8579704499202,False,45861.848717850946,operation,1.212836667292138,151.60458341151724,106.12320838806207,45.48137502345517,1.1344329241026803,21738613.660378348,15217029.562264843,6521584.098113505,7220.014001154179,
Mamicuo,China,Reserves Development,,,Brine,,,,,32.13356,83.59114,False,2024,pre-construction,7.895673401524409,3.692501971434253,25.63582540766649,True,True,True,True,3730895.985985531,brine,brine,False,560.1497149690397,515.3377377715166,mgLi_per_L,True,0.55,0.0022859523151314855,0.0012572737733223171,25.63582540766649,145534.45916626474,63664695.979405746,80043.95254144561,False,3730895.985985531,pre-construction,1.0701722216714402,5.350861108357201,3.74560277585004,1.6052583325071605,1.339642450203115,1705758586.2657504,1194031010.3860252,511727575.8797252,4255.923587921247,5087.192875354
Qarhan Lake,China,Operating,,,Brine,,2019.0,,,36.87802,95.33892,False,2024,operation,4.377422975113138,3.0863086552128536,38.94491432060636,True,True,True,True,648137.5266712956,brine,brine,False,855.5396717823114,983.870622549658,mgLi_per_L,True,0.55,0.004364286103193192,0.0024003573567562557,38.94491432060636,16642.417578213954,3813319.56354495,9153.329668017675,False,648137.5266712956,operation,1.197163362577798,5.98581681288899,4.190071769022293,1.795745043866697,0.7243095839779718,55240478.13292608,38668334.69304825,16572143.439877823,2493.7190273109904,
Split Rocks,Australia,Reserves Development,85680.0,tonnes,"Open Pit, Underground",,,,08/03/2023,-31.76566,119.58681,False,2023,pre-construction,7.300556129050953,3.3008493392995186,25.87354779522784,True,True,False,True,85680.0,hard_rock,hard_rock,False,1.3354538622153764,1.2286175532381465,pct_Li2O,True,0.65,0.030383712091579362,0.019749412859526586,25.87354779522784,3311.4902014250615,108988.99355825644,2152.46863092629,False,85680.0,pre-construction,1.1355575854193654,141.94469817742066,99.36128872419445,42.58340945322621,1.2097183864675716,26369197.886003707,18458438.520202592,7910759.365801115,7187.286993646008,7660.769682111205
Waratah Well,Australia,Target Outline,,,Project,,,,,-28.23181,116.52043,False,2024,pre-construction,6.629112792220777,3.8239365986453504,21.70165487729231,True,True,True,True,2007852.0919137136,,hard_rock,True,1.1595903729572985,1.0668231431207147,pct_Li2O,True,0.65,0.02638253632937527,0.017148648614093927,21.70165487729231,92520.69039281631,3506891.423846934,60138.4487553306,False,2007852.0919137136,pre-construction,0.9078033160653918,113.47541450817397,79.43279015572178,34.042624352452194,1.0407519434918833,729960812.9967428,510972569.09771997,218988243.89902288,6617.163664716539,7176.476096096501
Arcadia,Zimbabwe,Operating,775200.0,tonnes,Open Pit,,2023.0,2042.0,10/30/21,-17.77421,31.40894,False,2021,operation,5.500680552410746,3.3112806197822335,19.0,True,False,False,True,775200.0,hard_rock,hard_rock,False,1.6651787610586857,1.9149555752174883,pct_Li2O,True,0.65,0.04735685137512848,0.030781953393833515,19.0,40800.0,861543.7643185016,26520.0,False,734400.0,operation,1.1125450743371,139.0681342921375,97.34769400449625,41.72044028764125,0.8122086396019342,139950657.75493193,97965460.42845234,41985197.326479584,4517.846301463011,
Lakkor Tso Salt Lake,China,Preproduction - Construction Started,871558.0,tonnes,Brine,,,,12/31/23,31.99862,84.07798,False,2023,construction,3.598280356918463,3.3674359198818484,19.82758407334049,True,True,False,True,871558.0,brine,brine,False,699.5357040950387,755.4985604226418,mgLi_per_L,True,0.55,0.0033512656976081028,0.0018431961336844566,19.82758407334049,43956.84299086483,13116489.994284287,24176.26364497566,False,871558.0,construction,1.1912521254177328,5.956260627088664,4.169382438962065,1.7868781881265994,0.8684987643453864,227833107.05169055,159483174.93618336,68349932.11550719,3231.4849831973106,
Tres Quebradas,Argentina,Preproduction - Construction Started,3449462.0,tonnes,Brine,,,,12/31/23,-27.36413,-68.66513,False,2023,construction,4.533538585563405,3.9194521983750787,26.74983544403396,True,True,False,True,3449462.0,brine,brine,False,986.7448372421284,1065.6844242214986,mgLi_per_L,True,0.55,0.004727198491775865,0.002599959170476726,26.74983544403396,128952.64373558368,27278872.24535395,70923.95405457103,False,3449462.0,construction,1.1275452580905285,5.637726290452642,3.946408403316849,1.691317887135793,0.959431019047468,523443923.9365126,366410746.7555588,157033177.1809538,2168.3903172290643,
Xiangyuan,China,Preproduction - Expansion,335713.0,tonnes,Open Pit,,2025.0,2037.0,12/31/23,25.22132,111.89941,False,2023,construction,7.038772031423791,1.7663506608102204,12.0,True,False,False,True,335713.0,hard_rock,hard_rock,False,1.4716545628623354,1.5893869278913224,pct_Li2O,True,0.65,0.0393055387267524,0.025548600172389063,12.0,27976.083333333332,711759.3153428034,18184.454166666666,False,335713.0,pre_construction,0.9866045571196741,123.32556963995926,86.32789874797147,36.99767089198778,1.577069098573057,224498724.3697302,157149107.05881113,67349617.31091908,4827.09693712456,
Kamativi,Zimbabwe,Reserves Development,154600.0,tonnes,"Tailings, Open Pit, Underground",,,,09/10/2018,-18.31467,27.04258,False,2018,pre-construction,4.08446611236813,3.037391635214316,37.585946155497375,True,True,False,True,154600.0,hard_rock,hard_rock,False,1.8526196154630992,1.7044100462260514,pct_Li2O,True,0.65,0.04215006044317025,0.02739753928806066,37.585946155497375,4113.239543322977,97585.61435205396,2673.605703159935,False,154600.0,pre-construction,0.9433620640818605,117.92025801023256,82.54418060716279,35.37607740306977,1.045463340969347,20404436.48220892,14283105.537546242,6121330.944662677,4304.0455849120735,4507.095007563173
Zinnwald,Germany,Feasibility Complete,1076200.0,tonnes,Underground,,2026.0,2062.0,06/05/2024,50.7394,13.79179,False,2024,pre-construction,5.095180673519384,1.4608863092888908,36.0,True,False,False,True,1076200.0,hard_rock,hard_rock,False,1.3404826014318696,1.23324399331732,pct_Li2O,True,0.65,0.030498123954737322,0.01982378057057926,36.0,29894.444444444445,980206.0116488212,19431.38888888889,False,1076200.0,pre_construction,1.4274067473408933,178.42584341761167,124.89809039232816,53.527753025283516,1.3681002078040971,268204009.64551553,187742806.75186086,80461202.89365467,9000.596166929727,
Rapasaari,Finland,Prefeas/Scoping,,,Open Pit,,,,,63.65264,23.83856,False,2024,pre-construction,4.890231238730452,2.1004950571197654,21.12250327902448,True,True,True,True,415170.03502590425,hard_rock,hard_rock,False,1.2012265618731743,1.1051284369233205,pct_Li2O,True,0.65,0.027329826245113712,0.017764387059323913,21.12250327902448,19655.34243463393,719190.1718785388,12775.972582512055,False,415170.03502590425,pre-construction,1.041449415956842,130.18117699460524,91.12682389622366,39.05435309838158,0.8843118111875157,127197672.69643426,89038370.88750398,38159301.80893028,7328.2110190386575,7799.556999518856
Bitterwasser,Namibia,Reserves Development,132328.0,tonnes,Project,,,,05/02/2023,-23.93484,17.87844,False,2023,pre-construction,7.018981950985943,1.477547184826461,23.341595484385813,True,True,False,True,132328.0,,hard_rock,True,1.1744649986165583,1.0805077987272336,pct_Li2O,True,0.65,0.026720957862524486,0.017368622610640917,23.341595484385813,5669.192583194231,212162.77546491474,3684.9751790762502,False,132328.0,pre-construction,1.0853697284743886,135.6712160592986,94.969851241509,40.70136481778958,1.2329285428609986,52316308.32066051,36621415.824462354,15694892.496198155,7811.282397038173,8419.51820643325
Badanja,Serbia,Exploration,,,Project,,,,,44.53164,19.50073,False,2024,pre-construction,5.263661120778108,3.9655590747380023,33.478321723333664,True,True,True,True,149397.23350167737,,hard_rock,True,0.7760025912308435,0.7139223839323761,pct_Li2O,True,0.65,0.01765530055464766,0.011475945360520979,33.478321723333664,4462.506655390397,252757.33152079742,2900.6293260037583,False,149397.23350167737,pre-construction,0.8102817127158178,101.28521408947724,70.89964986263406,30.385564226843172,1.1724177833137435,59267438.067582056,41487206.64730743,17780231.420274623,8825.871064000878,9436.194774908834
Valjevo,Serbia,Exploration,,,Project,,,,,44.28581,20.00943,False,2024,pre-construction,4.1048236845046935,2.6241630903397333,30.609839249083198,True,True,True,True,156190.00701544443,,hard_rock,True,1.4244350599483462,1.3104802551524786,pct_Li2O,True,0.65,0.03240817670992079,0.021065314861448515,30.609839249083198,5102.607881879762,157448.1627754687,3316.6951232218457,False,156190.00701544443,pre-construction,1.1078517201967772,138.48146502459716,96.937025517218,41.54443950737915,0.8714735672087216,27442382.41287943,19209667.6890156,8232714.723863829,6573.909098222458,6844.21480261873
Lac de Montagnes,Canada,Target Outline,,,Project,,,,,51.84632,-74.30414,False,2024,pre-construction,5.305905152594814,3.0427186351397024,26.421968082248735,True,True,True,True,1060385.5649724107,,hard_rock,True,1.1150072400176545,1.0258066608162422,pct_Li2O,True,0.65,0.025368198721985667,0.016489329169290683,26.421968082248735,40132.724468954955,1582009.227725476,26086.27090482072,False,1060385.5649724107,pre-construction,1.0377385821544143,129.71732276930177,90.80212593851124,38.915196830790535,0.8883460075740897,281074316.2790591,196752021.39534137,84322294.88371775,7866.74348225664,8274.540456610923
Ella's Rock,Australia,Target Outline,,,Project,,,,,-32.68631,119.90107,False,2024,pre-construction,5.1460372565453145,3.695417117969396,22.65462657995466,True,True,True,True,2245216.668820417,,hard_rock,True,0.7380335399891929,0.6789908567900574,pct_Li2O,True,0.65,0.01679144388841812,0.010914438527471778,22.65462657995466,99106.31988995294,5902191.648826067,64419.10792846941,False,2245216.668820417,pre-construction,0.8787383653690791,109.84229567113489,76.88960696979441,32.95268870134048,1.0998687007880448,1298327172.1192749,908829020.4834924,389498151.6357825,10063.943774538695,10953.580149675014
Chenene,Tanzania,Target Outline,,,Project,,,,,-5.69209,35.72531,False,2024,pre-construction,6.852897818020347,3.4223988457148873,20.74752741242976,True,True,True,True,1371218.5072571386,,hard_rock,True,1.6871482752865357,1.5521764132636129,pct_Li2O,True,0.65,0.03838532270000914,0.02495045975500594,20.74752741242976,66090.69505003508,1721769.947501818,42958.9517825228,False,1371218.5072571386,pre-construction,1.2134020068662854,151.67525085828566,106.17267560079996,45.5025752574857,0.7271552867078666,250398823.96413454,175279176.77489418,75119647.18924037,6079.056351971802,6359.995500550973
Warrambie,Australia,Target Outline,,,Project,,,,,-20.82491,117.4338,False,2024,pre-construction,5.121914074860313,4.232221701247594,27.616232956688407,True,True,True,True,1799807.600291747,,hard_rock,True,1.0455959214623904,0.9619482477453992,pct_Li2O,True,0.65,0.02378898016674372,0.015462837108383419,27.616232956688407,65172.0892966993,2739591.5604573884,42361.85804285455,False,1799807.600291747,pre-construction,0.9995961319907347,124.94951649884185,87.46466154918929,37.48485494965256,0.9920175190318293,543544564.5930952,380481195.2151666,163063369.37792856,8080.633303127698,8545.250969444225
Big Hill,Canada,Target Outline,,,Project,,,,,47.77282,-57.71818,False,2024,pre-construction,6.725331729506238,2.9795023389185302,34.656644960642055,True,True,True,True,4750331.887349763,,hard_rock,True,0.8801984815928958,0.8097826030654642,pct_Li2O,True,0.65,0.02002592377380893,0.013016850452975806,34.656644960642055,137068.4292361391,6844549.63398019,89094.47900349043,False,4750331.887349763,pre-construction,1.102113276748131,137.76415959351638,96.43491171546147,41.329247878054915,0.7696483458441725,1053579260.7682381,737505482.5377666,316073778.2304715,10583.524800503632,10924.741205767681
Big Hill,Canada,Target Outline,,,Project,,,,,47.77282,-57.71818,False,2024,pre-construction,5.98139400664628,3.457113912265443,22.09905507983785,True,True,True,True,971552.6435171291,,hard_rock,True,1.4585430979360385,1.3418596501011555,pct_Li2O,True,0.65,0.03318418914700157,0.021569722945551022,22.09905507983785,43963.53780771055,1324833.872328713,28576.299575011857,False,971552.6435171291,pre-construction,1.0715307073131801,133.9413384141475,93.75893688990325,40.182401524244256,0.9980405613595292,264447588.32941353,185113311.83058947,79334276.49882406,6209.692111125344,6628.447025023677
Soris,Namibia,Exploration,,,Project,,,,,-20.9636,14.50314,False,2024,pre-construction,8.017740936546513,3.971426886958459,20.69141929953685,True,True,True,True,3381532.6714516007,,hard_rock,True,1.4940627609411703,1.3745377400658767,pct_Li2O,True,0.65,0.033992318311829126,0.02209500690268893,20.69141929953685,163426.81101278015,4807757.138350537,106227.4271583071,False,3381532.6714516007,pre-construction,0.900432845603235,112.55410570040438,78.78787399028306,33.76623171012132,1.0860308439718138,1044274508.5148692,730992155.9604084,313282352.55446076,5094.096878815942,5569.199834499139
Soris,Namibia,Exploration,,,Project,,,,,-20.9636,14.50314,False,2024,pre-construction,6.945131926420647,1.9260540936189345,11.980047407323312,True,True,True,True,4060165.9221413066,,hard_rock,True,1.493999952929376,1.3744799566950259,pct_Li2O,True,0.65,0.03399088932906799,0.022094078063894195,11.980047407323312,338910.6723951157,9970632.692604763,220291.93705682523,False,4060165.9221413066,pre-construction,1.0443653668754702,130.54567085943378,91.38196960160364,39.16370125783014,1.1454179557088788,2284108343.1774926,1598875840.2242448,685232502.9532478,5908.627211414154,6774.112244056469
Uis Tailings,Namibia,Reserves Development,,,Project,,,,,-21.21548,14.88437,False,2024,pre-construction,5.4477649433243815,2.9387731355158015,16.644717207029444,True,True,True,True,990273.8801054747,,hard_rock,True,1.3441499937244399,1.2366179942264848,pct_Li2O,True,0.65,0.030581562997220965,0.019878015948193627,16.644717207029444,59494.78550991899,1945446.1995721231,38671.61058144735,False,990273.8801054747,pre-construction,1.2307571978472367,153.8446497309046,107.69125481163321,46.15339491927138,1.080206674251469,420296793.8349926,294207755.6844948,126089038.1504978,7739.4368800114025,8392.3981112871
Uis Tailings,Namibia,Reserves Development,,,Project,,,,,-21.21548,14.88437,False,2024,pre-construction,5.754041113829004,1.8390197061070737,17.24571679630482,True,True,True,True,524039.42183444544,,hard_rock,True,0.7483640530845801,0.6884949288378137,pct_Li2O,True,0.65,0.01702647959015913,0.011067211733603435,17.24571679630482,30386.641971688274,1784669.6852854406,19751.317281597378,False,524039.42183444544,pre-construction,0.8471707751674051,105.89634689592565,74.12744282714795,31.7689040687777,0.9609365570670616,342990868.57602954,240093608.00322065,102897260.57280889,9568.475732183924,10575.41955618204
Shamva,Zimbabwe,Target Outline,,,Project,,,,,-17.40444,31.448,False,2024,pre-construction,5.698663183995793,3.1173728189240526,23.89724754501206,True,True,True,True,282043.50294206693,,hard_rock,True,1.2779074691792163,1.175674871644879,pct_Li2O,True,0.65,0.029074439575777856,0.018898385724255607,23.89724754501206,11802.34260915694,405935.3432555778,7671.522695952011,False,282043.50294206693,pre-construction,0.8559705946989323,106.99632433736654,74.89742703615657,32.09889730120997,0.8961254259647791,72753796.47781268,50927657.534468874,21826138.943343803,5661.664752669294,6058.514587856471
Whitlock,Canada,Target Outline,,,Project,,,,,50.45344,-95.35956,False,2024,pre-construction,7.880939810469833,2.5832961730103365,33.5988235834991,True,True,True,True,74535.88638545382,,hard_rock,True,1.790189785786387,1.6469746029234762,pct_Li2O,True,0.65,0.04072968193029756,0.026474293254693415,33.5988235834991,2218.407623713931,54466.60809947857,1441.9649554140553,False,74535.88638545382,pre-construction,0.8721837392009308,109.02296740011636,76.31607718008145,32.70689022003491,0.8413504011344277,9165100.514585594,6415570.360209915,2749530.154375679,4118.069039700939,4307.241736526555
Rio Grande,Argentina,Reserves Development,99670.0,tonnes,Brine,,2025.0,,10/25/2023,-24.99112,-68.19351,False,2023,pre-construction,4.39014618079382,3.870392185409404,23.2654325092694,True,True,False,True,99670.0,brine,brine,False,861.6839395827428,792.7492244161234,mgLi_per_L,True,0.55,0.0035165034346391877,0.0019340768890515534,23.2654325092694,4284.038130831634,1218266.442919371,2356.220971957399,False,99670.0,pre_construction,1.1174618428430712,5.587309214215356,3.911116449950749,1.676192764264607,0.8836754883268733,21531043.87718036,15071730.714026252,6459313.163154108,2888.8764691021674,
Bynoe,Australia,Exploration,,,Project,,,,,-12.68924,130.85004,False,2024,pre-construction,5.510907712576851,2.9357290502605817,17.64310774195685,True,True,True,True,40412.8339763664,,hard_rock,True,1.2188696773322663,1.121360103145685,pct_Li2O,True,0.65,0.027731235350792787,0.01802530297801531,17.64310774195685,2290.5734390694192,82599.04076014903,1488.8727353951226,False,40412.8339763664,pre-construction,0.9329862514698194,116.62328143372743,81.6362970036092,34.98698443011823,0.9159765488404834,15131756.858603146,10592229.801022202,4539527.057580944,6469.976209330175,7046.021580212271
Virgen del Valle,Argentina,Feasibility,,,Brine,,,,,-25.492784,-67.104225,False,2024,pre-construction,5.965389983139035,2.141561389283082,18.195642010485393,True,True,True,True,5908434.319541268,brine,brine,False,712.2552630926509,655.2748420452389,mgLi_per_L,True,0.55,0.0029066899868390055,0.0015986794927614532,18.195642010485393,324717.001803865,111713668.56256704,178594.35099212578,False,5908434.319541268,pre-construction,1.0450747225428967,5.225373612714483,3.6577615289001377,1.5676120838143452,0.8995407592144751,2009819964.6681159,1406873975.2676811,602945989.4004347,3268.5561029425094,3887.030967847516
N/A Whiteshore Lake,Canada,Exploration,,,Project,,,,,52.12128,-108.29259,False,2024,pre-construction,5.557905801128747,3.99353742303863,42.480817230795516,True,True,True,True,592738.7756830112,,brine,True,1109.052719805789,1020.3285022213258,mgLi_per_L,True,0.55,0.004526007181103431,0.0024893039496068875,42.480817230795516,13953.092579709566,3082870.181462644,7674.200918840262,False,592738.7756830112,pre-construction,1.186812153507062,5.93406076753531,4.153842537274716,1.7802182302605933,1.033446550878076,63719631.11674875,44603741.781724125,19115889.335024625,2383.8233046922296,2579.2785026826546
Turner River,Australia,Target Outline,,,Project,,,,,-21.35327,118.77413,False,2024,pre-construction,6.249132950897528,2.845785462481609,28.651020561564856,True,True,True,True,234525.17392754985,,hard_rock,True,1.0991299111811244,1.0111995182866345,pct_Li2O,True,0.65,0.025006964087228467,0.016254526656698503,28.651020561564856,8185.578360938519,327331.9517069667,5320.625934610038,False,234525.17392754985,pre-construction,0.8445833258000116,105.57291572500145,73.90104100750101,31.671874717500444,0.8707854047680895,57007177.21213594,39905024.04849516,17102153.163640782,6494.985548010084,6868.946893346196
Abbotts North,Australia,Target Outline,,,Project,,,,,-26.29391,118.40538,False,2024,pre-construction,5.811862984535334,1.3971019233138595,20.944436869965788,True,True,True,True,9419781.955993032,,hard_rock,True,1.295906972022054,1.1922344142602896,pct_Li2O,True,0.65,0.029483957064656962,0.019164572092027026,20.944436869965788,449751.0252711043,15254093.074576829,292338.1664262178,False,9419781.955993032,pre-construction,1.247216506790886,155.90206334886076,109.13144434420254,46.77061900465823,0.726136259869699,2215310018.575499,1550717013.0028493,664593005.5726497,8134.90969692562,8496.719479282481
Arizaro,Argentina,Target Outline,,,Brine,,,,,-24.56224,-67.90229,False,2024,pre-construction,5.470027703524982,2.466121027983733,36.33834868594228,True,True,True,True,3295985.0312669496,brine,brine,False,962.5787048523973,885.5724084642055,mgLi_per_L,True,0.55,0.0039282516085458056,0.002160538384700193,36.33834868594228,90702.6640025066,23089830.550870366,49886.46520137863,False,3295985.0312669496,pre-construction,1.0042393286847908,5.021196643423954,3.5148376503967675,1.5063589930271863,1.1406714901269261,526758228.42479044,368730759.8973533,158027468.52743715,2324.0488014383136,2614.627255045996
Barra,Brazil,Target Outline,,,Project,,,,,-7.01056,-36.62876,False,2024,pre-construction,6.689177449871385,2.7506556984398767,42.05855158342937,True,True,True,True,678787.6553698637,,hard_rock,True,1.358273528949264,1.249611646633323,pct_Li2O,True,0.65,0.030902896021242073,0.02008688241380735,42.05855158342937,16139.111543662835,522252.39772250183,10490.422503380843,False,678787.6553698637,pre-construction,0.9739297953422353,121.74122441777942,85.21885709244559,36.52236732533383,0.8575346137099664,89569901.62801386,62698931.1396097,26870970.488404162,6060.732666712718,6263.741439144499
Bepe,Zimbabwe,Exploration,,,"Open Pit, Underground",,,,,-19.19411,31.96955,False,2024,pre-construction,5.155032125988486,1.4582079941233876,26.677162377090216,True,True,True,True,3515304.791999112,hard_rock,hard_rock,False,1.099967840930392,1.0119704136559606,pct_Li2O,True,0.65,0.025026028329711902,0.01626691841431274,26.677162377090216,131772.06564585675,5265400.642474766,85651.8426698069,False,3515304.791999112,pre-construction,1.2577159554807924,157.21449443509906,110.05014610456934,47.16434833052972,0.7143127154367633,752228526.1577257,526559968.31040794,225668557.84731776,9664.675904243244,9993.886235666352
Kondo,Zimbabwe,Exploration,,,Open Pit ,,,,,-16.78233,29.79842,False,2024,pre-construction,6.290759576195663,2.058722003895384,24.380709114251133,True,True,True,True,442187.9995413378,hard_rock,hard_rock,False,1.4978905839377354,1.3780593372227166,pct_Li2O,True,0.65,0.03407940740951778,0.02215161481618656,24.380709114251133,18136.79813286759,532192.2976806897,11788.918786363933,False,442187.9995413378,pre-construction,1.0708133663097419,133.85167078871774,93.69616955210242,40.15550123661532,0.8288151785461391,88217810.84462017,61752467.59123411,26465343.253386058,6042.524298991966,6349.451916051903
Big Hill,Canada,Target Outline,,,Project,,,,,62.50201,-113.96352,False,2024,pre-construction,6.91771872741724,2.5401528983510095,22.868342025049895,True,True,True,True,1151704.7136277363,,hard_rock,True,1.57869311957079,1.4523976700051269,pct_Li2O,True,0.65,0.035917794379226785,0.02334656634649741,22.868342025049895,50362.40547592665,1402157.5195901776,32735.563559352326,False,1151704.7136277363,pre-construction,0.8208144877232456,102.6018109654057,71.82126767578399,30.78054328962172,0.9304136590749919,260917301.68028232,182642111.17619762,78275190.5040847,4394.728091602157,4743.264681410739
Big Mack,Canada,Target Outline,,,Project,,,,,50.27247,-94.5926,False,2024,pre-construction,4.3524248227219,2.64337042728269,22.615815996747976,True,True,True,True,14609879.782293422,,hard_rock,True,0.7427357001116688,0.6833168441027353,pct_Li2O,True,0.65,0.016898425554660642,0.010983976610529418,22.615815996747976,646002.7701142527,38228577.45087873,419901.80057426426,False,14609879.782293422,pre-construction,0.9909853745827257,123.87317182284072,86.7112202759885,37.16195154685222,0.9532113612342099,7287982869.9999075,5101588008.999935,2186394860.9999723,11277.625236755683,12045.070383843766
Boodanoo,Australia,Target Outline,,,Project,,,,,-28.78631,118.09093,False,2024,pre-construction,5.1446754539652675,2.8709985877528577,37.23129416321224,True,True,True,True,3901737.95670669,,hard_rock,True,0.8904754306130018,0.8192373961639617,pct_Li2O,True,0.65,0.020259740807134774,0.013168831524637603,37.23129416321224,104797.26918979752,5172685.583069827,68118.22497336839,False,3901737.95670669,pre-construction,0.8905617947041562,111.32022433801953,77.92415703661366,33.396067301405864,1.0387869390906577,1074663644.743096,752264551.3201672,322399093.4229289,8453.310692733081,8877.0522926471
Brazil Lake,Canada,Reserves Development - Prefeas/Scoping,,tonnes,Project,,,,08/06/2023,43.98773,-65.9907,False,2024,pre-construction,8.608834821436067,2.5430303027662937,31.413453538452718,True,True,True,True,387203.2257117562,,hard_rock,True,1.2521018845671628,1.1519337338017899,pct_Li2O,True,0.65,0.028487321236918262,0.01851675880399687,31.413453538452718,12326.031750625152,432684.83014300343,8011.920637906349,False,387203.2257117562,pre-construction,1.0404707913590319,130.05884891987898,91.04119424391529,39.0176546759637,1.4617380151915431,126494372.96334477,88546061.07434133,37948311.88900344,7023.845279650432,7526.44111231218
Brazil Lake,Canada,Reserves Development - Prefeas/Scoping,,tonnes,Project,,,,08/06/2023,43.98773,-65.9907,False,2024,pre-construction,8.909470341848447,2.6016697319220436,39.70157720259657,True,True,True,True,2081359.3656819589,,hard_rock,True,0.8225078841352377,0.7567072534044187,pct_Li2O,True,0.65,0.018713370376691272,0.012163690744849328,39.70157720259657,52425.10530654267,2801478.528519992,34076.318449252736,False,2081359.3656819589,pre-construction,0.9317162306997265,116.46452883746582,81.52517018622606,34.93935865123976,0.7660082920667232,429191156.5786391,300433809.60504735,128757346.97359174,9574.7689809347,9892.010730692658
Cancet,Canada,Target Outline,,,Project,,,,,53.50511,-74.91241,False,2024,pre-construction,9.483866983954828,2.9226622684697494,13.637920387715418,True,True,True,True,4869956.597849384,,hard_rock,True,1.0056265574419094,0.9251764328465567,pct_Li2O,True,0.65,0.022879613184295343,0.014871748569791973,13.637920387715418,357089.38455426664,15607317.382418606,232108.09996027334,False,4869956.597849384,pre-construction,0.9502018076638572,118.77522595798214,83.1426581705875,35.63256778739465,1.3736199367037356,4287704462.9905915,3001393124.093414,1286311338.8971777,7986.634886985827,9341.157924729934
Cancet West,Canada,Target Outline,,,Project,,,,,53.54367,-75.55136,False,2024,pre-construction,3.7715968341276374,2.6779338397214296,17.258376537772108,True,True,True,True,512139.3527883324,,hard_rock,True,1.6222309896949834,1.4924525105193847,pct_Li2O,True,0.65,0.03690835058514438,0.023990427880343845,17.258376537772108,29674.827853445633,804013.925926827,19288.63810473966,False,512139.3527883324,pre-construction,1.1544362072196386,144.30452590245483,101.01316813171837,43.291357770736454,1.0303410402076674,165681708.95617947,115977196.26932563,49704512.68685384,6015.087626706663,6512.793837853865
Caraibas,Brazil,Target Outline,,,Project,,,,,-16.31021,-42.17714,False,2024,pre-construction,7.535817967745629,3.585181136022398,26.1187913524446,True,True,True,True,305272.0674019004,,hard_rock,True,1.9598576270160413,1.803069016854758,pct_Li2O,True,0.65,0.04458989678681816,0.02898343291143181,26.1187913524446,11687.832843510516,262118.40990324333,7597.091348281836,False,305272.0674019004,pre-construction,0.7755139506410216,96.9392438301277,67.85747068108938,29.081773149038312,0.934946089084678,49013316.443226375,34309321.51025846,14703994.932967916,3344.6432700486757,3591.652774921177
Drumheller,Canada,Reserves Development,,tonnes,Project,,,,02/21/2022,51.55733,-112.26063,False,2024,pre-construction,8.494893108379788,3.676582650607294,27.737747100264475,True,True,True,True,16420213.977123857,,hard_rock,True,1.579921145231625,1.453527453613095,pct_Li2O,True,0.65,0.03594573392785184,0.023364727053103697,27.737747100264475,591980.8093198489,16468736.192952354,384787.5260579018,False,16420213.977123857,pre-construction,1.0428231611955727,130.3528951494466,91.24702660461261,39.10586854483398,0.6361696291597243,2095381959.3199658,1466767371.523976,628614587.7959898,5579.046348505532,5775.369280550818
Dudley,Australia,Target Outline,,,Project,,,,,-35.78042,138.02216,False,2024,pre-construction,8.147449164512222,1.3759357801226881,23.85160220112425,True,True,True,True,380566.9708502936,,hard_rock,True,0.9717079888718787,0.8939713497621284,pct_Li2O,True,0.65,0.022107911479617437,0.014370142461751334,23.85160220112425,15955.614538647449,721715.1449768493,10371.149450120842,False,380566.9708502936,pre-construction,0.965331031550246,120.66637894378076,84.46646526064653,36.19991368313423,0.9403420797615135,135731824.08458254,95012276.85920776,40719547.22537477,8397.020368096948,8945.723242738957
Dudley,Australia,Target Outline,,,Project,,,,,-35.78042,138.02216,False,2024,pre-construction,6.841352444767144,2.1387439112032895,25.93938192738828,True,True,True,True,64736.70947398257,,hard_rock,True,1.531337777355755,1.4088307551672947,pct_Li2O,True,0.65,0.034840384575287195,0.022646249973936678,25.93938192738828,2495.6920583227106,71632.16160630278,1622.199837909762,False,64736.70947398257,pre-construction,1.049450970333005,131.18137129162562,91.82695990413794,39.35441138748769,1.134864247113163,16258555.830085043,11380989.081059529,4877566.749025514,5792.631073250575,6179.014054695874
Emili,France,Reserves Development,,tonnes,Underground,,2028.0,2053.0,12/31/2023,46.18255,2.94965,False,2024,pre-construction,6.630530754121079,1.9025259836386965,25.0,True,False,True,True,825995.3407576588,hard_rock,hard_rock,False,1.3157525973952011,1.210492389603585,pct_Li2O,True,0.65,0.029935476794896658,0.019458059916682827,25.0,33039.81363030635,1103700.9317299037,21475.87885969913,False,825995.3407576588,pre_construction,0.700516034731472,87.56450434143399,61.295153039003786,26.269351302430202,0.8066876662770824,178068385.7770075,124647870.04390523,53420515.73310226,4500.166240435846,
Esperanca,Brazil,Target Outline,,,Project,,,,,-16.3808,-42.24605,False,2024,pre-construction,6.867306522669912,2.680163565034249,27.096856636924745,True,True,True,True,34531881.527205385,,brine,True,500.1643539377518,460.15120562273165,mgLi_per_L,True,0.55,0.002041154056274834,0.001122634730951159,27.096856636924745,1274386.9884947825,624346302.8070385,700912.8436721304,False,34531881.527205385,pre-construction,0.866414184464978,4.33207092232489,3.032449645627423,1.2996212766974673,0.7336456674492781,9160979200.847176,6412685440.593022,2748293760.2541533,3858.842776630042,4341.189092066104
Fran,Canada,Target Outline,,,Project,,,,,62.63329,-113.94009,False,2024,pre-construction,6.142669787942106,2.688219306530658,20.242393210682206,True,True,True,True,1960388.4202390474,,hard_rock,True,1.9239939389790668,1.7700744238607415,pct_Li2O,True,0.65,0.043773940502076135,0.028453061326349487,20.242393210682206,96845.68419531154,2212404.985352376,62949.6947269525,False,1960388.4202390474,pre-construction,0.9404584626416965,117.55730783021207,82.29011548114845,35.26719234906362,0.7664951426143057,339159534.9536541,237411674.46755785,101747860.48609626,4131.622481034965,4397.7860099263835
Hornby Lake,Canada,Target Outline,,,Project,,,,,52.38439,-93.5046,False,2024,pre-construction,7.278732426701864,3.583788421021781,25.501223178313033,True,True,True,True,3500407.654137012,,brine,True,746.7473974740769,687.0076056761508,mgLi_per_L,True,0.55,0.0030474512375117924,0.001676098180631486,25.501223178313033,137264.30413400164,45042329.94588497,75495.3672737009,False,3500407.654137012,pre-construction,1.2810038142645506,6.405019071322753,4.483513349925927,1.9215057213968265,1.0299134358538797,927794015.8686098,649455811.1080269,278338204.7605829,3821.3865663344386,4303.301353795411
Imerys British,United Kingdom,Reserves Development,,tonnes,Project,,2028.0,,05/18/2023,50.37909,-4.80741,False,2024,pre-construction,5.824779782217791,3.5290006816434674,20.969364158773658,True,True,True,True,15573.351324630441,,hard_rock,True,1.0870929939400455,1.000125554424842,pct_Li2O,True,0.65,0.02473310496092634,0.016076518224602123,20.969364158773658,742.6716044756414,30027.431074623386,482.73654290916693,False,15573.351324630441,pre_construction,0.8280853261984056,103.5106657748007,72.45746604236048,31.05319973244022,1.0024271082118086,6020062.1798328245,4214043.525882977,1806018.6539498474,6438.624603205243,
Imerys British,United Kingdom,Reserves Development,,tonnes,Project,,2028.0,,05/18/2023,50.37909,-4.80741,False,2024,pre-construction,4.778517640755131,4.030112305723565,28.942946184210843,True,True,True,True,260043.57924136048,,hard_rock,True,1.6671046099083073,1.5337362411156428,pct_Li2O,True,0.65,0.037929297242789844,0.0246540432078134,28.942946184210843,8984.696222225686,236880.1131408684,5840.052544446697,False,260043.57924136048,pre_construction,0.8446268911712003,105.57836139640003,73.90485297748002,31.673508418920008,1.3693664704464994,64875136.890135676,45412595.82309497,19462541.067040704,4282.395406970812,
Jaguar,Brazil,Target Outline,,,Brine,,,,,-10.096,-40.26602,False,2024,pre-construction,4.149298198769291,3.4075126884247258,27.747913141208556,True,True,True,True,5572170.4412150085,brine,brine,False,1002.4459574037222,922.2502808114244,mgLi_per_L,True,0.55,0.0040909485372993435,0.002250021695514639,27.747913141208556,200814.03645954735,49087402.25613192,110447.72005275106,False,5572170.4412150085,pre-construction,0.9714466166799486,4.857233083399743,3.4000631583798198,1.4571699250199233,0.9033146588017482,886827400.4092394,620779180.2864676,266048220.12277186,2158.7494436531497,2448.1184556566554
Jintaier Lake,China,Operating,,,Brine,,2017.0,,,37.38915,97.27879,False,2024,operation,8.20805979887247,3.201187370070791,31.28192978896221,True,True,True,True,343868.6996487872,brine,brine,False,1024.2446459179873,1177.8813428056853,mgLi_per_L,True,0.55,0.005224885323128887,0.002873686927720888,31.28192978896221,10992.566698046898,2103886.6919023735,6045.911683925794,False,343868.6996487872,operation,1.048551960306855,5.242759801534275,3.669931861073992,1.5728279404602827,1.1682425942442023,49157000.93887763,34409900.657214336,14747100.281663291,1824.4018688884428,
Koolyanobbing,Australia,Target Outline,,,Project,,,,,-30.98031,119.6694,False,2024,pre-construction,7.070966771972026,4.787081264142202,44.4175277556476,True,True,True,True,6862288.766953797,,hard_rock,True,0.7164528404561579,0.6591366132196652,pct_Li2O,True,0.65,0.01630044844492232,0.010595291489199509,44.4175277556476,154495.06340616336,9477963.991493095,100421.79121400618,False,6862288.766953797,pre-construction,0.9119267619560248,113.9908452445031,79.79359167115217,34.197253573350935,0.7789117521857212,1476499507.9534116,1033549655.567388,442949852.3860235,10758.632300083638,11089.649804838406
Lake Johnston,Australia,Target Outline,,,Project,,,,,-32.13765,120.31782,False,2024,pre-construction,4.575241918133466,3.307585665550429,25.471850387096694,True,True,True,True,1607267.8807603887,,hard_rock,True,1.0318155432262346,0.9492702997681358,pct_Li2O,True,0.65,0.023475454513266,0.0152590454336229,25.471850387096694,63099.76920933017,2687904.0477649723,41014.84998606461,False,1607267.8807603887,pre-construction,1.012728255110553,126.59103188881912,88.61372232217337,37.977309566645744,0.9509365184597658,511205223.427107,357843656.39897484,153361567.02813214,8296.130478114912,8785.451258998784
Lake Johnston,Australia,Target Outline,,,Project,,,,,-32.13765,120.31782,False,2024,pre-construction,7.5072183622145685,2.765155535824875,13.877447581322485,True,True,True,True,1406885.134248699,,hard_rock,True,1.6726560413547544,1.5388435580463742,pct_Li2O,True,0.65,0.03805560119048683,0.024736140773816438,13.877447581322485,101379.24326532577,2663976.9204505077,65896.50812246176,False,1406885.134248699,pre-construction,0.782235879690934,97.77948496136675,68.44563947295671,29.333845488410034,1.2384582547282619,659844841.5075011,461891389.05525076,197953452.45225036,3952.8997613430365,4674.455406007408
Lake Johnston,Australia,Target Outline,,,Project,,,,,-32.29701,120.37528,False,2024,pre-construction,5.051478640275078,2.5614535409161294,25.38110526754946,True,True,True,True,13129750.374044081,,hard_rock,True,1.2591130694682158,1.1583840239107586,pct_Li2O,True,0.65,0.028646836911313058,0.018620443992353488,25.38110526754946,517304.12193005945,18057983.97678483,336247.67925453867,False,13129750.374044081,pre-construction,1.2881042035301682,161.01302544127103,112.70911780888972,48.30390763238131,0.938536177026678,3389614249.2761283,2372729974.4932895,1016884274.7828388,8647.109892083736,9044.28356288265
Lazio,Italy,Reserves Development,,tonnes,Project,,,,04/18/2024,42.1004,12.3498,False,2024,pre-construction,6.428995102747817,1.5347996700903739,25.69994224588923,True,True,True,True,297352.5123657446,,brine,True,833.0299478857869,766.387552054924,mgLi_per_L,True,0.55,0.003399567449656967,0.001869762097311332,25.69994224588923,11570.162668879419,3403422.0059516407,6363.58946788368,False,297352.5123657446,pre-construction,0.9502334989220889,4.751167494610444,3.3258172462273103,1.4253502483831335,1.1040773579688965,75152823.52768579,52606976.46938005,22545847.05830574,2541.0545552519734,3000.5815195138243
Lithium Grande 4,Canada,Target Outline,,,Project,,,,,53.48977,-73.95413,False,2024,pre-construction,5.25293248638746,4.331499481537581,34.15362069352194,True,True,True,True,317191.9916258651,,hard_rock,True,1.0184278254058197,0.9369535993733541,pct_Li2O,True,0.65,0.023170862512503047,0.01506106063312698,34.15362069352194,9287.21421579845,400814.35081611876,6036.689240268994,False,317191.9916258651,pre-construction,1.0191245557369455,127.39056946711818,89.17339862698272,38.217170840135466,0.7704222991532365,61759262.73787323,43231483.91651125,18527778.821361974,8458.273462289975,8757.821536877023
Lobo Blanco,Argentina,Target Outline,,,Brine,,,,,-24.61105,-66.64845,False,2024,pre-construction,4.731555141665723,3.593272175253322,40.6847849613164,True,True,True,True,863018.1676402272,brine,brine,False,566.4657537374511,521.148493438455,mgLi_per_L,True,0.55,0.0023117278588107473,0.0012714503223459112,40.6847849613164,21212.307462379256,9175953.554192051,11666.769104308592,False,863018.1676402272,pre-construction,1.4994863711699633,7.4974318558498165,5.248202299094872,2.249229556754945,0.8235569419951265,151138404.97959438,105796883.48571606,45341521.49387832,5896.7556373075995,6215.1696756983365
Location 6,Nigeria,Target Outline,,,Project,,,,,8.19569,2.97512,False,2024,pre-construction,4.567967695126198,2.7368349928269273,18.03063394692122,True,True,True,True,1051583.6490941402,,brine,True,1344.7898134177224,1237.2066283443046,mgLi_per_L,True,0.55,0.005488042402230612,0.003018423321226837,18.03063394692122,58322.05635086397,10627114.748085583,32077.130992975184,False,1051583.6490941402,pre-construction,0.9189205493985129,4.594602746992564,3.2162219228947944,1.3783808240977695,0.8912818811777877,189435096.4833186,132604567.53832301,56830528.94499558,1522.1863396964113,1849.718484617252
Los Morros,Chile,Target Outline,,,Project,,,,,-23.75286,-68.96173,False,2024,pre-construction,3.9966465524054686,4.000105640935093,38.299442986043175,True,True,True,True,37818.54137168528,,brine,True,908.550572497872,835.8665266980423,mgLi_per_L,True,0.55,0.0037077646013447332,0.0020392705307396035,38.299442986043175,987.4436394666851,266317.78055935877,543.0940017066769,False,37818.54137168528,pre-construction,0.830007952991809,4.150039764959045,2.9050278354713313,1.2450119294877138,0.7923049156045243,4220097.733001339,2954068.4131009374,1266029.3199004019,2035.060921247122,2237.948306397255
Manono,Democratic Republic of the Congo,Target Outline,,,Project,,,,,-7.14943,27.56343,False,2024,pre-construction,4.020852481764736,3.6228247177874824,18.310340163770732,True,True,True,True,6092341.01202648,,hard_rock,True,1.4202776963576276,1.3066554806490174,pct_Li2O,True,0.65,0.0323135900364502,0.02100383352369263,18.310340163770732,332726.80668603466,10296807.204359341,216272.42434592254,False,6092341.01202648,pre-construction,0.8619408742572082,107.74260928215102,75.41982649750571,32.32278278464531,0.9056521092360375,1865065032.6049728,1305545522.8234808,559519509.781492,5129.664028264925,5600.637470777107
MegaLi,Canada,Target Outline,,,Project,,,,,53.49019,-73.90526,False,2024,pre-construction,3.9834952721066585,2.929089663982867,27.82540899176295,True,True,True,True,1072975.0569518409,,hard_rock,True,1.1171558925031744,1.0277834211029204,pct_Li2O,True,0.65,0.02541708400387522,0.016521104602518894,27.82540899176295,38560.98062276352,1517128.4249949488,25064.63740479629,False,1072975.0569518409,pre-construction,1.2846373916433298,160.5796739554162,112.40577176879134,48.17390218662487,1.3329470320255354,404450366.2597184,283115256.38180286,121335109.87791556,9719.66934528902,10299.581551705936
MegaLi,Canada,Target Outline,,,Project,,,,,53.49019,-73.90526,False,2024,pre-construction,4.1219905226530225,4.405245225749243,11.366485483095467,True,True,True,True,541357.1063110285,,brine,True,1047.4596213695697,963.6628516600042,mgLi_per_L,True,0.55,0.004274647799488502,0.0023510562897186764,11.366485483095467,47627.48407290441,11141849.880264625,26195.116240097428,False,541357.1063110285,pre-construction,0.9718381584994409,4.859190792497205,3.401433554748043,1.4577572377491617,0.9491101481603901,211496855.81277564,148047799.06894293,63449056.74383271,2066.811761907516,2777.1372261131687
Miriam,Australia,Target Outline,,,Underground,,,,06/21/1996,-31.05194,121.10314,False,2024,pre-construction,7.589818495424444,4.072204872166597,36.36144342104795,True,True,True,True,2124477.420171247,hard_rock,hard_rock,False,1.3216657657360718,1.215932504477186,pct_Li2O,True,0.65,0.03007001083572081,0.019545507043218526,36.36144342104795,58426.65252781152,1943020.6675684084,37977.324143077494,False,2124477.420171247,pre-construction,0.8890538916032173,111.13173645040217,77.79221551528151,33.33952093512066,1.045973615671435,406469670.5961707,284528769.4173195,121940901.17885125,5685.794500223019,5980.143571117325
Miriam,Australia,Target Outline,,,Underground,,,,06/21/1996,-31.05194,121.10314,False,2024,pre-construction,5.8918728589626275,2.889012911862306,23.440734918756302,True,True,True,True,363597.41393321037,hard_rock,hard_rock,False,1.190880328025766,1.0956099017837049,pct_Li2O,True,0.65,0.02709443287111102,0.017611381366222163,23.440734918756302,15511.348735157395,572492.0986146977,10082.376677852308,False,363597.41393321037,pre-construction,0.9944543964825849,124.30679956032311,87.01475969222618,37.292039868096936,1.3613500722897127,155872431.9668816,109110702.37681712,46761729.59006448,7058.321943941204,7717.852876500477
Moolyella,Australia,Exploration,,,Project,,,,,-21.18136,119.91325,False,2024,pre-construction,4.341706453436284,2.8482639108481864,19.310457192301968,True,True,True,True,5887842.163799801,,hard_rock,True,0.8599452850273197,0.7911496622251342,pct_Li2O,True,0.65,0.019565131146827567,0.01271733524543792,19.310457192301968,304904.3378500103,15584068.18547954,198187.8196025067,False,5887842.163799801,pre-construction,0.9927068647070204,124.08835808837755,86.86185066186428,37.226507426513265,0.9999848282586263,3116766349.6054964,2181736444.7238474,935029904.881649,9757.418177121002,10571.812486588138
Morabisi,Guyana,Target Outline,,,Project,,,,,5.8641,-59.39776,False,2024,pre-construction,5.9226004256264435,2.101620079805425,41.9623374811913,True,True,True,True,810783.8642896432,,brine,True,1417.5267508133365,1304.1246107482698,mgLi_per_L,True,0.55,0.0057848794191775335,0.0031816836805476437,41.9623374811913,19321.704007863227,3340035.739346542,10626.937204324775,False,810783.8642896432,pre-construction,1.1629241625386513,5.814620812693256,4.0702345688852795,1.744386243807977,0.9663940527794721,64555813.4915077,45189069.444055386,19366744.047452316,1827.529508430713,1972.2958407639685
Mortimer Hills,Australia,Target Outline,,,Project,,,,,-24.54024,116.36078,False,2024,pre-construction,5.99900550542657,1.9051281819395722,15.859189860445046,True,True,True,True,2534248.149979857,,hard_rock,True,0.8317628145965085,0.7652217894287878,pct_Li2O,True,0.65,0.01892393485257392,0.01230055765417305,15.859189860445046,159796.82268011765,8444164.700682376,103867.93474207648,False,2534248.149979857,pre-construction,1.1140930374558828,139.26162968198537,97.48314077738975,41.77848890459562,0.9032961966725181,1525516371.6405444,1067861460.148381,457654911.4921634,11321.570419593123,12247.662942963823
Mt Holland  ,Australia,Target Outline,,,Project,,,,,-32.09809,119.79639,False,2024,pre-construction,5.802467537117323,2.6904687771919633,22.1135639077664,True,True,True,True,155594.42471060483,,hard_rock,True,1.6886004767572238,1.553512438616646,pct_Li2O,True,0.65,0.03841836260698965,0.024971935694543274,22.1135639077664,7036.153256868705,183145.5788172654,4573.499616964658,False,155594.42471060483,pre-construction,1.0582151595223768,132.2768949402971,92.59382645820796,39.68306848208914,1.2460208856386081,45640643.26373691,31948450.284615837,13692192.979121074,5297.02208744681,5748.300302476047
NMX East,Canada,Exploration,,,Project,,,,,51.67385,-75.81206,False,2024,pre-construction,4.7002379552983236,2.3102559208503415,24.690942310869843,True,True,True,True,447038.9385048456,,hard_rock,True,1.616367883167935,1.4870584525145,pct_Li2O,True,0.65,0.036774955530683585,0.023903721094944333,24.690942310869843,18105.381839073958,492329.1293708713,11768.498195398073,False,447038.9385048456,pre-construction,1.0751451357857154,134.39314197321443,94.07519938125009,40.31794259196434,1.1958593809946307,117751281.57901512,82425897.10531057,35325384.47370455,5622.26866015596,6027.503645769872
North Spirit,Canada,Target Outline,,,Project,,,,,52.43985,-92.90882,False,2024,pre-construction,5.550722086996426,1.7408366910959256,20.28457051940705,True,True,True,True,1379391.9693878312,,hard_rock,True,1.220913057332266,1.1232400127456847,pct_Li2O,True,0.65,0.02777772551520078,0.018055521584880507,20.28457051940705,68002.02982203208,2448077.679535691,44201.31938432086,False,1379391.9693878312,pre-construction,0.8861490151056393,110.7686268882049,77.53803882174343,33.23058806646148,1.5038112083181467,736289330.6638505,515402531.46469533,220886799.1991552,6134.889339389748,6956.086534635589
Northern Pennine Orefield,United Kingdom,Target Outline,,,Project,,,,,54.73775,-2.09415,False,2024,pre-construction,7.873965163721045,3.545296572788989,22.237960499896605,True,True,True,True,139920.40506001987,,brine,True,381.8304566479641,351.284020116127,mgLi_per_L,True,0.55,0.0015582373658984535,0.0008570305512441496,22.237960499896605,6291.962118588637,4037871.4156689453,3460.579165223751,False,139920.40506001987,pre-construction,0.8279101011814608,4.139550505907304,2.897685354135113,1.2418651517721915,1.5094750678207958,121901324.58037066,85330927.20625946,36570397.374111205,4830.10844817367,6414.143113233686
Olga Rocks,Australia,Target Outline,,,Project,,,,,-31.72956,119.58117,False,2024,pre-construction,5.355728444898769,4.442689506454961,36.3154856652833,True,True,True,True,229305.78545095545,,hard_rock,True,1.049203806863986,0.9652675023148671,pct_Li2O,True,0.65,0.023871065332246665,0.015516192465960333,36.3154856652833,6314.270104066543,264515.63917161233,4104.275567643253,False,229305.78545095545,pre-construction,1.062849632766735,132.85620409584186,92.9993428670893,39.856861228752564,0.7397463022052202,39134893.19053011,27394425.23337107,11740467.957159035,8562.423054966861,8824.98742013116
Orrvik,Sweden,Target Outline,,,Project,,,,,63.24066,18.20135,False,2024,pre-construction,5.833404687508723,3.4185788192693094,18.869844762961602,True,True,True,True,656943.356445493,,brine,True,494.36527537422444,454.8160533442865,mgLi_per_L,True,0.55,0.002017488209959698,0.001109618515477834,18.869844762961602,34814.45473971066,17256336.15494889,19147.950106840864,False,656943.356445493,pre-construction,1.082261336465486,5.41130668232743,3.7879146776292005,1.6233920046982293,1.1639727646768256,401718106.04937047,281202674.2345593,120515431.81481117,4876.727097508069,5988.537650559917
Padre Paraiso,Brazil,Target Outline,,,Project,,,,,-17.0275,-41.53477,False,2024,pre-construction,8.437464870035093,4.139453559986656,26.938979376196922,True,True,True,True,4953851.578095864,,hard_rock,True,0.9344608174516604,0.8597039520555276,pct_Li2O,True,0.65,0.021260478734333198,0.013819311177316579,26.938979376196922,183891.5836014578,8649456.388039574,119529.52934094757,False,4953851.578095864,pre-construction,1.026152897325582,128.26911216569775,89.78837851598841,38.480733649709336,1.525964098906854,2639751984.641788,1847826389.2492516,791925595.3925364,9281.874510231915,10101.672365582663
Padre Paraiso,Brazil,Target Outline,,,Project,,,,,-17.0275,-41.53477,False,2024,pre-construction,4.80533087582909,3.98163637651248,19.217028084232652,True,True,True,True,2687855.9089919175,,hard_rock,True,1.7820450242027377,1.6394814222665188,pct_Li2O,True,0.65,0.04054437557265101,0.026353844122223156,19.217028084232652,139868.44881583287,3449762.065399285,90914.49173029137,False,2687855.9089919175,pre-construction,1.0442425582314256,130.5303197789282,91.37122384524973,39.15909593367847,1.0660226596666893,735504906.4348394,514853434.5043875,220651471.93045187,4952.989748803178,5373.974373058628
Pippingarra,Australia,Target Outline,,,Project,,,,,-20.57382,118.76113,False,2024,pre-construction,6.900446651244465,3.317274518336456,28.62689029500023,True,True,True,True,3441111.539456464,,hard_rock,True,1.282523877075605,1.1799219669095566,pct_Li2O,True,0.65,0.029179470241673337,0.018966655657087668,28.62689029500023,120205.56560617637,4119525.2898903564,78133.61764401465,False,3441111.539456464,pre-construction,1.0996814386131832,137.4601798266479,96.22212587865353,41.23805394799437,1.0343402062261924,852198127.5798411,596538689.3058888,255659438.27395236,7247.465357725323,7628.468422402969
Pippingarra,Australia,Target Outline,,,Project,,,,,-20.57382,118.76113,False,2024,pre-construction,5.749640804312739,3.0457490673400147,20.008158904264658,True,True,True,True,1211648.5816119963,,hard_rock,True,0.6804603145047721,0.6260234893443903,pct_Li2O,True,0.65,0.015481560891486772,0.010063014579466402,20.008158904264658,60557.72484662436,3911603.3112607356,39362.52115030584,False,1211648.5816119963,pre-construction,0.8429397106782434,105.36746383478042,73.7572246843463,31.610239150434126,0.7952666012751953,622153494.176625,435507445.9236375,186646048.2529875,10470.765296294303,11260.729677333542
Pozo Hondo,Mexico,Target Outline,,,Open Pit,,,,,23.54394,-102.36476,False,2024,pre-construction,7.271974517253817,2.6921025795567375,21.33750766105838,True,True,True,True,3419746.570834856,hard_rock,hard_rock,False,1.352461163227006,1.2442642701688456,pct_Li2O,True,0.65,0.03077065540127555,0.020000926010829107,21.33750766105838,160269.26036333665,5208509.804984295,104175.01923616882,False,3419746.570834856,pre-construction,0.9506074564922662,118.82593206153328,83.17815244307329,35.64777961845999,1.2594443308562837,1311965629.2193675,918375940.4535573,393589688.76581025,5941.021530563001,6531.243238087
Resende,Brazil,Target Outline,,,Project,,,,,-20.92102,-44.24027,False,2024,pre-construction,5.265929132226945,2.98992698473546,26.170364810174082,True,True,True,True,10352659.707179677,,hard_rock,True,1.4789181565045855,1.3606047039842186,pct_Li2O,True,0.65,0.033647754329529725,0.02187104031419432,26.170364810174082,395587.13767547254,11756717.36667133,257131.63948905715,False,10352659.707179677,pre-construction,0.8783751809967271,109.79689762459088,76.85782833721362,32.939069287377265,0.8182552019524699,1923999028.6327517,1346799320.042926,577199708.5898256,5020.1954752619895,5306.1121951495425
Reung Kiet,Thailand,Exploration,,,Project,,,,,8.3052,98.3928,False,2024,pre-construction,5.9978195343772684,2.603126823433502,20.035922643144936,True,True,True,True,954854.1825758967,,hard_rock,True,1.1052933597814647,1.0168698909989475,pct_Li2O,True,0.65,0.02514719240440397,0.01634567506286258,20.035922643144936,47657.11065981727,1895126.497360842,30977.121928881228,False,954854.1825758967,pre-construction,0.7567403133948356,94.59253917435446,66.21477742204812,28.37776175230634,1.0378478417673038,393370589.03239596,275359412.32267714,118011176.70971882,5787.00719368079,6420.8060842671
Reung Kiet,Thailand,Exploration,,,Project,,,,,8.3052,98.3928,False,2024,pre-construction,5.29787367543173,2.1732576096254625,31.987802141821945,True,True,True,True,1516708.058636807,,hard_rock,True,1.85020862533212,1.7021919353055504,pct_Li2O,True,0.65,0.04209520656010626,0.02736188426406907,31.987802141821945,47415.20070407748,1126380.0460599945,30819.88045765036,False,1516708.058636807,pre-construction,1.0834315398254344,135.4289424781793,94.8002597347255,40.628682743453794,0.9373834257491356,211169997.25423735,147818998.07796612,63350999.17627123,4949.54737660451,5163.74609270065
Ruddy,Canada,Exploration,,,Project,,,,,51.23689,-92.28428,False,2024,pre-construction,7.835565527869615,2.9906320707519907,19.47818599222382,True,True,True,True,1960509.497010335,,hard_rock,True,0.8225763586830127,0.7567702499883717,pct_Li2O,True,0.65,0.01871492828221243,0.012164703383438079,19.47818599222382,100651.54413213939,5378142.1234621275,65423.5036858906,False,1960509.497010335,pre-construction,0.9666818136721977,120.83522670902472,84.5846586963173,36.25056801270742,1.0999428927396853,1183129840.9692173,828190888.678452,354938952.2907653,9933.265357997852,10861.697359022564
Salar Verde,Chile,Target Outline,,,Project,,,,,-21.41874,-69.74973,False,2024,pre-construction,8.27333446726083,3.353567513184137,36.028159025481386,True,True,True,True,22017.869982969278,,brine,True,1175.9516165826026,1081.8754872559944,mgLi_per_L,True,0.55,0.004799019348886382,0.0026394606418875103,36.028159025481386,611.1294770126015,127344.65785273709,336.1212123569308,False,22017.869982969278,pre-construction,1.0633381365633017,5.316690682816509,3.7216834779715557,1.5950072048449528,0.9193408809588167,2341462.9987146882,1639024.0991002817,702438.8996144065,2014.3095140128623,2207.661798112162
Salar West,Chile,Target Outline,,,Brine,,,,,-23.90146,-68.58717,False,2024,pre-construction,6.410256963916946,3.1786051939327904,31.05173322061439,True,True,True,True,597081.9162118848,brine,brine,False,471.3351032084224,433.62829495174867,mgLi_per_L,True,0.55,0.0019235028450234652,0.001057926564762906,31.05173322061439,19228.617995967405,9996667.301905047,10575.739897782074,False,597081.9162118848,pre-construction,1.099660590650666,5.49830295325333,3.848812067277331,1.6494908859759994,0.9214609233790879,184230765.65453923,128961535.95817745,55269229.69636178,5197.24443679658,5758.247909465697
Salinas II,Brazil,Target Outline,,,Project,,,,,-16.13575,-42.29876,False,2024,pre-construction,9.184959066180552,3.551753592894694,17.18961571451979,True,True,True,True,1463552.3749086023,,hard_rock,True,0.906346331118926,0.8338386246294119,pct_Li2O,True,0.65,0.020620829187085358,0.013403538971605483,17.18961571451979,85141.65756901496,4128915.3213265752,55342.07741985973,False,1463552.3749086023,pre-construction,0.8734445179067641,109.18056473834552,76.42639531684186,32.75416942150366,1.2337280738547287,1018791749.2979028,713154224.5085319,305637524.7893709,8145.6520527628845,9216.588733176972
Salinas II,Brazil,Target Outline,,,Project,,,,,-16.13575,-42.29876,False,2024,pre-construction,6.9376396140843735,2.639439570948383,26.003881172922913,True,True,True,True,2618467.62771801,,hard_rock,True,1.3338856104082137,1.2271747615755566,pct_Li2O,True,0.65,0.030348031853763512,0.019726220704946285,26.003881172922913,100695.26199975658,3318016.2221053285,65451.920299841775,False,2618467.62771801,pre-construction,1.254032112936075,156.75401411700938,109.72780988190655,47.026204235102824,0.9953577440383405,660522628.3034754,462365839.81243277,198156788.4910426,7946.479787570451,8334.56503566421
Sandawana,Zimbabwe,Preproduction - Commissioning,,,Project,,,,,-20.93028,29.90761,False,2024,construction,7.56378113029393,1.027718666633975,15.14586088105628,True,True,True,True,404589.95545385487,,hard_rock,True,1.2241061241675402,1.3220346141009434,pct_Li2O,True,0.65,0.03269391600671633,0.021251045404365617,15.14586088105628,26712.905831579155,817060.4532687827,17363.388790526453,False,404589.95545385487,construction,1.046815200706811,130.85190008835139,91.59633006184596,39.255570026505424,1.2040354818445438,196753955.30952,137727768.716664,59026186.59285602,6157.433556726127,
Shoobridge,Australia,Target Outline,,,Project,,,,,-13.55048,131.29841,False,2024,pre-construction,8.080422636403362,2.3043297856281377,18.29830036204291,True,True,True,True,3832685.5116449846,,hard_rock,True,1.157188175582343,1.0646131215357555,pct_Li2O,True,0.65,0.02632788249557923,0.0171131236221265,18.29830036204291,209455.82025723648,7955665.264474142,136146.2831672037,False,3832685.5116449846,pre-construction,1.1637172055040308,145.46465068800384,101.82525548160268,43.63939520640116,0.8775757360987319,1396339760.1252017,977437832.0876411,418901928.0375606,8500.181141677991,9060.679781352505
SourceRock,Canada,Target Outline,,,Project,,,,,49.74846,-89.11744,False,2024,pre-construction,4.951071670832643,2.522354425936724,21.285379897274964,True,True,True,True,231804.9036451615,,hard_rock,True,1.4168455906086352,1.3034979433599445,pct_Li2O,True,0.65,0.032235504139291424,0.020953077690539425,21.285379897274964,10890.334340466155,337836.63793215115,7078.717321303001,False,231804.9036451615,pre-construction,1.289616341060817,161.20204263260212,112.84142984282147,48.360612789780646,1.3502529255917415,91232981.747993,63863087.2235951,27369894.52439791,7693.478018524545,8298.980452904909
Spear Hill,Australia,Target Outline,,,Project,,,,,-21.497,119.4482,False,2024,pre-construction,9.31715855507945,3.109190368144674,31.2762968287528,True,True,True,True,517494.33491059043,,hard_rock,True,1.717830702021025,1.580404245859343,pct_Li2O,True,0.65,0.03908339700010156,0.02540420805006601,31.2762968287528,16545.895370670918,423348.4456488755,10754.831990936098,False,517494.33491059043,pre-construction,0.9312537536252574,116.40671920315718,81.48470344221002,34.92201576094716,1.1144324193438861,94358646.50198999,66051052.55139299,28307593.950597003,4582.1825649414295,4862.701864712471
Spear Hill,Australia,Target Outline,,,Project,,,,,-21.497,119.4482,False,2024,pre-construction,5.380962309852681,2.765109663103328,28.597596300839317,True,True,True,True,13018541.945125872,,hard_rock,True,1.6045585614880158,1.4761938765689746,pct_Li2O,True,0.65,0.03650627456755074,0.023729078468907983,28.597596300839317,455232.034475002,12469966.871931741,295900.8224087513,False,13018541.945125872,pre-construction,0.9119244027354001,113.99055034192502,79.7933852393475,34.197165102577515,1.2825141135871836,3198581701.843416,2239007191.2903914,959574510.5530248,4803.833848469333,5181.825097155622
Terra Cotta,Argentina,Target Outline,,,Project,,,,,-24.53509,-66.97581,False,2024,pre-construction,5.805055308297237,3.345120863006013,26.30271692643131,True,True,True,True,67132.44521779782,,brine,True,261.7597905584529,240.81900731377667,mgLi_per_L,True,0.55,0.0010682329799426944,0.0005875281389684819,26.30271692643131,2552.3007910387073,2389273.5376655627,1403.7654350712892,False,67132.44521779782,pre-construction,1.0275004736351774,5.137502368175887,3.5962516577231205,1.5412507104527662,1.1721788711479972,56013119.164892025,39209183.415424414,16803935.74946761,8744.266065614755,10261.297577201321
Troilus,Canada,Exploration,,,Project,,,,,50.74564,-74.92984,False,2024,pre-construction,4.588877667815227,2.338485468227627,18.54081144504505,True,True,True,True,607950.8742035807,,brine,True,1762.7732770858822,1621.7514149190117,mgLi_per_L,True,0.55,0.007193818984678251,0.003956600441573038,18.54081144504505,32789.874165192094,4558062.169068972,18034.430790855655,False,607950.8742035807,pre-construction,1.1814156058549028,5.907078029274514,4.1349546204921594,1.7721234087823543,0.7318564079764694,66716940.127765045,46701858.089435525,20015082.03832952,1492.968045801971,1692.4965482717398
Upper Coondina,Australia,Target Outline,,,Project,,,,,-21.85388,119.41458,False,2024,pre-construction,7.500351519736375,2.934977590834793,20.964837645303604,True,True,True,True,537566.5091179949,,hard_rock,True,1.4466524463329509,1.330920250626315,pct_Li2O,True,0.65,0.032913657797988764,0.0213938775686927,20.964837645303604,25641.338998798154,779048.5991005534,16666.8703492188,False,537566.5091179949,pre-construction,1.1870524334449872,148.3815541806234,103.86708792643637,44.51446625418703,0.5987233822533964,93286922.43865071,65300845.707055494,27986076.73159522,6935.701754120604,7202.679588079764
Yalgoo-Dalgaranga,Australia,Target Outline,,,Project,,,,,-28.13512,116.72301,False,2024,pre-construction,5.1824712698512805,1.1340490817536137,30.605998111542327,True,True,True,True,591555.2565391555,,hard_rock,True,1.0929879290121582,1.0055488946911857,pct_Li2O,True,0.65,0.024867224165713023,0.016163695707713466,30.605998111542327,19328.08250145139,777251.3076912295,12563.253625943404,False,591555.2565391555,pre-construction,0.7442970170175223,93.03712712719029,65.1259889890332,27.911138138157085,1.2404302301382337,192825203.694935,134977642.58645448,57847561.10848051,5755.931614252804,6257.413354549086
Yalgoo-Dalgaranga,Australia,Target Outline,,,Project,,,,,-28.13512,116.72301,False,2024,pre-construction,6.702585193211082,3.415829296630146,25.275583246883553,True,True,True,True,273143.68579638016,,hard_rock,True,1.1049785732088857,1.016580287352175,pct_Li2O,True,0.65,0.025140030506219286,0.016341019829042538,25.275583246883553,10806.622467557041,429857.1739952199,7024.304603912077,False,273143.68579638016,pre-construction,1.2405395134525128,155.0674391815641,108.54720742709488,46.520231754469236,0.9102978079638179,78259608.64507402,54781726.05155181,23477882.593522213,9489.459091529045,9930.25052906296
Yandal,Australia,Reserves Development,,,Project,,,,,-26.93465,121.00305,False,2024,pre-construction,4.7484216677210265,3.9621513215932644,21.489796041442325,True,True,True,True,2121139.1973956055,,hard_rock,True,0.986839621322188,0.9078924516164131,pct_Li2O,True,0.65,0.022452180328473896,0.014593917213508032,21.489796041442325,98704.48250439708,4396209.234932069,64157.913627858106,False,2121139.1973956055,pre-construction,0.9354397893865972,116.92997367332465,81.85098157132725,35.0789921019974,0.92412762322114,812531678.2921197,568772174.8044838,243759503.48763597,8012.240439811118,8601.569389730517
Yilmia,Australia,Target Outline,,,Project,,,,,-31.19576,121.1958,False,2024,pre-construction,5.235307682486678,3.9366378640140796,15.253885113932235,True,True,True,True,106896.99078109204,,hard_rock,True,1.6268677294801603,1.4967183111217475,pct_Li2O,True,0.65,0.03701384383404081,0.02405899849212653,15.253885113932235,7007.8534080119025,189330.60396086003,4555.104715207737,False,106896.99078109204,pre-construction,1.0764492592314738,134.55615740393424,94.18931018275396,40.36684722118028,0.8473638116233194,32086380.445843898,22460466.31209073,9625914.13375317,5592.7580463487975,6054.545247875023
Yindi,Australia,Target Outline,,,Project,,,,,-30.65763,122.44997,False,2024,pre-construction,5.357646827297791,3.9987343972137444,14.291309286166474,True,True,True,True,68911.11978648731,,hard_rock,True,1.398368799349407,1.2864992954014545,pct_Li2O,True,0.65,0.03181512757527797,0.02067983292393068,14.291309286166474,4821.889891725389,151559.65916893736,3134.228429621503,False,68911.11978648731,pre-construction,0.8199134510591802,102.48918138239753,71.74242696767827,30.746754414719263,0.89602174958337,27160150.1949621,19012105.13647347,8148045.05848863,4955.99658659704,5562.355133421603
Mt Alexander,Australia,Target Outline,,,Project,,,,,-28.84153,120.24519,False,2024,pre-construction,4.820092282028574,2.252619622843059,40.47497055614694,True,True,True,True,1563421.5343024137,,hard_rock,True,1.3107084595359269,1.2058517827730528,pct_Li2O,True,0.65,0.029820714587977592,0.019383464482185437,40.47497055614694,38626.87267761277,1295303.38931534,25107.467240448303,False,1563421.5343024137,pre-construction,0.876053516734503,109.50668959181289,76.65468271426901,32.85200687754387,1.063847198287895,275600976.3311878,192920683.43183145,82680292.89935634,5649.490043044477,5920.6910548926135
Destiny,Australia,Target Outline,,,Project,,,,,-31.40026,120.9668,False,2024,pre-construction,3.700634133459568,4.614474785572119,23.528243165288313,True,True,True,True,85544.9262949623,,hard_rock,True,0.842776630352057,0.7753544999238925,pct_Li2O,True,0.65,0.01917451678311786,0.012463435909026611,23.528243165288313,3635.8399432546003,189618.3348127846,2363.2959631154904,False,85544.9262949623,pre-construction,1.056486411258847,132.06080140735588,92.44256098514911,39.61824042220677,1.1960027316689446,45356809.28212138,31749766.497484967,13607042.784636416,10595.858346871362,11411.56664904788
Lijiagou,China,Preproduction,,,Project,,2022.0,,,30.61652,99.89374,False,2024,construction,7.164036682783598,3.1055239363621743,38.649732158581614,True,True,True,True,1291894.9644032791,,brine,True,383.5549923293125,414.2393917156575,mgLi_per_L,True,0.55,0.0018374969017520375,0.0010106232959636208,38.649732158581614,33425.71583944166,18190896.435020123,18384.143711692916,False,1291894.9644032791,construction,0.7651766374960826,3.8258831874804127,2.678118231236289,1.147764956244124,0.9442429184811656,343532502.7918406,240472751.95428842,103059750.83755219,3785.6669272920976,
Ancasti,Argentina,Grassroots,,,Project,,,,,-28.802862,-65.49629,False,2024,pre-construction,8.681824445297128,2.2184573541421395,19.85365760029458,True,True,True,True,697543.1174504393,,brine,True,1407.5069885479124,1294.9064294640796,mgLi_per_L,True,0.55,0.005743989103364414,0.003159194006850428,19.85365760029458,35134.23730245501,6116696.37079846,19323.83051635026,False,697543.1174504393,pre-construction,1.1288336466943114,5.644168233471557,3.95091776343009,1.6932504700414674,0.6459562611765957,79022366.3686685,55315656.458067946,23706709.91060055,1786.5848761528055,1992.5607164511994
Wabissane,Canada,Reserves Development,,,Project,,,,,51.457184,-73.855098,False,2024,pre-construction,4.7797387464984435,1.8534825713740912,27.82675519974445,True,True,True,True,203852.5570485665,,hard_rock,True,1.5880675421973254,1.4610221388215394,pct_Li2O,True,0.65,0.03613107749305667,0.023485200370486837,27.82675519974445,7325.7753405053345,202755.5182076464,4761.753971328468,False,203852.5570485665,pre-construction,0.9223688871326917,115.29611089158647,80.70727762411052,34.58883326747595,1.1275081047103415,45721698.01077331,32005188.607541315,13716509.403231993,4909.309227630679,5254.367807621755
Separation Rapids,Canada,Grassroots,,,Project,,,,,51.18859,-94.31138,False,2024,pre-construction,4.50901262737921,1.7535286439092581,20.110052129989576,True,True,True,True,367041.81737368414,,brine,True,1778.331431702618,1636.0649171664086,mgLi_per_L,True,0.55,0.007257311295063996,0.003991521212285198,20.110052129989576,18251.6591703074,2514934.033864735,10038.412543669072,False,367041.81737368414,pre-construction,1.0424007705732854,5.212003852866427,3.648402697006499,1.5636011558599283,1.0619706212390676,53415721.16637214,37391004.8164605,16024716.349911645,1305.7687973258917,1570.3694189245214
Durham,United Kingdom,Exploration,,,DLE,2028.0,2029.0,,,54.7413,-2.08279,False,2024,pre-construction,5.221521804742144,1.0,38.1224710204894,False,True,True,True,560373.6938657364,brine,brine,False,760.3840021750507,699.5532820010467,mgLi_per_L,True,0.55,0.0031031017667429764,0.0017067059717086371,38.1224710204894,14699.301458306743,4736970.477682776,8084.61580206871,False,560373.6938657364,pre_construction,1.0224796724085812,5.112398362042906,3.578678853430034,1.5337195086128719,0.8843105467830298,83779059.0642945,58645341.345006146,25133717.719288357,2995.4769285331104,
Viento Andino,Chile,Prefeas/Scoping,371416.0,tonnes,Brine,2027.0,2028.0,2040.0,08/24/2023,-27.45286,-69.19734,False,2023,pre-construction,4.076440440905104,1.0,12.0,False,False,False,True,371416.0,brine,brine,False,1022.5249891139133,940.7229899848003,mgLi_per_L,True,0.55,0.004172890396407577,0.0022950897180241676,12.0,30951.333333333332,7417240.903326672,17023.233333333334,False,371416.0,pre_construction,0.9202449520366064,4.601224760183032,3.2208573321281224,1.3803674280549099,0.7715217794200693,114451258.00243832,80115880.60170682,34335377.400731504,2004.812589263049,
Llamara,Chile,Target Outline,,,Project,,,,,-21.5477,-69.33563,False,2024,pre-construction,6.498664633559559,3.6938845848994886,26.652747226318247,True,True,True,True,1444288.8302919678,,brine,True,485.9789928857184,447.10067345486095,mgLi_per_L,True,0.55,0.001983264070666854,0.0010907952388667698,26.652747226318247,54189.116717611956,27323197.91352413,29804.014194686577,False,1444288.8302919678,pre-construction,1.217759803833132,6.088799019165661,4.262159313415962,1.8266397057496988,0.7647877096621318,417928919.0585851,292550243.34100956,125378675.71757555,5581.981660913126,6108.102715086958
Fort Cady,USA,Construction Started,124000.0,tonnes,"Brine, In-Situ Leach",2022.0,2026.0,2055.0,04/01/2023,34.75596,-116.41639,False,2023,construction,5.298865899805277,4.0,29.0,False,False,False,True,124000.0,brine,brine,False,1909.5992919354198,2062.3672352902536,mgLi_per_L,True,0.55,0.009148317327875017,0.005031574530331259,29.0,4275.862068965517,467393.28290864173,2351.724137931035,False,124000.0,construction,1.420767489418585,7.103837447092926,4.972686212965048,2.131151234127878,1.285204021257788,12013914.534061305,8409740.173842913,3604174.3602183927,1411.8517780606614,
Salt Wells,USA,Target Outline,,,Project,,,,,39.27747,-118.45553,False,2024,pre-construction,6.086785132316202,3.039191200350765,32.00218349520581,True,True,True,True,220549.40706849124,,brine,True,1484.8671688774689,1366.0777953672714,mgLi_per_L,True,0.55,0.006059693420616654,0.00333283138133916,32.00218349520581,6891.698721167927,1137301.5502270418,3790.43429664236,False,220549.40706849124,pre-construction,1.0992338487603572,5.496169243801786,3.84731847066125,1.648850773140536,0.8839470657868976,20106287.364761673,14074401.15533317,6031886.209428502,1649.0991037156457,1814.8528303007995
Clayton Valley,USA,Reserves Development,122368.0,tonnes,Project,,,,03/13/2024,37.80756,-117.58813,False,2024,pre-construction,8.184717521368587,2.141303275401648,26.878962749360486,True,True,False,True,122368.0,,brine,True,664.3342852872759,611.1875424642939,mgLi_per_L,True,0.55,0.002711126073781197,0.0014911193405796586,26.878962749360486,4552.556627316708,1679212.4391940485,2503.9061450241893,False,122368.0,pre-construction,0.7730981172712361,3.865490586356181,2.7058434104493263,1.1596471759068545,1.2729133971585884,42749840.21050912,29924888.147356384,12824952.063152738,2592.3415256980757,3227.531952941519
Salt Wells,USA,Exploration,,,Project,,,,,39.34144,-118.56635,False,2024,pre-construction,7.798926741629944,3.5425332855828158,22.378816811268944,True,True,True,True,456874.0341913422,,brine,True,431.38846438875595,396.8773872376555,mgLi_per_L,True,0.55,0.0017604819435550335,0.0009682650689552685,22.378816811268944,20415.46870169121,11596522.632015858,11228.507785930167,False,456874.0341913422,pre-construction,1.0184540584740642,5.092270292370321,3.5645892046592245,1.5276810877110965,0.9512835585810583,220631626.33099648,154442138.43169752,66189487.899298966,5259.169679501855,6137.198154507942
Kings Mountain,USA,Prefeas/Scoping,1113000.0,tonnes,Project,,2026.0,,12/31/21,35.22361,-81.34778,False,2021,pre-construction,8.344309831714956,1.1802393780561726,26.25115199759065,True,True,False,True,1113000.0,,brine,True,1248.4690986845467,1148.591570789783,mgLi_per_L,True,0.55,0.005094960776095012,0.002802228426852257,26.25115199759065,42398.139331262566,8321583.068939394,23318.97663219441,False,1113000.0,pre_construction,0.9667059126373295,4.833529563186648,3.3834706942306534,1.4500588689559946,1.1922034131350403,198420394.74952617,138894276.32466832,59526118.424857855,1724.8877774807786,
Silver Peak,USA,Operating,447000.0,tonnes,Brine,,1967.0,2054.0,12/31/23,37.77544,-117.57931,False,2023,operation,8.492359488140053,3.3514991844043744,87.0,True,False,False,True,447000.0,brine,brine,False,1965.0655967879293,2259.8254363061187,mgLi_per_L,True,0.55,0.010024208997881225,0.005513314948834674,31.0,14419.354838709678,1438453.1329860976,7930.645161290324,False,432580.6451612903,operation,1.146327381813149,5.731636909065745,4.012145836346021,1.7194910727197241,0.8306006937032515,23895603.402357362,16726922.381650152,7168681.0207072105,1039.5990365609744,
Antofalla,Argentina,Reserves Development,,tonnes,Project,,,,12/31/2024,-25.32553,-67.4633,False,2024,pre-construction,6.211026207932739,2.1499935326257513,17.230507533232952,True,True,True,True,54599.39655050283,,brine,True,525.9859767949504,483.9070986513544,mgLi_per_L,True,0.55,0.0021465312384342998,0.001180592181138865,17.230507533232952,3168.763104928597,1476225.012797821,1742.8197077107284,False,54599.39655050283,pre-construction,1.0092486451183451,5.046243225591725,3.5323702579142076,1.5138729676775178,0.7761253168317128,22914712.115452163,16040298.480816513,6874413.63463565,4274.332242929,5037.401353017947
TLC,USA,Prefeas/Scoping,4300000.0,tonnes,Open Pit,,2028.0,2068.0,10/06/2022,38.15412,-117.27217,False,2022,pre-construction,5.826333746596798,2.127164586009025,40.0,True,False,False,True,4300000.0,hard_rock,hard_rock,False,0.9488222179956964,0.8729164405560408,pct_Li2O,True,0.65,0.021587223574950888,0.014031695323718077,40.0,107500.0,4979797.407793539,69875.0,False,4300000.0,pre_construction,1.379175940028187,172.3969925035234,120.67789475246637,51.71909775105702,0.9602762968535125,956396282.76734,669477397.937138,286918884.830202,12286.255404371348,
Railroad Valley,USA,Exploration,,,Project,,,,,38.31142,-115.7704,False,2024,pre-construction,3.7256805901489827,4.133245051110833,14.328438012914374,True,True,True,True,405242.52358244464,,brine,True,1483.302717953779,1364.6385005174766,mgLi_per_L,True,0.55,0.0060533089485454395,0.0033293199216999922,14.328438012914374,28282.393601954045,4672220.407443448,15555.316481074726,False,405242.52358244464,pre-construction,1.1095744727620773,5.547872363810386,3.88351065466727,1.6643617091431162,0.7058875491155149,65961244.24675496,46172870.97272847,19788373.27402649,1666.368055424837,1962.313145130362
Thompson Valley,USA,Exploration,,,Project,,,,,34.49449,-112.85723,False,2024,pre-construction,4.19757185977339,4.237209327432829,19.761826404943434,True,True,True,True,23304.053069851216,,brine,True,1410.089800012296,1297.2826160113125,mgLi_per_L,True,0.55,0.005754529470856847,0.003164991208971266,19.761826404943434,1179.2459154494795,204924.81990432666,648.5852534972138,False,23304.053069851216,pre-construction,1.0939135167195715,5.469567583597858,3.8286973085185,1.6408702750793576,0.7640892914521431,3131617.2088331,2192132.04618317,939485.16264993,1728.1462166764313,1972.4749372444362
Paradox,USA,Feasibility Complete,607600.0,tonnes,Brine,2024.0,2027.0,2048.0,10/16/2023,38.5685,-109.73452,False,2023,pre-construction,5.918005245056148,3.0,21.0,False,False,False,True,607600.0,brine,brine,False,589.9034795848168,542.7112012180314,mgLi_per_L,True,0.55,0.002407376436736318,0.001324057040204975,21.0,28933.333333333332,12018616.15483712,15913.333333333334,False,607600.0,construction,0.9498506806942111,4.749253403471055,3.3244773824297384,1.4247760210413167,1.0979043976181067,263905830.59359387,184734081.4155157,79171749.17807817,3586.894868770783,
Tonopah,USA,Exploration,,,"Placer, Brine",,,,,37.85548,-117.68205,False,2024,pre-construction,7.755070304305865,2.3523705851630643,36.95386209098435,True,True,True,True,597049.9566324592,brine,brine,False,563.1834795966936,518.1288012289581,mgLi_per_L,True,0.55,0.0022983330074514536,0.0012640831540982995,36.95386209098435,16156.632158296703,7029717.671858294,8886.147687063187,False,597049.9566324592,pre-construction,0.8751038453136643,4.375519226568321,3.0628634585978247,1.3126557679704964,1.3677523903135216,192298262.97826773,134608784.0847874,57689478.89348033,3461.417243305867,4047.0185008406106
Big Sandy,USA,Feasibility Started,130000.0,tonnes,Project,2027.0,2028.0,2047.0,09/26/2019,34.70922,-113.56947,False,2019,pre-construction,5.543791928658472,1.0,19.0,False,False,False,True,130000.0,,brine,True,580.271625078657,533.8498950723645,mgLi_per_L,True,0.55,0.0023680691595584966,0.0013024380377571732,19.0,6842.105263157895,2889318.175332995,3763.1578947368425,False,130000.0,pre_construction,0.9873521673845241,4.936760836922621,3.4557325858458343,1.4810282510767863,1.036454580329633,59892941.13707081,41925058.79594956,17967882.34112125,3790.3997685938525,
Lordburg,USA,Target Outline,,,Project,,,,,32.33787,-108.91894,False,2024,pre-construction,3.228497422325571,2.664207345432647,12.873802692899254,True,True,True,True,292104.60126333404,,brine,True,653.677923059575,601.3836892148091,mgLi_per_L,True,0.55,0.0026676378147420243,0.0014672007981081136,12.873802692899254,22689.846056476294,8505594.699207895,12479.415331061962,False,292104.60126333404,pre-construction,1.0309151268230488,5.154575634115243,3.60820294388067,1.5463726902345734,0.7178634908802636,122117118.0557209,85481982.63900462,36635135.41671628,3513.2039464276645,4273.312218524043
Red Mountain,USA,Target Outline,,,Project,,,,,38.70016,-115.41006,False,2024,pre-construction,4.724019572607103,1.969967208062509,24.541755980168325,True,True,True,True,24171986.61587449,,brine,True,791.8543459019202,728.5059982297665,mgLi_per_L,True,0.55,0.003231531190480873,0.0017773421547644802,24.541755980168325,984933.0518731978,304788347.63362855,541713.1785302588,False,24171986.61587449,pre-construction,1.0745300551743668,5.372650275871834,3.7608551931102836,1.6117950827615504,0.8137204391054191,4960250161.413028,3472175112.989119,1488075048.4239087,3022.856494721342,3395.9593265420326
Kibby Basin,USA,Target Outline,,,Brine,,,,,38.33516,-117.77352,False,2024,pre-construction,7.101546039298176,2.3764189584861133,30.51126871776587,True,True,True,True,5925174.247024302,brine,brine,False,586.62577409606,539.6957121683753,mgLi_per_L,True,0.55,0.0023940002298935515,0.0013167001264414535,30.51126871776587,194196.25915372826,81117894.94788943,106807.94253455054,False,5925174.247024302,pre-construction,1.030638421000548,5.15319210500274,3.6072344735019173,1.5459576315008223,1.035849784197291,1680519079.5261958,1176363355.6683369,504155723.8578589,3913.717331318168,4429.396551559948
Gabriel,USA,Target Outline,,,Project,,,,,38.10597,-117.26297,False,2024,pre-construction,4.4892453926122755,1.6809926412123999,32.760853071758504,True,True,True,True,489796.38106704305,,brine,True,691.7939441609649,636.4504286280877,mgLi_per_L,True,0.55,0.002823188026322759,0.0015527534144775177,32.760853071758504,14950.660167310236,5295665.760804347,8222.86309202063,False,489796.38106704305,pre-construction,0.9588832150540889,4.794416075270444,3.3560912526893105,1.4383248225811336,0.9716476298663761,102910421.70100126,72037295.19070087,30873126.510300383,3087.68670580171,3469.702304264396
Valley Springs,USA,Exploration,,,Project,,,,,40.73064,-117.67557,False,2024,pre-construction,4.671546796286491,4.529246893731726,17.98275652372514,True,True,True,True,3278348.540386,,brine,True,963.2198688091328,886.1622793044022,mgLi_per_L,True,0.55,0.003930868177281111,0.0021619774975046115,17.98275652372514,182305.1174640988,46377825.264594585,100267.81460525435,False,3278348.540386,pre-construction,1.007454420019417,5.037272100097086,3.52609047006796,1.5111816300291259,1.6171144704280986,1499965046.8472352,1049975532.7930646,449989514.0541706,2329.9373401948837,3161.8224013741246
Columbus,USA,Target Outline,,,Project,,,,,38.07408,-117.94173,False,2024,pre-construction,4.999376127407817,2.374904165871514,11.701364169533765,True,True,True,True,1031230.3893802911,,brine,True,992.2317947378772,912.853251158847,mgLi_per_L,True,0.55,0.00404926487993212,0.002227095683962666,11.701364169533765,88129.07404978064,21764215.644805633,48470.99072737936,False,1031230.3893802911,pre-construction,0.9329600846380176,4.664800423190088,3.2653602962330615,1.3994401269570265,1.4607216655572164,635829226.5245383,445080458.56717676,190748767.95736152,2094.5666846653035,3215.6092286406065
Angel Island,USA,Feasibility Complete,2697332.0,tonnes,Open Pit,2025.0,2026.0,2065.0,4/29/24,37.7434,-117.52684,False,2024,pre-construction,6.302016519730165,1.0,39.0,False,False,False,True,2697332.0,hard_rock,hard_rock,False,1.2588458626350332,1.1581381936242305,pct_Li2O,True,0.65,0.02864075752832722,0.018616492393412693,39.0,69162.35897435897,2414822.963601914,44955.53333333333,False,2697332.0,pre_construction,0.8620506074690325,107.75632593362906,75.42942815354033,32.32689778008873,0.941980983071791,454943461.8396133,318460423.2877293,136483038.551884,5788.218513803267,
Mustang,USA,Target Outline,,,Project,,,,,38.25383,-117.76866,False,2024,pre-construction,7.607134441088679,2.4046011205449163,21.312722714592407,True,True,True,True,85787.79108976157,,brine,True,1958.4371584265625,1801.7621857524375,mgLi_per_L,True,0.55,0.00799231676230019,0.004395774219265104,21.312722714592407,4025.191536463069,503632.6332121775,2213.8553450546883,False,85787.79108976157,pre-construction,0.8779853937970103,4.389926968985051,3.0729488782895356,1.3169780906955157,1.5235609234793694,15346299.995021833,10742409.996515283,4603889.99850655,998.6698019533336,1323.9184564864431
Lithic,USA,Exploration,,,Project,,,,,37.93187,-117.67099,False,2024,pre-construction,4.750579253844527,3.329685289289504,18.652464791741025,True,True,True,True,9329.74126661825,,brine,True,531.41677663164,488.90343450110885,mgLi_per_L,True,0.55,0.002168694151541169,0.001192781783347643,18.652464791741025,500.1881183418339,230640.23019860976,275.10346508800865,False,9329.74126661825,pre-construction,1.0767397323712742,5.383698661856371,3.76858906329946,1.6151095985569115,0.8264066285813886,3812052.3010733686,2668436.610751358,1143615.6903220108,4513.565462700617,5256.4589670005535
Green River,USA,Target Outline,,,Project,,,,,38.97709,-110.14374,False,2024,pre-construction,6.255854647900407,3.1292340052621133,19.391068699687626,True,True,True,True,4262409.424391447,,brine,True,1490.077626703646,1370.8714165673543,mgLi_per_L,True,0.55,0.006080957125323356,0.0033445264189278464,19.391068699687626,219813.0227066913,36147767.230804585,120897.16248868022,False,4262409.424391447,pre-construction,1.1149830863931252,5.574915431965626,3.9024408023759376,1.6724746295896882,0.8267988521375712,597738649.0753069,418417054.3527148,179321594.72259212,1666.8773792352863,1921.8499629467747
Solar,USA,Target Outline,,,Project,2025.0,2027.0,,,38.2617,-117.29368,False,2024,pre-construction,5.943883810852301,2.0,29.86049698875224,False,True,True,True,1219841.5712709469,,brine,True,618.1941558321371,568.7386233655661,mgLi_per_L,True,0.55,0.002522829743479091,0.0013875563589135001,29.86049698875224,40851.348580381404,16192669.634553155,22468.241719209775,False,1219841.5712709469,pre_construction,0.9680286708862325,4.840143354431162,3.3881003481018133,1.4520430063293488,1.3337097367546784,431926423.11310726,302348496.1791751,129577926.93393219,3488.24991744562,
Railroad Valley,USA,Exploration,,,Project,,,,,38.31142,-115.7704,False,2024,pre-construction,5.592080675269248,1.3022182322310367,19.417619661086743,True,True,True,True,20816.46797923931,,brine,True,585.6046309657725,538.7562604885106,mgLi_per_L,True,0.55,0.0023898329788169517,0.0013144081383493235,19.417619661086743,1072.0401543839014,448583.71437931934,589.6220849111459,False,20816.46797923931,pre-construction,0.9797179120746257,4.898589560373129,3.42901269226119,1.4695768681119388,0.8108048457882318,7274276.987208725,5091993.891046107,2182283.096162618,3726.8405584622574,4362.200897773991
Alkali Lake,USA,Exploration,,,Brine,,,,,37.86847,-117.39326,False,2024,pre-construction,6.16786199725953,2.2796104132552717,18.691302134293796,True,True,True,True,1861557.5797614276,brine,brine,False,1464.0430564090075,1346.9196118962868,mgLi_per_L,True,0.55,0.005974710911769946,0.0032860910014734707,18.691302134293796,99594.85788557994,16669401.977153735,54777.17183706897,False,1861557.5797614276,pre-construction,1.0853916548290736,5.426958274145369,3.798870791901758,1.6280874822436107,0.8940155690470405,298054097.88557917,208637868.51990542,89416229.36567375,1651.4936049281475,1942.602806975819
Teels Marsh,USA,Exploration,,,Brine,,,,,38.19798,-118.37599,False,2024,pre-construction,7.449342893495263,3.20832531633587,20.41981654978159,True,True,True,True,2999093.2565719793,brine,brine,False,961.4685873520946,884.551100363927,mgLi_per_L,True,0.55,0.003923721256030987,0.002158046690817043,20.41981654978159,146871.70422224276,37431737.536526695,80779.43732223353,False,2999093.2565719793,pre-construction,0.9797510195365045,4.898755097682522,3.4291285683777653,1.4696265293047568,1.380353500210141,1033380598.5498388,723366418.9848871,310014179.56495166,2269.994953551185,2896.4755777958444
Gabbs Valley,USA,Exploration,,,Project,,,,,38.88635,-118.32593,False,2024,pre-construction,4.744944925634745,3.159493396149901,24.43591313107845,True,True,True,True,187424.93936057764,,brine,True,1126.089580241535,1036.0024138222122,mgLi_per_L,True,0.55,0.004595534040646364,0.0025275437223555002,24.43591313107845,7670.060797613658,1669024.911963194,4218.533438687512,False,187424.93936057764,pre-construction,1.6020266311475848,8.010133155737924,5.607093209016546,2.4030399467213774,0.9209294198435451,30741082.877573762,21518758.01430163,9222324.86327213,3169.137326840392,3467.3520582945416
Fort Cady,USA,Construction Started,124000.0,tonnes,"Brine, In-Situ Leach",,2026.0,2055.0,04/01/2023,34.75596,-116.41639,False,2023,construction,5.805145447191276,3.8148875375743256,29.0,True,False,False,True,124000.0,brine,brine,False,1491.8272178813854,1611.1733953118965,mgLi_per_L,True,0.55,0.007146896652704354,0.0039307931589873946,29.0,4275.862068965517,598282.3422173804,2351.724137931035,False,124000.0,pre_construction,1.0194713474169603,5.097356737084802,3.5681497159593607,1.529207021125441,1.3164225169574282,15751846.935859784,11026292.855101848,4725554.080757936,1296.7756203172805,
West Tonopah,USA,Reserves Development,266935.0,tonnes,Project,,,,11/01/2023,38.09889,-117.3087,False,2023,pre-construction,4.170849202948782,1.802729665954152,25.398003063477116,True,True,False,True,266935.0,,brine,True,1230.4218778490158,1131.9881276210947,mgLi_per_L,True,0.55,0.00502131066943924,0.0027617208681915825,25.398003063477116,10510.078266108187,2093094.603780393,5780.543046359503,False,266935.0,pre-construction,0.9250452241400355,4.6252261207001775,3.237658284490124,1.3875678362100534,1.1548948787852091,48346084.77437864,33842259.34206505,14503825.432313591,1674.7623461776016,2004.063383198045
Smackover,USA,Feasibility Complete,1874000.0,tonnes,Brine,,2026.0,2051.0,8/18/23,33.23241,-93.55148,False,2023,pre-construction,5.872447992744932,2.7231424621292115,25.0,True,False,False,True,1874000.0,brine,brine,False,1213.364592963324,1116.295425526258,mgLi_per_L,True,0.55,0.004951700458396892,0.002723435252118291,25.0,74960.0,15138233.952113537,41228.0,False,1874000.0,pre_construction,0.762143476866912,3.81071738433456,2.667502169034192,1.1432152153003683,0.9199651511120343,278532953.7065091,194973067.59455636,83559886.11195275,1399.2318640109324,
Arkansas,USA,Exploration,,,Project,,2027.0,,,33.17953,-93.41422,False,2024,pre-construction,7.295425173194385,2.7972337397278078,35.375182907880415,True,True,True,True,2408823.6819911264,,brine,True,707.8220042568846,651.1962439163339,mgLi_per_L,True,0.55,0.0028885980053055373,0.0015887289029180456,35.375182907880415,68093.60359390595,23573236.382784057,37451.481976648276,False,2408823.6819911264,pre_construction,1.0320264582067065,5.160132291033532,3.612092603723472,1.5480396873100601,1.1402702167502143,537597187.1940243,376318031.035817,161279156.1582073,3247.9627465427416,
Teels Marsh West,USA,Exploration,,,Project,,,,,38.16552,-118.404,False,2024,pre-construction,9.77541409841587,3.02622579159319,32.726677391162056,True,True,True,True,30887.517405935276,,brine,True,688.9248839266963,633.8108932125607,mgLi_per_L,True,0.55,0.0028114794871420506,0.0015463137179281279,32.726677391162056,943.8024226155188,335696.00167167536,519.0913324385353,False,30887.517405935276,pre-construction,1.166201302675034,5.83100651337517,4.081704559362619,1.7493019540125516,1.2571921340707828,8440687.454812853,5908481.218368997,2532206.236443856,3770.9078343998713,4267.765651154905
Dixie Valley,USA,Grassroots,,,Project,,,,,39.81234,-117.94493,False,2024,pre-construction,5.716223265972237,2.676733059801596,41.69271758388494,True,True,True,True,416739.0385267946,,brine,True,878.8209739753931,808.5152960573618,mgLi_per_L,True,0.55,0.003586439100761114,0.0019725415054186127,41.69271758388494,9995.487525808881,2787022.7947513843,5497.518139194885,False,416739.0385267946,pre-construction,0.9915861375852226,4.957930687926114,3.4705514815482794,1.4873792063778342,1.1837335245714344,65981846.31783971,46187292.422487795,19794553.895351917,2513.4734424125295,2801.344225359229
Black Rock Desert,USA,Exploration,,,Brine,,,,,40.676,-119.331,False,2024,pre-construction,5.038258271986689,3.54307115190134,40.30479314829823,True,True,True,True,646500.5583512012,brine,brine,False,758.064827672114,697.4196414583449,mgLi_per_L,True,0.55,0.0030936372929023085,0.0017015005110962698,40.30479314829823,16040.289698856775,5184928.99463612,8822.159334371227,False,646500.5583512012,pre-construction,1.2046346820576592,6.023173410288296,4.216221387201807,1.806952023086489,0.8459020364729746,87718839.91060933,61403187.93742653,26315651.973182805,3539.918660622435,3786.6141936382496
Nevada,USA,Reserves Development,,,Project,,,,,38.12123,-117.42631,False,2024,pre-construction,6.163676938408574,1.9135104572722952,26.840672363356067,True,True,True,True,2358566.1695878995,,brine,True,571.1774651739393,525.4832679600241,mgLi_per_L,True,0.55,0.0023309561961260077,0.0012820259078693043,26.840672363356067,87872.84229168216,37698195.46061169,48330.06326042519,False,2358566.1695878995,pre-construction,0.9148861912178097,4.574430956089048,3.202101669262334,1.3723292868267145,1.2119813636940424,913790206.8631344,639653144.804194,274137062.0589404,3568.126765621797,4272.553362244035
Clayton Valley,USA,Reserves Development,122368.0,tonnes,Project,,,,03/13/2024,37.80756,-117.58813,False,2024,pre-construction,5.31079131605051,1.6964283094376422,30.76645974461501,True,True,False,True,122368.0,,brine,True,1176.1192712180305,1082.029729520588,mgLi_per_L,True,0.55,0.004799703541865075,0.0026398369480257916,30.76645974461501,3977.3181905148454,828659.136095171,2187.525004783165,False,122368.0,pre-construction,0.9849480013322255,4.9247400066611275,3.447318004662789,1.4774220019983386,0.6252793747817849,10362869.330496049,7254008.531347234,3108860.7991488148,1865.5470408292097,2019.5217776958898
Clayton Valley,USA,Target Outline,,,Brine,,,,,37.63017,-117.519,False,2024,pre-construction,4.279856807488182,2.5836589675668655,22.12912759940351,True,True,True,True,1210209.0711357228,brine,brine,False,1245.6298335418714,1145.9794468585217,mgLi_per_L,True,0.55,0.005083373829689926,0.002795855606329459,22.12912759940351,54688.51249103665,10758310.19383686,30078.68187007016,False,1210209.0711357228,pre-construction,0.9725772361718529,4.862886180859264,3.4040203266014846,1.4588658542577795,0.9401359897920027,202285492.0514442,141599844.43601093,60685647.615433276,1739.3195019979973,2043.2271593623102
Lithium King,USA,Target Outline,,,Project,,,,,40.74751,-112.81468,False,2024,pre-construction,5.920471843591141,1.8455453073893562,26.462612946223995,True,True,True,True,890442.6607589764,,brine,True,1534.294373836784,1411.5508239298413,mgLi_per_L,True,0.55,0.006261404196482121,0.003443772308065167,26.462612946223995,33649.083050433816,5374047.41724533,18506.9956777386,False,890442.6607589764,pre-construction,0.8934194158196923,4.467097079098462,3.126967955368923,1.3401291237295387,1.0098296358627732,108537446.92932257,75976212.8505258,32561234.078796774,1297.152273579967,1518.7732956798775
Columbus Marsh,USA,Target Outline,,,Project,,,,,38.095,-117.9833,False,2024,pre-construction,7.3485379854136585,2.771804302388304,40.24223201309814,True,True,True,True,1585632.910754648,,brine,True,1063.8317035418795,978.7251672585292,mgLi_per_L,True,0.55,0.004341461721097626,0.0023878039466036943,40.24223201309814,39402.21084751344,9075793.679358209,21671.215966132393,False,1585632.910754648,pre-construction,0.8005982545832016,4.002991272916008,2.8020938910412054,1.2008973818748023,1.2088600111001109,219427280.9594256,153599096.6715979,65828184.2878277,1676.432136989171,1928.0406208617878
Salt Wells,USA,Target Outline,,,Project,,,,,39.27747,-118.45553,False,2024,pre-construction,8.047938284290016,3.1635478471273224,25.692467080080466,True,True,True,True,194157.10704490717,,brine,True,892.6344364846257,821.2236815658556,mgLi_per_L,True,0.55,0.0036428113808125414,0.0020035462594468977,25.692467080080466,7556.966267184143,2074487.3882266548,4156.331446951279,False,194157.10704490717,pre-construction,0.8668244994320351,4.334122497160175,3.033885748012122,1.3002367491480529,1.3186203921576036,54709227.46778869,38296459.22745208,16412768.240336612,2163.2255690251245,2675.5494503533505
New San Emidio,USA,Exploration,,,Project,,,,,40.3999,-119.4392,False,2024,pre-construction,9.12472379760128,1.8206808567835957,23.647017178199906,True,True,True,True,7843838.59663559,,brine,True,728.9582203021887,670.6415626780137,mgLi_per_L,True,0.55,0.002974854198445889,0.0016361698091452391,23.647017178199906,331705.201443622,111503011.34654266,182437.86079399212,False,7843838.59663559,pre-construction,0.7518114994796865,3.7590574973984325,2.6313402481789026,1.12771724921953,0.761553669532402,1698310549.0974522,1188817384.3682165,509493164.72923565,2297.4739396775835,2691.1380014699585
Clayton Valley-1,USA,Target Outline,,,Project,,,,,37.7837,-117.62461,False,2024,pre-construction,5.295785060188013,2.9179069618205435,29.745883729255016,True,True,True,True,333738.74962681974,,brine,True,772.9667152789073,711.1293780565948,mgLi_per_L,True,0.55,0.003154451399496045,0.001734948269722825,29.745883729255016,11219.661606442318,3556771.110258592,6170.813883543276,False,333738.74962681974,pre-construction,1.120599215742484,5.60299607871242,3.9220972550986937,1.6808988236137261,0.8925207744709932,63489842.118881054,44442889.48321673,19046952.63566432,3229.488842112597,3575.376386513306
Dixie Valley,USA,Grassroots,,,Project,,,,,39.81234,-117.94493,False,2024,pre-construction,4.877048876865315,3.1138772859179125,24.663915315558047,True,True,True,True,2386586.052634778,,hard_rock,True,1.7312460023256824,1.5927463221396279,pct_Li2O,True,0.65,0.039388616546512996,0.02560260075523345,24.663915315558047,96764.28183035947,2456656.016747708,62896.78318973366,False,2386586.052634778,pre-construction,0.9746126026194327,121.8265753274291,85.27860272920036,36.54797259822874,0.9730552671659509,478092415.34225637,334664690.73957944,143427724.60267693,4758.367186682252,5066.559213540962
Black Rock Desert,USA,Exploration,,,Brine,,,,,40.676,-119.331,False,2024,pre-construction,4.245588547494047,3.1335365767516423,16.166851746003935,True,True,True,True,597271.4980688323,brine,brine,False,1331.6720091265365,1225.1382483964137,mgLi_per_L,True,0.55,0.005434509080178425,0.0029889799940981342,16.166851746003935,36944.20580163134,6798076.009547929,20319.31319089724,False,597271.4980688323,pre-construction,0.9845633245519495,4.922816622759748,3.4459716359318233,1.4768449868279245,0.9065585190839192,123257074.3967138,86279952.07769965,36977122.31901415,1646.988816412306,2022.2013828163401
Texas Spring,USA,Target Outline,,,Project,,,,,41.64375,-114.52742,False,2024,pre-construction,5.557941592626153,1.491550293535124,22.70033531871753,True,True,True,True,391866.4995605698,,brine,True,1180.2332701232879,1085.814608513425,mgLi_per_L,True,0.55,0.004816492634264134,0.002649070948845274,22.70033531871753,17262.58639172862,3584057.4672374655,9494.42251545074,False,391866.4995605698,pre-construction,0.9174602430290303,4.5873012151451515,3.2111108506016057,1.3761903645435458,1.075389473805723,77085153.47563942,53959607.43294759,23125546.042691827,1731.6641583890946,2089.323781394197
South Big Smokey Valley,USA,Target Outline,,,Brine,,,,,37.98,-117.72,False,2024,pre-construction,7.401144599760677,3.6531051759609947,17.371647609244604,True,True,True,True,1657946.6917990893,brine,brine,False,471.9230468552082,434.1692031067916,mgLi_per_L,True,0.55,0.0019259022234478763,0.001059246222896332,17.371647609244604,95439.80681007978,49555894.19239425,52491.893745543886,False,1657946.6917990893,pre-construction,1.1534546165733943,5.767273082866971,4.03709115800688,1.7301819248600916,1.135907115857397,1125817856.9163377,788072499.8414364,337745357.07490134,5444.695443045645,6679.319914480553
Grass Valley,USA,Target Outline,,,Project,,,,,39.90793,-116.65565,False,2024,pre-construction,4.812464351854471,3.5086768615131945,39.878163086470146,True,True,True,True,1301054.6004028788,,brine,True,987.0054616013713,908.0450246732617,mgLi_per_L,True,0.55,0.004027936388613143,0.0022153650137372288,39.878163086470146,32625.740498170046,8099864.881283144,17944.157273993525,False,1301054.6004028788,pre-construction,0.8807854531173219,4.40392726558661,3.082749085910627,1.3211781796759832,1.1448040304957083,185455159.2512717,129818611.47589017,55636547.77538152,1987.9014240445044,2247.0690243391136
McDermitt,USA,Prefeas/Scoping,8686000.0,tonnes,Open Pit,,2033.0,,2/27/23,42.04162,-118.05924,False,2023,pre-construction,7.7054036155173815,2.5414569172696306,32.366473782558714,True,True,False,True,8686000.0,hard_rock,hard_rock,False,1.147961686929313,1.056124751974968,pct_Li2O,True,0.65,0.026117965116340954,0.016976677325621622,32.366473782558714,268364.1121474473,10275077.363494245,174436.67289584075,False,8686000.0,pre_construction,1.2875068884594598,160.93836105743247,112.65685274020272,48.28150831722975,0.9310043525922829,1913228349.727116,1339259844.8089812,573968504.9181349,9479.968192276372,
Thacker Pass,USA,Preproduction - Construction Started,,tonnes,Open Pit,2023.0,2027.0,2112.0,12/31/2024,41.70883,-118.06978,False,2024,construction,6.823649204457059,4.0,85.0,False,False,True,True,6165615.500903582,hard_rock,hard_rock,False,1.2206197861618262,1.3182693690547724,pct_Li2O,True,0.65,0.03260080149672452,0.02119052097287094,85.0,72536.65295180686,2224996.0007607415,47148.824418674456,False,6165615.500903582,construction,1.1767430389567024,147.0928798695878,102.96501590871145,44.12786396087634,1.8998409199788087,845427689.8068914,591799382.8648239,253628306.9420675,6941.447077110691,
Thacker Pass,USA,Preproduction - Construction Started,,tonnes,Open Pit,2023.0,2027.0,2112.0,12/31/2024,41.70883,-118.06978,False,2024,construction,4.677259516999266,4.0,85.0,False,False,True,True,3863774.792903264,hard_rock,hard_rock,False,1.7511373387866,1.8912283258895282,pct_Li2O,True,0.65,0.04677007649924803,0.03040054972451122,85.0,45456.17403415605,971907.1987168312,29546.513122201435,False,3863774.792903264,construction,0.900444178212265,112.55552227653313,78.78886559357318,33.76665668295995,0.789702987774257,153503603.73319802,107452522.6132386,46051081.119959414,3702.4173344399214,
Fish Lake Valley,USA,Target Outline,,,Brine,,,,,37.91375,-117.92612,False,2024,pre-construction,6.4099169744803035,3.8478706003163587,16.7239270199035,True,True,True,True,223760.85916458373,brine,brine,False,1482.3976940116113,1363.8058784906825,mgLi_per_L,True,0.55,0.0060496155760049195,0.003327288566802706,16.7239270199035,13379.684023870781,2211658.551816037,7358.82621312893,False,223760.85916458373,pre-construction,0.9703646414593733,4.851823207296866,3.3962762451078063,1.45554696218906,0.9582501084796231,42386440.94395207,29670508.660766445,12715932.283185624,1458.1912899605015,1802.6047702691653
North Big Smoky,USA,Target Outline,,,Project,,,,,39.0831,-117.06817,False,2024,pre-construction,7.487874684211153,2.407739799673063,20.24934828501938,True,True,True,True,1429265.840529729,,brine,True,1374.0091657212874,1264.0884324635845,mgLi_per_L,True,0.55,0.005607285605003051,0.0030840070827516785,20.24934828501938,70583.30077650501,12587784.134542333,38820.81542707776,False,1429265.840529729,pre-construction,1.09896640063681,5.49483200318405,3.846382402228835,1.6484496009552152,1.3676262543051636,344307681.3185219,241015376.92296532,103292304.3955566,1781.718347508247,2219.7152185463574
Alkali Lake,USA,Exploration,,,Brine,,,,,37.86847,-117.39326,False,2024,pre-construction,8.467179989116165,3.6459899450087994,26.107382543598934,True,True,True,True,715298.9858073944,brine,brine,False,748.9776203115234,689.0594106866016,mgLi_per_L,True,0.55,0.0030565527025706507,0.001681103986413858,26.107382543598934,27398.341622828557,8963804.746368596,15069.087892555708,False,715298.9858073944,pre-construction,1.2064868442314802,6.032434221157401,4.22270395481018,1.8097302663472208,1.1803089631774146,211601181.7262221,148120827.20835546,63480354.51786664,3588.3766084130402,4126.234803313373
Scotty,USA,Target Outline,,,Project,,,,,37.19805,-117.062,False,2024,pre-construction,4.506985962692495,2.8421690901114314,16.516939316414927,True,True,True,True,150607.91630703403,,brine,True,1334.1365641388397,1227.4056390077326,mgLi_per_L,True,0.55,0.005444566847031801,0.002994511765867491,16.516939316414927,9118.391332791076,1674768.918993459,5015.115233035092,False,150607.91630703403,pre-construction,0.8879501779549228,4.439750889774614,3.10782562284223,1.3319252669323842,1.1744508721159685,39338676.35009172,27537073.445064202,11801602.905027516,1482.6293021722179,1957.5370483577703
Nevada North,USA,Reserves Development,,,Project,,,,,41.68353,-114.56696,False,2024,pre-construction,7.504109733572788,4.387859415082047,22.34968749390325,True,True,True,True,88723.65540906588,,brine,True,1373.0001507284765,1263.1601386701984,mgLi_per_L,True,0.55,0.0056031678484512225,0.0030817423166481727,22.34968749390325,3969.79400420112,708491.0021566488,2183.3867023106163,False,88723.65540906588,pre-construction,0.9278830342395937,4.639415171197968,3.2475906198385776,1.3918245513593908,1.2933910893046097,18327118.98083805,12828983.286586633,5498135.694251416,1505.4520120436232,1881.0230405025086
Reynolds Springs,USA,Exploration,,,Project,,,,,38.84927,-115.26077,False,2024,pre-construction,7.199056957756973,4.013553833263729,18.510862318870643,True,True,True,True,931309.0905894949,,brine,True,1021.0815695579305,939.3950439932961,mgLi_per_L,True,0.55,0.004166999849313596,0.002291849917122478,18.510862318870643,50311.4914122658,12073792.472191544,27671.32027674619,False,931309.0905894949,pre-construction,1.456075731462447,7.2803786573122355,5.096265060118564,2.1841135971936714,0.966124420880448,233295715.20053536,163307000.64037475,69988714.5601606,3176.6384888121656,3632.0984772557936
Columbus Marsh,USA,Target Outline,,,Project,,,,,38.095,-117.9833,False,2024,pre-construction,4.847187854275308,2.692315628027049,16.451960576727487,True,True,True,True,236480.20541061257,,brine,True,1442.8851312993834,1327.4543207954327,mgLi_per_L,True,0.55,0.005888366124661741,0.003238601368563958,16.451960576727487,14373.98322879106,2441081.774550284,7905.6907758350835,False,236480.20541061257,pre-construction,1.1479022748659526,5.739511374329763,4.0176579620308335,1.7218534122989295,1.025909728420213,50086590.80760826,35060613.56532578,15025977.24228248,1772.2191530088633,2157.3107025657596
Kibby Basin,USA,Target Outline,,,Brine,,,,,38.33516,-117.77352,False,2024,pre-construction,5.031131856587963,2.696661461158285,16.948830204280785,True,True,True,True,53906.084988484115,brine,brine,False,524.1268265419172,482.19668041856386,mgLi_per_L,True,0.55,0.0021389441082233463,0.0011764192595228407,16.948830204280785,3180.5195012732497,1486957.7419276554,1749.2857257002875,False,53906.084988484115,pre-construction,1.143935809102315,5.719679045511575,4.003775331858102,1.7159037136534732,1.262097933336022,37533725.86089784,26273608.102628484,11260117.758269355,4861.939312207023,6127.9028475571395
Clayton Valley,USA,Exploration,,,Brine,,,,,37.67783,-117.57874,False,2024,pre-construction,8.774414886198771,2.97146820699478,16.944848682050324,True,True,True,True,507133.6484303658,brine,brine,False,1601.7345908702614,1473.5958236006406,mgLi_per_L,True,0.55,0.006536625474188509,0.00359514401080368,16.944848682050324,29928.484930501174,4578583.406481102,16460.666711775648,False,507133.6484303658,pre-construction,1.336485954757646,6.68242977378823,4.6777008416517605,2.0047289321364694,1.394878131258208,127731317.31684399,89411922.12179078,38319395.195053205,1858.7377177957328,2316.681613801653
Fish Lake Valley,USA,Target Outline,,,Brine,,,,,37.91375,-117.92612,False,2024,pre-construction,5.274596528190684,4.438892499944616,35.777511321672904,True,True,True,True,876638.6617435254,brine,brine,False,1380.1400820728838,1269.728875507053,mgLi_per_L,True,0.55,0.005632305670270037,0.0030977681186485206,35.777511321672904,24502.505326928233,4350350.773088186,13476.37792981053,False,876638.6617435254,pre-construction,1.069165812417599,5.3458290620879945,3.7420803434615957,1.6037487186263988,0.7774629658666502,67644732.29210831,47351312.60447582,20293419.687632494,1725.7034281895337,1866.0011674024897
North Big Smoky,USA,Target Outline,,,Project,,,,,39.0831,-117.06817,False,2024,pre-construction,5.011429431567146,2.0732401080762317,18.487728944170478,True,True,True,True,709398.6557271893,,brine,True,774.551094669881,712.5870070962906,mgLi_per_L,True,0.55,0.0031609171989779626,0.0017385044594378795,18.487728944170478,38371.32499451079,12139300.898776345,21104.228746980934,False,709398.6557271893,pre-construction,0.9338521377250649,4.669260688625324,3.2684824820377267,1.4007782065875976,0.9071809249369691,220250844.3488021,154175591.04416144,66075253.30464065,2685.7916085731886,3250.2923690428947
Kibby Basin,USA,Target Outline,,,Brine,,,,,38.33516,-117.77352,False,2024,pre-construction,6.869566990361412,3.1003184825079613,16.676711044214088,True,True,True,True,73738.19288579513,brine,brine,False,1288.8828031743885,1185.7721789204375,mgLi_per_L,True,0.55,0.005259887756994574,0.002892938266347016,16.676711044214088,4421.626823796187,840631.402812033,2431.8947530879027,False,73738.19288579513,pre-construction,0.7715634794852583,3.8578173974262913,2.7004721781984036,1.1573452192278877,1.01001606461246,16981024.425157223,11886717.097610055,5094307.327547168,1333.5291120116615,1752.2346519174257
Bonnie Claire,USA,Prefeas/Scoping,8358700.0,tonnes,Brine,2028.0,2029.0,2068.0,08/20/2021,37.21703,-117.0349,False,2021,pre-construction,4.364068966892562,1.0,39.0,False,False,False,True,8358700.0,brine,brine,False,880.9578973825426,810.4812655919392,mgLi_per_L,True,0.55,0.0035951598139549105,0.001977337897675201,39.0,214325.64102564103,59615052.49188598,117879.10256410258,False,8358700.0,pre_construction,1.1379981769435723,5.6899908847178615,3.9829936193025026,1.706997265415359,1.2111654458199774,1444073832.5783288,1010851682.8048301,433222149.7734988,2877.601694382992,
Gemini,USA,Reserves Development,2868400.0,tonnes,Brine,,,,1/15/24,37.43619,-117.41257,False,2024,pre-construction,5.746874805718307,3.503484245120264,43.15991461488715,True,True,False,True,2868400.0,brine,brine,False,1274.3877415667778,1172.4367222414355,mgLi_per_L,True,0.55,0.0052007338937426345,0.0028604036415584492,43.15991461488715,66459.81637346897,12778930.383927433,36552.89900540794,False,2868400.0,pre-construction,0.8436609948213046,4.218304974106523,2.952813481874566,1.2654914922319573,0.7873164772440039,201221249.05640227,140854874.3394816,60366374.716920674,1474.7236763438887,1602.271025551177
Gemini,USA,Reserves Development,2868400.0,tonnes,Brine,,,,1/15/24,37.43619,-117.41257,False,2024,pre-construction,5.260238341257708,1.7327474366411102,32.14148300681721,True,True,False,True,2868400.0,brine,brine,False,696.2328657676583,640.5342365062456,mgLi_per_L,True,0.55,0.0028413031174356214,0.001562716714589592,32.14148300681721,89242.92632644276,31409153.70092147,49083.60947954352,False,2868400.0,pre-construction,1.1058497809964256,5.529248904982128,3.8704742334874895,1.6587746714946388,1.2213574056936662,767236049.5838213,537065234.7086749,230170814.8751464,3538.228556308906,4024.5535582636358
Neptune,USA,Target Outline,,,Brine,,,,,37.64043,-117.71679,False,2024,pre-construction,6.004943304993336,3.209615276271385,15.402310160007197,True,True,True,True,217948.82151386095,brine,brine,False,1069.0188825552004,983.4973719507844,mgLi_per_L,True,0.55,0.004362630425745022,0.002399446734159762,15.402310160007197,14150.398170774086,3243547.3074383955,7782.718993925748,False,217948.82151386095,pre-construction,0.7436204024785416,3.7181020123927078,2.602671408674895,1.1154306037178126,0.880520659409202,57120208.27941196,39984145.79558837,17136062.48382359,1549.566389392975,2026.076991391254
Jackson Wash,USA,Exploration,,,Brine,,,,,37.58333,-117.3333,False,2024,pre-construction,6.273574773964691,2.8982961506295686,17.35466071249988,True,True,True,True,6403904.323039238,brine,brine,False,424.25701005153155,390.316449247409,mgLi_per_L,True,0.55,0.0017313787161199652,0.0009522582938659809,17.35466071249988,369001.9890983382,213126097.52144513,202951.09400408602,False,6403904.323039238,pre-construction,0.9313195440999344,4.656597720499672,3.2596184043497702,1.3969793161499018,1.1760896698547934,5013108033.428738,3509175623.400116,1503932410.0286217,4890.057404062929,6313.367531631413
Aquarius,USA,Exploration,,,Brine,,,,,37.71928,-117.67894,False,2024,pre-construction,6.4508819245503695,2.647827400030834,17.629516224868397,True,True,True,True,156446.7865224373,brine,brine,False,1780.8321297071666,1638.3655593305934,mgLi_per_L,True,0.55,0.0072675165602639575,0.003997134108145177,17.629516224868397,8874.139512787746,1221069.0459665682,4880.7767320332605,False,156446.7865224373,pre-construction,0.9973088438208744,4.986544219104372,3.4905809533730605,1.4959632657313118,1.0645090557306718,25996781.142076477,18197746.799453534,7799034.342622943,1247.5298762038083,1549.6573653932169
Atlantis,USA,Exploration,,,Brine,,,,,37.80833,-118.04167,False,2024,pre-construction,5.542867181315786,4.514496100083428,16.25518436661971,True,True,True,True,337155.17257367005,brine,brine,False,1151.3626138808227,1059.2536047703568,mgLi_per_L,True,0.55,0.004698672448493841,0.0025842698466716127,16.25518436661971,20741.39332839705,4414309.266236616,11407.766330618379,False,337155.17257367005,pre-construction,0.8288399290109343,4.144199645054671,2.90093975153827,1.2432598935164014,1.3634226568611785,120371385.35958494,84259969.75170946,36111415.60787548,1603.6249660197661,2252.7535634531423
Clayton Valley,USA,Prefeas/Scoping,1762248.0,tonnes,"Brine, Open Pit",2024.0,2025.0,,5/15/24,37.77485,-117.50934,False,2024,pre-construction,8.010687130286057,1.0,25.033109520315275,False,True,False,True,1762248.0,brine,brine,False,1513.234593879856,1392.1758263694676,mgLi_per_L,True,0.55,0.006175459936470564,0.0033965029650588102,25.033109520315275,70396.68797717168,11399424.286024146,38718.17838744442,False,1762248.0,construction,0.9212533415573501,4.60626670778675,3.2243866954507245,1.3818800123360253,0.8221706320659404,187445437.4085661,131211806.18599625,56233631.22256984,1356.1792099619122,
Eagle Mountain,USA,Exploration,,,Project,,,,,36.24071,-116.36657,False,2024,pre-construction,7.60180551929969,3.473413697091637,14.72938815515447,True,True,True,True,32417628.874794833,,brine,True,1071.6544254287521,985.922071394452,mgLi_per_L,True,0.55,0.004373385988360557,0.0024053622935983066,14.72938815515447,2200880.8874692093,503244143.85711455,1210484.4881080652,False,32417628.874794833,pre-construction,0.8827008505440093,4.413504252720046,3.0894529769040324,1.324051275816014,1.1348094421952954,11421724123.570826,7995206886.4995775,3426517237.071248,1834.8604966770538,2475.4616712407988
Wickenburg,USA,Target Outline,,,Project,,,,,33.87824,-112.72099,False,2024,pre-construction,8.472754927564429,2.278625706953431,34.312469387535444,True,True,True,True,1085722.5082567532,,brine,True,1102.355032186519,1014.1666296115976,mgLi_per_L,True,0.55,0.0044986741411854455,0.002474270777651995,34.312469387535444,31642.214263108657,7033675.538626725,17403.21784470976,False,1085722.5082567532,pre-construction,1.0196602230325327,5.098301115162664,3.5688107806138643,1.5294903345487993,0.954383493252674,134256476.61920914,93979533.6334464,40276942.985762745,2060.5267463898153,2285.3564638414064
Piedmont,USA,Feasibility Complete,475000.0,tonnes,Open Pit,2024.0,2027.0,2051.0,12/14/21,35.39446,-81.28475,False,2021,pre-construction,5.59621724614096,3.0,24.0,False,False,False,True,475000.0,hard_rock,hard_rock,False,1.099767722248246,1.0117863044683864,pct_Li2O,True,0.65,0.025021475309503195,0.016263958951177077,24.0,19791.666666666668,790987.1988703145,12864.583333333334,False,475000.0,construction,0.8279038089892694,103.48797612365868,72.44158328656107,31.046392837097613,0.8779955386813187,138896646.35243383,97227652.44670367,41668993.90573016,6363.024921196627,
Clayton Valley,USA,Prefeas/Scoping,88000.0,tonnes,Brine,2025.0,2026.0,2045.0,6/15/17,37.72229,-117.58133,False,2017,pre-construction,6.926403898785754,1.0,19.0,False,False,False,True,88000.0,brine,brine,False,1499.947674648678,1379.9518606767838,mgLi_per_L,True,0.55,0.006121236461985434,0.003366680054091989,19.0,4631.578947368421,756641.076705957,2547.3684210526317,False,88000.0,pre_construction,0.9614540579718459,4.80727028985923,3.3650892029014607,1.4421810869577691,1.2234063793632115,18513590.402606335,12959513.281824434,5554077.1207819,1427.8963883177119,
Clayton Northeast,USA,Target Outline,,,Brine,,,,,37.73454,-117.61009,False,2024,pre-construction,5.536184651838694,2.904494875447772,16.100040121783938,True,True,True,True,247876.43125669795,brine,brine,False,1900.6336207478919,1748.5829310880606,mgLi_per_L,True,0.55,0.007756422451818123,0.004266032348499968,16.100040121783938,15396.013263427347,1984937.4320526451,8467.807294885042,False,247876.43125669795,pre-construction,1.2289022961669958,6.144511480834979,4.301158036584485,1.8433534442504937,0.8318163157828538,33022066.8357902,23115446.785053138,9906620.05073706,1440.334010358718,1682.551962324638
Railroad Valley,USA,Exploration,,,Project,,,,,38.31142,-115.7704,False,2024,pre-construction,4.97559068721967,2.4099693046641057,27.261831954655197,True,True,True,True,20256.124004202953,,brine,True,742.0091917171758,682.6484563798017,mgLi_per_L,True,0.55,0.0030281147777580703,0.0016654631277669388,27.261831954655197,743.0213801440458,245374.24591750698,408.6617590792252,False,20256.124004202953,pre-construction,1.2338316194840813,6.169158097420406,4.318410668194284,1.8507474292261223,1.1721948974024265,5752528.780369397,4026770.1462585777,1725758.6341108195,3704.1697258660083,4220.514473502086
Nevada,USA,Reserves Development,,,Project,,,,,38.12123,-117.42631,False,2024,pre-construction,6.5094449795346145,3.068740084475097,33.681259189659364,True,True,True,True,1008989.1374660158,,brine,True,668.1934990323205,614.7380191097349,mgLi_per_L,True,0.55,0.0027268753964342658,0.0014997814680388463,33.681259189659364,29956.98978427119,10985830.09089588,16476.344381349158,False,1008989.1374660158,pre-construction,1.3278486997602545,6.639243498801273,4.647470449160891,1.9917730496403818,0.8202055616358155,180212778.79477793,126148945.15634455,54063833.63843338,4426.807265116378,4751.547726278898
Lithium Butte,USA,Exploration,,,Project,,,,,39.70362,-113.53966,False,2024,pre-construction,8.625063824343862,3.958189867743622,27.623874810807575,True,True,True,True,52912.18991430403,,hard_rock,True,1.2167633398659146,1.1194222726766414,pct_Li2O,True,0.65,0.027683312803293343,0.017994153322140674,27.623874810807575,1915.4514084896823,69191.55312444437,1245.0434155182936,False,52912.18991430403,pre-construction,1.0642602188262058,133.03252735327573,93.122769147293,39.909758205982726,0.7955793573016662,11009474.27308991,7706631.991162936,3302842.2819269737,7393.0973562166755,7713.206063780332
Let's Go,USA,Target Outline,,,Project,,,,,36.50877,-116.28851,False,2024,pre-construction,7.382897753560606,1.7593327661126035,19.74926347339961,True,True,True,True,563262.6131453642,,brine,True,1209.0470026126613,1112.3232424036485,mgLi_per_L,True,0.55,0.004934080516095518,0.0027137442838525354,19.74926347339961,28520.689589463716,5780345.394937529,15686.379274205045,False,563262.6131453642,pre-construction,0.9407612362072048,4.703806181036024,3.2926643267252165,1.4111418543108072,1.160315069356821,134140437.3566664,93898306.14966647,40242131.20699993,1733.3269788995447,2166.325190733472
Clayton Valley,USA,Prefeas/Scoping,88000.0,tonnes,Brine,2025.0,2026.0,2045.0,6/15/17,37.72229,-117.58133,False,2017,pre-construction,4.998205405159401,1.0,19.0,False,False,False,True,88000.0,brine,brine,False,857.1782980911853,788.6040342438905,mgLi_per_L,True,0.55,0.0034981160619001915,0.0019239638340451054,19.0,4631.578947368421,1324020.9488225293,2547.3684210526317,False,88000.0,pre_construction,1.0505331801918727,5.2526659009593635,3.676866130671554,1.5757997702878095,1.5559867613727205,41203181.36296008,28842226.954072054,12360954.408888023,2730.127151047175,
Macallan,USA,Target Outline,,,Project,,,,,37.65641,-117.59904,False,2024,pre-construction,4.787031222184302,2.0827904209446455,25.861866852577805,True,True,True,True,130569.48485375612,,brine,True,1964.6243481862612,1807.4544003313604,mgLi_per_L,True,0.55,0.008017566477469859,0.004409661562608423,25.861866852577805,5048.726203643782,629708.0564072893,2776.7994120040803,False,130569.48485375612,pre-construction,1.1124378273734792,5.562189136867396,3.893532395807177,1.6686567410602189,1.107837676573673,13952286.2025995,9766600.34181965,4185685.86077985,1261.364179063489,1455.649950536422
Highlands West,USA,Target Outline,,,Project,,,,,37.72026,-117.661,False,2024,pre-construction,7.172915130667165,2.3418508828892906,27.691423701871663,True,True,True,True,32133.376104186264,,brine,True,949.7370116137788,873.7580506846765,mgLi_per_L,True,0.55,0.003875845086495444,0.0021317147975724944,27.691423701871663,1160.4089573052313,299395.0819521732,638.2249265178773,False,32133.376104186264,pre-construction,1.042880512276966,5.21440256138483,3.6500817929693805,1.5643207684154494,0.8332028330303786,4989136.609558262,3492395.626690783,1496740.9828674789,2446.107034263105,2728.4040902124284
Clayton Valley,USA,Target Outline,,,Brine,,,,,37.63017,-117.519,False,2024,pre-construction,6.787445997385825,3.9187137201768194,39.477546125131454,True,True,True,True,10309373.299831187,brine,brine,False,479.38471856579514,441.0339410805315,mgLi_per_L,True,0.55,0.001956353056976391,0.0010759941813370153,39.477546125131454,261145.2410733358,133485742.84283046,143629.88259033472,False,10309373.299831187,pre-construction,1.2430128412696888,6.215064206348444,4.350544944443911,1.8645192619045332,1.0774650568993964,2876524470.1481705,2013567129.1037192,862957341.0444512,5776.113211528424,6283.422854808498
Elko,USA,Target Outline,,,Project,,,,,41.08792,-115.10171,False,2024,pre-construction,7.815065474417599,1.7603765542409342,30.26077995626516,True,True,True,True,486043.21304692863,,brine,True,377.9097422866979,347.6769629037621,mgLi_per_L,True,0.55,0.0015422370612806048,0.0008482303837043327,30.26077995626516,16061.820407451156,10414624.839915426,8834.001224098136,False,486043.21304692863,pre-construction,0.9060733474515845,4.530366737257923,3.171256716080546,1.359110021177377,0.9470422986219827,197261804.95358208,138083263.46750745,59178541.48607463,5340.962578436793,6078.876034608645
Clayton Valley (McGee),USA,Reserves Development,846000.0,tonnes,Project,2028.0,2029.0,,6/17/22,37.71199,-117.54459,False,2022,pre-construction,4.431454698348683,1.0,16.831079943113217,False,True,False,True,846000.0,,brine,True,1206.4619281502496,1109.9449738982296,mgLi_per_L,True,0.55,0.004923530913383564,0.0027079420023609605,16.831079943113217,50264.15434181087,10208964.912798362,27645.284887995982,False,846000.0,pre_construction,0.9694064230148233,4.847032115074116,3.392922480551881,1.454109634522235,0.8798475850723223,179646662.4922742,125752663.74459192,53893998.74768227,1789.93202618378,
Smackover,USA,Feasibility Complete,1874000.0,tonnes,Brine/DLE,,2026.0,2051.0,8/18/23,33.23241,-93.55148,False,2023,pre-construction,7.799721214334866,1.6803124209160334,25.0,True,False,False,True,1874000.0,brine,brine,False,716.1553816328706,658.8629511022409,mgLi_per_L,True,0.55,0.0029226062405976905,0.00160743343232873,25.0,74960.0,25648340.49785312,41228.0,False,1874000.0,pre_construction,0.7961510949931327,3.9807554749656635,2.7865288324759643,1.1942266424896992,1.0497464132574772,538485068.8725562,376939548.2107893,161545520.6617669,2476.4667667753065,
Bristol Dry Lake,USA,Target Outline,,,Project,,,,,34.47301,-115.73849,False,2024,pre-construction,5.543756160515475,3.019178505812799,20.81906030368144,True,True,True,True,2876244.0074686743,,brine,True,650.1343079732662,598.1235633354049,mgLi_per_L,True,0.55,0.0026531764396953007,0.0014592470418324155,20.81906030368144,138154.36266160713,52071306.1501003,75984.89946388392,False,2876244.0074686743,pre-construction,0.9388085294161815,4.694042647080908,3.285829852956635,1.4082127941242724,1.1198936600202138,1166286512.529378,816400558.7705646,349885953.7588134,3216.7566645785164,3954.01015432601
Jackpot Lake,USA,Target Outline,,,Project,,,,,36.45403,-114.87893,False,2024,pre-construction,4.956230226097062,3.264506957665629,34.12583772871699,True,True,True,True,2100744.4296381185,,brine,True,1096.0406483212655,1008.3573964555643,mgLi_per_L,True,0.55,0.004472905351110807,0.002460097943110944,34.12583772871699,61558.765130924134,13762590.597996121,33857.320822008274,False,2100744.4296381185,pre-construction,1.2044198433539193,6.022099216769597,4.215469451738717,1.8066297650308796,1.1834494025298552,325746592.40923023,228022614.68646115,97723977.72276908,2447.9103499246394,2729.842089596167
Smackover,USA,Feasibility Complete,1874000.0,tonnes,Brine,,2026.0,2051.0,8/18/23,33.23241,-93.55148,False,2023,pre-construction,5.205582745238167,2.0844299393220105,25.0,True,False,False,True,1874000.0,brine,brine,False,617.2932694033937,567.9098078511222,mgLi_per_L,True,0.55,0.0025191532559929366,0.0013855342907961152,25.0,74960.0,29756030.055604596,41228.0,False,1874000.0,pre_construction,1.0079002963214492,5.039501481607246,3.527651037125072,1.511850444482174,0.8171902230425804,486326736.7600249,340428715.7320174,145898021.0280075,3637.226097602821,
Bristol Dry Lake,USA,Target Outline,,,Project,,,,,34.47301,-115.73849,False,2024,pre-construction,9.523173658913478,3.741777741559705,26.522804036014655,True,True,True,True,163751.67043711024,,brine,True,744.0655076803885,684.5402670659574,mgLi_per_L,True,0.55,0.0030365065346600766,0.0016700785940630422,26.522804036014655,6173.995412202869,2033256.0927269734,3395.6974767115785,False,163751.67043711024,pre-construction,1.1187448050627817,5.593724025313909,3.9156068177197363,1.6781172075941728,1.394465031534046,56706090.429226205,39694263.30045834,17011827.128767863,3349.3777150363003,3979.0017202350136
South Big Smokey Valley,USA,Target Outline,,,Brine,,,,,37.98,-117.72,False,2024,pre-construction,8.759485741995753,2.3296940399389516,17.519411295726027,True,True,True,True,677942.4608350804,brine,brine,False,749.0994740631213,689.1715161380716,mgLi_per_L,True,0.55,0.0030570499836691297,0.0016813774910180216,17.519411295726027,38696.646216672176,12658166.017366756,21283.1554191697,False,677942.4608350804,pre-construction,1.0662464019392313,5.331232009696157,3.7318624067873096,1.599369602908847,0.945672470621363,239409582.62357196,167586707.83650038,71822874.78707159,3170.752575299591,3812.827936221065
Liberty,USA,Target Outline,,,Project,,,,,43.7273,-103.62152,False,2024,pre-construction,4.082794762049435,2.950758797590745,13.293757399965681,True,True,True,True,312312.77232007455,,brine,True,1255.0539943432461,1154.6496747957865,mgLi_per_L,True,0.55,0.005121833515781643,0.002817008433679904,13.293757399965681,23493.19029403085,4586871.131527896,12921.254661716968,False,312312.77232007455,pre-construction,1.155630738357781,5.778153691788905,4.044707584252233,1.7334461075366718,0.7266181252718675,66658074.04908899,46660651.83436229,19997422.2147267,2051.1666286496734,2439.2279217269297
Jackpot Lake,USA,Target Outline,,,Project,,,,,36.45403,-114.87893,False,2024,pre-construction,5.1042463675240075,2.386452195477753,44.5027305891262,True,True,True,True,3090194.5894498746,,brine,True,1159.6252973922647,1066.8552736008835,mgLi_per_L,True,0.55,0.0047323921844812525,0.002602815701464689,44.5027305891262,69438.31420099271,14672983.87244807,38191.07281054599,False,3090194.5894498746,pre-construction,0.8822287829971145,4.411143914985573,3.0878007404899006,1.323343174495672,0.8459371995536222,248248457.72308365,173773920.40615854,74474537.31692511,1694.7584542782952,1840.8207229020136
Montezuma Well,USA,Target Outline,,,Project,,,,,38.17503,-117.33978,False,2024,pre-construction,6.867152391669264,3.624749978835079,13.484707427695009,True,True,True,True,1222444.3765120811,,brine,True,1552.9086766686296,1428.6759825351394,mgLi_per_L,True,0.55,0.006337368545862122,0.0034855527002241675,13.484707427695009,90654.12676298889,14304695.412132842,49859.7697196439,False,1222444.3765120811,pre-construction,1.0835407687510312,5.417703843755156,3.792392690628609,1.625311153126547,1.027367502045777,293923583.8617721,205746508.70324048,88177075.15853164,1554.3313527885334,1991.4935880446678
Big Smoky Valley,USA,Target Outline,,,Project,,,,,37.97601,-117.60235,False,2024,pre-construction,3.703243800197375,2.4174380262912845,14.552227870986975,True,True,True,True,312669.4398726453,,hard_rock,True,1.165917064530805,1.0726436993683406,pct_Li2O,True,0.65,0.026526478685379058,0.01724221114549639,14.552227870986975,21486.018680068893,809983.8254035437,13965.912142044781,False,312669.4398726453,pre-construction,1.1073342719820678,138.41678399775847,96.89174879843092,41.52503519932755,0.8436474569426035,136668158.8932683,95667711.2252878,41000447.66798049,8027.7861597764095,8700.249404266453
Kibby Basin,USA,Target Outline,,,Brine,,,,,38.33516,-117.77352,False,2024,pre-construction,3.70917639704116,2.4482612983207748,24.50926282856928,True,True,True,True,10283836.485656677,brine,brine,False,652.2905083452124,600.1072676775955,mgLi_per_L,True,0.55,0.002661975821539868,0.0014640867018469274,24.50926282856928,419589.79172842763,157623442.08134407,230774.38545063522,False,10283836.485656677,pre-construction,1.189614743172384,5.94807371586192,4.163651601103344,1.7844221147585761,1.042709164342026,3287108151.4670405,2300975706.0269284,986132445.4401121,4062.651281757083,4643.811851913016
Rhyolite Ridge,USA,Preproduction - Construction Planned,1347000.0,tonnes,Open Pit,2024.0,2028.0,2050.0,3/31/23,37.81491,-117.85253,False,2023,pre-construction,3.7927572818370408,4.0,22.0,False,False,False,True,1347000.0,hard_rock,hard_rock,False,1.1848320534862324,1.090045489207334,pct_Li2O,True,0.65,0.026956824948097365,0.017521936216263287,22.0,61227.27272727273,2271308.7630000804,39797.72727272727,False,1347000.0,construction,1.232651813152513,154.08147664406414,107.8570336508449,46.22444299321924,0.8343936368215079,379033115.82083946,265323181.0745876,113709934.74625185,8793.633006211423,
Utah Lithium,USA,Reserves Development,1337000.0,tonnes,Project,2027.0,2028.0,,10/22/2024,38.13159,-109.25357,False,2024,pre-construction,7.854206245704121,1.0,26.54211889880147,False,True,False,True,1337000.0,,brine,True,1900.9571561227908,1748.8805836329677,mgLi_per_L,True,0.55,0.007757742788898573,0.004266758533894215,26.54211889880147,50372.768093521474,6493224.828954826,27705.022451436813,False,1337000.0,pre_construction,0.9281624242836499,4.64081212141825,3.248568484992775,1.392243636425475,1.229391952022033,159654366.94773412,111758056.86341387,47896310.08432025,1087.6669219860073,
Burro Creek,USA,Reserves Development,,,Brine,,,,,34.56688,-113.33924,False,2024,pre-construction,5.170987201107712,1.518435822503751,46.94745480891615,True,True,True,True,1420992.51638201,brine,brine,False,925.679045049852,851.6247214458639,mgLi_per_L,True,0.55,0.0037776653268802784,0.0020777159297841533,46.94745480891615,30267.72211966938,8012282.587421652,16647.24716581816,False,1420992.51638201,pre-construction,0.8067693732649748,4.033846866324874,2.8236928064274114,1.2101540598974623,1.0352126635467083,165888327.9682736,116121829.57779153,49766498.39048208,1941.4814164436502,2153.738087948466
Wilson Salt Flat,USA,Target Outline,,,Brine,,,,,37.98255,-116.02743,False,2024,pre-construction,5.116957316078725,2.586408390412665,31.53731122334178,True,True,True,True,1286474.3797094848,brine,brine,False,732.5248998884597,673.922907897383,mgLi_per_L,True,0.55,0.0029894096989481413,0.0016441753344214778,31.53731122334178,40792.13889221233,13645549.790838478,22435.676390716784,False,1286474.3797094848,pre-construction,0.9081953639218571,4.540976819609285,3.1786837737264992,1.3622930458827858,0.9480502474175201,258733337.10705015,181113335.97493508,77620001.13211507,2761.8567950400984,3127.526144313714
San Domingo,USA,Exploration,,,Project,,,,,33.99828,-112.51429,False,2024,pre-construction,7.310582542027971,3.3195409251197034,35.33040923397998,True,True,True,True,148213.89918159228,,brine,True,1614.7963467862064,1485.6126390433099,mgLi_per_L,True,0.55,0.006589930064689616,0.0036244615355792895,35.33040923397998,4195.080170173731,636589.4825882827,2307.294093595552,False,148213.89918159228,pre-construction,1.2196172109491952,6.098086054745976,4.268660238322183,1.829425816423793,1.216276770659924,15485380.002370968,10839766.001659676,4645614.000711292,1682.4805546657105,1872.4440906324103
Basin Clay,USA,Exploration,,,Project,,,,,34.566667,-113.336444,False,2024,pre-construction,5.116335412999893,2.629934314785524,35.27490265255268,True,True,True,True,1169087.3626257838,,brine,True,557.1479694215379,512.576131867815,mgLi_per_L,True,0.55,0.0022737022916103165,0.0012505362603856742,35.27490265255268,33142.18537017514,14576308.205549052,18228.201953596326,False,1169087.3626257838,pre-construction,0.8615857769006285,4.307928884503143,3.0155502191522,1.292378665350943,0.8259309614312119,240780485.00653586,168546339.5045751,72234145.50196075,3444.8652317962756,3819.330574598903
Eureka,USA,Exploration,,,Brine,,,,,39.595278,-117.210498,False,2024,pre-construction,6.974290156976851,3.2049091385477064,41.7300258300469,True,True,True,True,45336.05115132897,brine,brine,False,1686.132233551365,1551.2416548672559,mgLi_per_L,True,0.55,0.006881049440715337,0.0037845771923934357,41.7300258300469,1086.413206068174,157884.8132727896,597.5272633374958,False,45336.05115132897,pre-construction,0.8134614041120276,4.067307020560138,2.8471149143920966,1.2201921061680414,0.9664425035467066,3051731.8842271813,2136212.3189590266,915519.5652681547,1074.7057897867578,1197.0941161839269
Sarcobatus Flat,USA,Target Outline,,,Brine,,,,,37.51642,-117.85309,False,2024,pre-construction,5.301800929517003,2.707781890325096,43.89359218260561,True,True,True,True,1284369.600397552,brine,brine,False,325.64573350218336,299.5940748220087,mgLi_per_L,True,0.55,0.0013289493835646267,0.0007309221609605448,43.89359218260561,29260.981763678228,22018131.1083435,16093.539970023026,False,1284369.600397552,pre-construction,0.8214778946220224,4.1073894731101115,2.8751726311770778,1.2322168419330337,1.1222622595461103,494202351.37264156,345941645.96084905,148260705.41179252,5619.462225242106,6319.065929261814
L.G.,USA,Exploration,,,Project,,,,,32.83616,-109.81132,False,2024,pre-construction,5.0414897366518225,4.020004584059905,21.59541137348363,True,True,True,True,113539.17084871574,,brine,True,539.0029064387584,495.8826739236577,mgLi_per_L,True,0.55,0.0021996528944130253,0.001209809091927164,21.59541137348363,5257.559992032713,2390177.1072093113,2891.6579956179926,False,113539.17084871574,pre-construction,0.8227923295425531,4.113961647712766,2.879773153398936,1.23418849431383,1.0747650697492421,51377577.30685715,35964304.1148,15413273.192057148,3400.5048194500137,4223.249747242615
Liberty,USA,Target Outline,,,Project,,,,,35.9361,-117.22831,False,2024,pre-construction,5.368901642195105,2.1277560597658063,31.292115150033414,True,True,True,True,791116.5222619278,,brine,True,924.5370890912957,850.5741219639921,mgLi_per_L,True,0.55,0.0037730050426786088,0.002075152773473235,31.292115150033414,25281.657007486854,6700668.756471734,13904.91135411777,False,791116.5222619278,pre-construction,1.1141644254063339,5.570822127031669,3.899575488922168,1.6712466381095012,1.0082074539570793,135113283.7354423,94579298.61480962,40533985.12063269,2684.5359041723204,2995.0597132064686
Custer,USA,Exploration,,,Project,,,,,43.70787,-103.57706,False,2024,pre-construction,4.533793140060063,1.3837752590534682,25.711846368833953,True,True,True,True,355379.2576276668,,brine,True,644.2055727953152,592.66912697169,mgLi_per_L,True,0.55,0.0026289814690585887,0.001445939807982224,25.711846368833953,13821.615629223421,5257403.21561597,7601.888596072882,False,355379.2576276668,pre-construction,0.8912592154894099,4.45629607744705,3.1194072542129345,1.3368888232341152,1.18805758761337,124921955.62910968,87445368.94037677,37476586.68873291,3081.937472670947,3721.059828693564
Tin Mountain,USA,Exploration,,,Project,,,,,43.74399,-103.72813,False,2024,pre-construction,4.024771217542394,1.8930845588839742,44.95171691364704,True,True,True,True,854706.9802878527,,brine,True,1173.91217986929,1079.9992054797467,mgLi_per_L,True,0.55,0.004790696475640577,0.0026348830616023176,44.95171691364704,19013.889545748792,3968919.6847325615,10457.639250161837,False,854706.9802878527,pre-construction,0.9105732697293643,4.5528663486468215,3.187006444052775,1.3658599045940467,0.8970486485458843,71206280.78753003,49844396.55127102,21361884.236259013,1727.9196997373178,1879.3937932619012
Edison,USA,Exploration,,,Project,,,,,43.883935,-103.40546,False,2024,pre-construction,7.876806798153121,3.0485739307368336,27.854100525146936,True,True,True,True,1068646.0182214824,,brine,True,986.2941091407702,907.3905804095086,mgLi_per_L,True,0.55,0.004025033382933179,0.0022137683606132485,27.854100525146936,38365.84194333251,9531807.14127991,21101.213068832883,False,1068646.0182214824,pre-construction,1.1870280214349693,5.935140107174846,4.154598075022392,1.7805420321524545,0.9922729771725872,189163092.99825487,132414165.0987784,56748927.89947647,2681.0122561922963,3002.852126922233
Ingersoll,USA,Target Outline,,,Project,,,,,43.910401,-103.453011,False,2024,pre-construction,7.853703490139189,3.1939406424367465,23.167858688047122,True,True,True,True,519293.89999560587,,brine,True,625.5052327831158,575.4648141604666,mgLi_per_L,True,0.55,0.00255266600481347,0.0014039663026474084,23.167858688047122,22414.410713905232,8780784.744905597,12327.925892647878,False,519293.89999560587,pre-construction,1.150718253122625,5.7535912656131245,4.027513885929187,1.7260773796839377,0.8350973316465855,146656198.20467415,102659338.7432719,43996859.46140225,4098.097835228514,4611.578993204111
Daisy Creek,USA,Target Outline,,,Project,,,,,40.25215,-117.33435,False,2024,pre-construction,5.655894453425715,3.847273903737473,13.674537000628526,True,True,True,True,520180.6666646252,,brine,True,823.4589585672572,757.5822418818767,mgLi_per_L,True,0.55,0.003360508561281025,0.001848279708704564,13.674537000628526,38040.09354325606,11319743.083396634,20922.051448790833,False,520180.6666646252,pre-construction,1.1413529821046153,5.706764910523077,3.994735437366154,1.7120294731569232,0.9823911787433263,222408315.0153927,155685820.51077488,66722494.50461781,3087.608917441872,3864.990278356916
Alkali Flats,USA,Target Outline,,,Project,,,,,37.79964,-117.21217,False,2024,pre-construction,6.697450666584555,4.3976577843032185,31.964952854757946,True,True,True,True,43271.2781317062,,brine,True,304.74752202309446,280.3677202612469,mgLi_per_L,True,0.55,0.0012436644791255147,0.0006840154635190331,31.964952854757946,1353.7100563958857,1088484.9403657084,744.5405310177372,False,43271.2781317062,pre-construction,0.8915420156547288,4.457710078273644,3.1203970547915505,1.3373130234820936,0.7877213714735088,17148457.00106273,12003919.90074391,5144537.100318819,6516.97266512105,7237.520198621318
Central Nevada,USA,Exploration,,,Brine,,,,,39.31772,-117.50957,False,2024,pre-construction,7.807452752888334,2.7917687906086854,12.250970764419755,True,True,True,True,21196.823038853632,brine,brine,False,1512.945347118618,1391.9097193491286,mgLi_per_L,True,0.55,0.00617427953007951,0.003395853741543731,12.250970764419755,1730.2157883206394,280229.58466513717,951.6186835763517,False,21196.823038853632,pre-construction,0.774510922137133,3.872554610685665,2.7107882274799655,1.1617663832056997,0.7865037117801592,4408032.169794855,3085622.5188563983,1322409.6509384564,1140.377326417253,1518.4813437216783
Clayton Ridge,USA,Reserves Development  ,,tonnes,Project,,,,12/21/2023,37.77667,-117.47683,False,2024,pre-construction,5.382134492692215,3.8123811199144053,29.46332591352513,True,True,True,True,5106699.475559509,,brine,True,391.76951912982076,360.4279575994351,mgLi_per_L,True,0.55,0.0015987983485848277,0.0008793390917216553,29.46332591352513,173323.93126789806,108408875.59166877,95328.16219734395,False,5106699.475559509,pre-construction,1.054223758205354,5.27111879102677,3.6897831537187384,1.5813356373080314,0.9920375020867057,2150913402.9197507,1505639382.0438254,645274020.8759253,5994.409711396388,6760.217775957265
Elon,USA,Grassroots,,,Project,,,,,37.75543,-117.62492,False,2024,pre-construction,6.824053132513326,2.800377175703672,20.301265490609428,True,True,True,True,1548005.376711202,,brine,True,689.7756578215667,634.5936051958414,mgLi_per_L,True,0.55,0.002814951467047887,0.001548223306876338,20.301265490609428,76251.6690118283,27088093.66855458,41938.41795650557,False,1548005.376711202,pre-construction,1.3012322064623094,6.506161032311547,4.554312722618082,1.9518483096934647,0.8097091969624073,438669571.43215597,307068700.0025092,131600871.42964679,4202.340194347182,4717.571634086783
Green Energy,USA,Exploration,,tonnes,Brine,,,,03/14/2011,38.5419,-109.76469,False,2024,pre-construction,7.070443669048105,2.72199192552555,30.2694646482361,True,True,True,True,43849.911789918915,brine,brine,False,1514.5759424215871,1393.4098670278602,mgLi_per_L,True,0.55,0.00618093393515775,0.003399513664336763,30.2694646482361,1448.651712195848,234374.24301783537,796.7584417077164,False,43849.911789918915,pre-construction,0.9479862395856437,4.739931197928218,3.3179518385497526,1.4219793593784655,1.1585180729135838,5430535.927232051,3801375.1490624356,1629160.7781696157,1394.2968512388572,1619.467240022773
Horizon,USA,Reserves Development,,tonnes,Project,,,,11/15/2023,38.05571,-117.35221,False,2024,pre-construction,4.045487704580124,2.030317574572849,46.86692792117408,True,True,True,True,15716661.37830486,,brine,True,897.9112600046519,826.0783592042798,mgLi_per_L,True,0.55,0.0036643459217036516,0.0020153902569370087,46.86692792117408,335346.5242001536,91516066.26817648,184440.58831008448,False,15716661.37830486,pre-construction,0.9600449834107401,4.800224917053701,3.36015744193759,1.4400674751161104,1.2080657848412157,2211148568.436907,1547803997.9058347,663344570.5310721,2381.7843221833796,2637.5810227460247
Little Rock,USA,Grassroots,,,Project,,,,,34.44642,-113.28488,False,2024,pre-construction,4.390780004020099,3.9749278406402473,22.03923301094346,True,True,True,True,165385.20505864098,,brine,True,929.2470614201932,854.9072965065777,mgLi_per_L,True,0.55,0.0037922262827537615,0.002085724455514569,22.03923301094346,7504.127070870382,1978818.3803792396,4127.269888978711,False,165385.20505864098,pre-construction,0.6143258457084287,3.0716292285421436,2.1501404599795,0.9214887685626434,1.117006811950914,44207072.20994571,30944950.546961993,13262121.662983716,1472.6917644470645,1958.6874428312026
Miller's Playa,USA,Exploration,,,Brine,,,,,38.09766,-117.59074,False,2024,pre-construction,7.0439129557804545,2.6397737985838337,26.94821594876788,True,True,True,True,1387594.1870831042,brine,brine,False,1060.2182541952156,975.4007938595985,mgLi_per_L,True,0.55,0.004326715354762202,0.0023796934451192115,26.94821594876788,51491.1335771208,11900744.41121879,28320.123467416444,False,1387594.1870831042,pre-construction,1.296748673432078,6.48374336716039,4.538620357012272,1.9451230101481176,1.1565226526195702,275269609.8922056,192688726.92454392,82580882.96766168,2724.6128615677994,3085.3020345716895
Moab,USA,Exploration,,,Brine,,,,,37.90858,-117.65235,False,2024,pre-construction,6.790282381319964,3.318788772611881,26.926148821620533,True,True,True,True,1195725.8090231575,brine,brine,False,1129.714891858605,1039.3377005099167,mgLi_per_L,True,0.55,0.004610328816511905,0.002535680849081548,26.926148821620533,44407.60603919122,9632199.308679514,24424.18332155517,False,1195725.8090231575,pre-construction,0.9705601540658249,4.852800770329124,3.396960539230387,1.4558402310987373,1.1024083990496774,212372348.38417584,148660643.86892307,63711704.51525277,1913.8058214569326,2236.7323148075543
Red Valley,USA,Exploration,,,Brine,,,,,38.93925,-112.56741,False,2024,pre-construction,4.610510710216696,3.0346307805425985,18.071534881122176,True,True,True,True,690078.7015282862,brine,brine,False,693.4749172718643,637.9969238901152,mgLi_per_L,True,0.55,0.002830048021555903,0.0015565264118557467,18.071534881122176,38185.94856871587,13493039.08550711,21002.27171279373,False,690078.7015282862,pre-construction,0.7701499564237446,3.850749782118723,2.695524847483106,1.155224934635617,0.7342966243058182,198157861.0422867,138710502.72960067,59447358.312686026,2473.937963910115,2996.0335151551735
Sarcobatus Flats,USA,Exploration,,,Project,,,,,37.213,-117.09,False,2024,pre-construction,7.537403261483654,4.840940889769413,32.265557629382,True,True,True,True,1643503.859950303,,brine,True,491.93436147478025,452.5796125567978,mgLi_per_L,True,0.55,0.002007567731366529,0.001104162252251591,32.265557629382,50936.787729764146,25372388.156035982,28015.233251370282,False,1643503.859950303,pre-construction,0.9911657158442683,4.9558285792213415,3.4690800054549387,1.4867485737664028,0.7964776048865951,404170778.9754511,282919545.28281575,121251233.69263536,4488.315525291225,4935.443140674963
Smackover,USA,Target Outline,,,Project,,,,,33.30267,-93.44058,False,2024,pre-construction,7.3602161043721495,2.4300600888756367,31.123550960388492,True,True,True,True,52637.83146908507,,brine,True,1021.1856351519011,939.4907843397491,mgLi_per_L,True,0.55,0.0041674245375337374,0.0022920834956435556,31.123550960388492,1691.2540454036941,405827.1553981324,930.1897249720319,False,52637.83146908507,pre-construction,0.9145430851480462,4.572715425740231,3.2009007980181616,1.3718146277220695,1.0618547794514683,8618590.091814013,6033013.064269809,2585577.027544204,1995.0038619584996,2292.7016083503036
Wilcox Playa,USA,Grassroots,,,Project,,,,,32.08957,-109.8259,False,2024,pre-construction,5.167404786440367,3.1057954610957994,33.43718135627185,True,True,True,True,536803.8017882684,,brine,True,844.4207910805544,776.86712779411,mgLi_per_L,True,0.55,0.0034460531010400406,0.0018953292055720226,33.43718135627185,16054.09846208761,4658691.549832004,8829.754154148186,False,536803.8017882684,pre-construction,1.0987704028562846,5.493852014281423,3.8456964099969957,1.648155604284427,0.800013577941888,74540329.90617482,52178230.93432237,22362098.97185245,2898.6267916572006,3151.0986856810396
Hell's Kitchen,USA,Under Construction,,,Geothermal,2024.0,2026.0,,,33.2278,,,2024,construction,5.194780959015567,2.0,19.398173070860295,False,True,True,True,367735.71967796434,brine,brine,False,1010.1067370897313,1090.9152760569098,mgLi_per_L,True,0.55,0.0048391183453757765,0.0026615150899566772,19.398173070860295,18957.23470115712,3917497.6407164135,10426.479085636416,False,367735.71967796434,construction,1.3812475334567031,6.9062376672835155,4.83436636709846,2.0718713001850553,0.8671699722919856,67942726.41107942,47559908.48775559,20382817.923323832,2594.8519673416286,
Energy Source Mineral ATLiS Project,USA,Exploration,,,Geothermal,,,,,33.2046,,,2024,pre-construction,4.244189658645163,2.236385052151393,15.20517068084211,True,True,True,True,665384.531823316,brine,brine,False,1669.0972464172628,1535.5694667038817,mgLi_per_L,True,0.55,0.0068115302260539695,0.0037463416243296837,15.20517068084211,43760.411888152834,6424461.234976264,24068.22653848406,False,665384.531823316,pre-construction,0.8862317610431224,4.431158805215612,3.1018111636509285,1.3293476415646839,0.9865152338776116,126756577.55520517,88729604.28864361,38026973.26656155,1182.7962448588655,1529.1621334891483
Black Rock Geothermal Project,USA,Exploration,,,Geothermal,,,,,33.1493115,-115.6278498,False,2024,pre-construction,5.594538668775605,3.8106263872093256,23.027265387399538,True,True,True,True,355112.62673875986,brine,brine,False,958.6129780753081,881.9239398292834,mgLi_per_L,True,0.55,0.003912067609759397,0.0021516371853676683,23.027265387399538,15421.39810196814,3942007.0510787005,8481.768956082478,False,355112.62673875986,pre-construction,1.0236121716467625,5.118060858233813,3.5826426007636685,1.5354182574701443,1.0579480336281561,83408772.16474076,58386140.51531853,25022631.64942223,2378.6820998630615,2805.736227505684
Morton Bay Geothermal Project,USA,Exploration,,,Geothermal,,,,,33.20239584741529,-115.58390364391832,False,2024,pre-construction,4.2396199583343215,3.119935601788537,16.847954651657982,True,True,True,True,187510.77766872884,brine,brine,False,576.1772784516394,530.0830961755082,mgLi_per_L,True,0.55,0.0023513602674518587,0.0012932481470985223,16.847954651657982,11129.587035674755,4733254.699304652,6121.272869621115,False,187510.77766872884,pre-construction,0.9439206700895225,4.7196033504476125,3.3037223453133286,1.4158810051342838,0.7245985497949461,68594189.8185253,48015932.872967705,20578256.945557594,3649.4182195708677,4314.535768074076
Elmore North Geothermal Project,USA,Exploration,,,Geothermal,,,,,33.1803616,-115.6015972,False,2024,pre-construction,6.002406970095921,1.910028875964116,20.540126188308786,True,True,True,True,160640.34475021425,brine,brine,False,707.4151476657421,650.8219358524827,mgLi_per_L,True,0.55,0.0028869376371189717,0.0015878157004154347,20.540126188308786,7820.806127357142,2709031.8913719035,4301.443370046429,False,160640.34475021425,pre-construction,0.9051478455994786,4.525739227997393,3.168017459598175,1.3577217683992182,0.9992517334585941,54140096.26895977,37898067.38827184,16242028.88068793,2850.2925287949242,3463.068471375841
ELi property,USA,Exploration,,,Project,,,,,39.052809,-116.337518,False,2024,pre-construction,6.37514360153229,4.494484559429903,12.605351610733475,True,True,True,True,2654575.1331393397,,brine,True,1447.280562835194,1331.4981178083785,mgLi_per_L,True,0.55,0.005906303734245,0.00324846705383475,12.605351610733475,210591.12154229518,35655315.239085816,115825.11684826236,False,2654575.1331393397,pre-construction,1.071467115842868,5.35733557921434,3.7501349054500372,1.6072006737643023,1.180129967784465,841558120.4889458,589090684.342262,252467436.1466838,1649.188829817471,2225.592057028727
Lisbon Valley,USA,Exploration,,,Project,,,,,38.155928,-109.146069,False,2024,pre-construction,6.174812422220867,2.8151618465813293,23.21751890379271,True,True,True,True,131151.9250688888,,brine,True,635.3264881712853,584.5003691175825,mgLi_per_L,True,0.55,0.00259274622067741,0.0014260104213725756,23.21751890379271,5648.8346413046065,2178707.1161282915,3106.859052717534,False,131151.9250688888,pre-construction,1.2612701579056473,6.306350789528237,4.414445552669766,1.891905236858471,1.0722701064779645,46723250.22790364,32706275.159532547,14016975.068371095,4422.373564043238,5070.106062106933
Volney,USA,Grassroots,,,Project,,,,,44.37992,-104.05023,False,2024,pre-construction,4.0015386232807,2.9501921603146024,22.3018588107304,True,True,True,True,1072285.5990832914,,brine,True,676.5915517734613,622.4642276315844,mgLi_per_L,True,0.55,0.0027611475697357697,0.0015186311633546734,22.3018588107304,48080.54827104222,17413248.316765383,26444.301549073225,False,1072285.5990832914,pre-construction,1.0682243381555516,5.341121690777758,3.7387851835444303,1.6023365072333275,1.3432882114234772,467820223.73001295,327474156.61100906,140346067.1190039,3517.0631419015263,4310.305376704298
