name,country,reserves,unit,project_type,construction_start,production_start,closure,reserves_as_of,stage_group,lat,lon,reserves_as_of_year,pre_construction_years,construction_years,lifespan_years,reserves_filled,capacity,deposit_type_known,deposit_type,deposit_type_imputed,grade_base,grade,grade_unit,recovery_efficiency,lce_fraction,reserves_plot,reserves_opacity
Tammela,Finland,,,Project,,,,,pre-construction,60.74814,23.47223,,5.866449088798952,3.2602769116859793,33.91754806605664,21848.545645405044,644.1664239069869,,hard_rock,True,1.7477269243761602,1.6079087704260675,pct_Li2O,0.65,0.025846329530213822,21848.545645405044,0.9
Incahuasi Salar,Argentina,185000.0,tonnes,Brine,,,,9/18/23,pre-construction,-24.32172,-67.6086,2023.0,8.683272758468078,3.592065146834692,43.48576563674204,185000.0,4254.265672712213,brine,brine,False,612.8170929866237,563.7917255476939,mg_per_L_Li,0.55,1.3754873710830887e-05,185000.0,0.9
Salinitas,Argentina,,,Project,,,,,pre-construction,-23.79676,-66.13004,,4.420645831329847,2.0652819638140043,19.910368837864404,749254.6357988716,37631.37900157741,,brine,True,1219.87600297659,1122.2859227384627,mg_per_L_Li,0.55,2.7380503180877172e-05,749254.6357988716,0.9
Salar de Pocitos,Argentina,,,Project,,,,,pre-construction,-24.56123,-67.00505,,8.659377252842372,3.2001706655717292,17.38012163374907,1155527.557529398,66485.58519208354,,brine,True,483.3295680729581,444.6632026271215,mg_per_L_Li,0.55,1.084848520976077e-05,1155527.557529398,0.9
Shatford Lake,Canada,,,Project,,,,,pre-construction,50.39446,-95.41611,,5.092261296724018,3.796855703545752,32.49791653433757,2973793.620145798,91507.20837760977,,hard_rock,True,1.2361726384597052,1.1372788273829288,pct_Li2O,0.65,0.01828118851076689,2973793.620145798,0.9
Birse Lake,Canada,,,Project,,,,,pre-construction,50.40404,-95.36136,,5.507386697482205,2.2445704202806787,30.313583603712157,1136839.6404444934,37502.647503057924,,brine,True,274.5587132241253,252.5940161661953,mg_per_L_Li,0.55,6.162557261908015e-06,1136839.6404444934,0.9
Bailey Lake,Canada,,,Project,,,,,pre-construction,59.91683,-103.06685,,7.544310846975021,4.167725625993768,24.22840035695192,84581.27956906377,3490.997272743788,,hard_rock,True,1.4057094094044444,1.293252656652089,pct_Li2O,0.65,0.020788389829354003,84581.27956906377,0.9
Manono,Democratic Republic of the Congo,13490000.0,tonnes,Open Pit,,,,1/22/24,pre-construction,-7.32649,27.38641,2024.0,5.452689781081639,4.525988028961413,29.43615500806175,13490000.0,458279.96205025626,hard_rock,hard_rock,False,1.727021749394733,1.5888600094431544,pct_Li2O,0.65,0.025540130221793987,13490000.0,0.9
East Pilbara,Australia,,,Project,,,,,pre-construction,-21.26343,120.11171,,6.029581768699559,3.4811703352205132,41.81342420589671,208639.6251575214,4989.776109465298,,hard_rock,True,1.6003653721119786,1.4723361423430203,pct_Li2O,0.65,0.023667067320092883,208639.6251575214,0.9
Prinsep,Australia,,,Project,,,,,pre-construction,-20.84954,116.81434,,3.6211502116259457,3.9882125441562852,36.22658989458179,40552.66279108961,1119.417061034355,,hard_rock,True,0.736173196438286,0.6772793407232232,pct_Li2O,0.65,0.01088692676245545,40552.66279108961,0.9
Saldivar Salar,Mexico,,,Project,,,,,pre-construction,23.35826,-102.17716,,7.06281747309062,2.474537794798262,27.237391537854123,799302.9050918755,29345.794878375786,,brine,True,585.136098101463,538.325210253346,mg_per_L_Li,0.55,1.3133565014985072e-05,799302.9050918755,0.9
Greenbushes,Australia,6600000.0,tonnes,"Open Pit, Underground",,1983.0,2043.0,12/31/23,operation,-33.85434,116.06094,2023.0,5.979429886530362,3.3628522046837013,60.0,6600000.0,330000.0,hard_rock,hard_rock,False,1.2524980989274712,1.4403728137665919,pct_Li2O,0.65,0.02315327279489108,6600000.0,0.9
Salar de Atacama,Chile,3521000.0,tonnes,Brine,,2013.0,2043.0,12/31/23,operation,-23.64182,-68.32159,2023.0,5.156510563392156,4.231334946588101,30.0,3521000.0,176050.0,brine,brine,False,880.6515141408886,1012.7492412620218,mg_per_L_Li,0.55,2.4708127634839656e-05,3521000.0,0.9
Wodgina,Australia,2060000.0,tonnes,"Open Pit, Tailings",,2017.0,2047.0,12/31/23,operation,-21.19096,118.67426,2023.0,7.278787884047653,1.5981907437990412,30.0,2060000.0,85833.33333333333,hard_rock,hard_rock,False,1.4050751070223604,1.6158363730757144,pct_Li2O,0.65,0.025973761779005573,2060000.0,0.9
Pilgangoora,Australia,,,Project,,,,,pre-construction,-21.06191,118.85997,,5.06156087667445,3.80275160913844,16.886536301214676,798134.8902765203,47264.57078229294,,hard_rock,True,0.9403693797651331,0.8651398293839225,pct_Li2O,0.65,0.013906690187431861,798134.8902765203,0.9
Tabba Tabba,Australia,,,Project ,,,,,pre-construction,-20.60786,118.97671,,5.626491812265901,2.3767299431874083,27.066415561913836,1389689.0318085265,51343.667159385885,,hard_rock,True,0.9872776847314033,0.9082954699528911,pct_Li2O,0.65,0.014600395531757748,1389689.0318085265,0.9
Strelley,Australia,,,Project,,,,,pre-construction,-20.42927,119.05343,,4.369884579612569,3.7386138162471694,28.29102181879842,106145.05119975806,3751.898813680469,,hard_rock,True,1.4982990554664903,1.3784351310291711,pct_Li2O,0.65,0.022157655513728412,106145.05119975806,0.9
Greenbushes,Australia,,,Project,,,,,pre-construction,-33.9986,116.07878,,5.42932767808165,3.3086562507780726,37.96678533068524,78971.56659107235,2080.0172019632782,,hard_rock,True,1.4584329986490987,1.3417583587571709,pct_Li2O,0.65,0.021568094737842144,78971.56659107235,0.9
Wyemandoo,Australia,,,Project,,,,,pre-construction,-28.48178,118.58533,,4.687712466466399,3.7399828698673927,25.90593183621141,8075514.534141298,311724.53417997935,,hard_rock,True,1.860502573457141,1.7116623675805698,pct_Li2O,0.65,0.027514116727673867,8075514.534141298,0.9
Salar de Tolillar,Argentina,2028000.0,tonnes,Brine,,2027.0,2062.0,7/17/23,pre-construction,-25.03672,-67.12411,2023.0,4.916347245721895,2.791077843728499,35.0,2028000.0,57942.857142857145,brine,brine,False,1386.5963807551575,1275.668670294745,mg_per_L_Li,0.55,3.1122594854903424e-05,2028000.0,0.9
Hombre Muerto,Argentina,,,Project,,,,,pre-construction,-25.19152,-67.03884,,7.044118328155175,2.8978220095942913,31.512076169493188,784157.7090120263,24884.35559733664,,brine,True,710.194978678061,653.3793803838162,mg_per_L_Li,0.55,1.5940551191505666e-05,784157.7090120263,0.9
Macusani Plateau,Peru,4030000.0,tonnes,"Open Pit, Underground",,2028.0,2071.0,10/31/2023,pre-construction,-13.94385,-70.53707,2023.0,4.98134363799028,4.221783193052983,43.0,4030000.0,93720.93023255814,hard_rock,hard_rock,False,0.8182861021681354,0.7528232139946845,pct_Li2O,0.65,0.012101256753357556,4030000.0,0.9
Split Rocks,Australia,85680.0,tonnes,"Open Pit, Underground",,,,08/03/2023,pre-construction,-31.76566,119.58681,2023.0,5.755201312795532,1.7548970823233412,14.747333724244083,85680.0,5809.863776198757,hard_rock,hard_rock,False,0.805944097204708,0.7414685694283314,pct_Li2O,0.65,0.011918736519275714,85680.0,0.9
Incahuasi Salar,Argentina,185000.0,tonnes,Brine,,,,9/18/23,pre-construction,-24.32172,-67.6086,2023.0,9.178904386227373,2.1178576896996777,13.486994489556201,185000.0,13716.918186869338,brine,brine,False,450.9909335376383,414.91165885462726,mg_per_L_Li,0.55,1.0122634317047913e-05,185000.0,0.9
Pocitos 1,Argentina,308000.0,tonnes,Brine,,,,12/18/2023,pre-construction,-24.47854,-67.02077,2023.0,8.841553530901207,4.533801849091948,16.53713892855729,308000.0,18624.745267642866,brine,brine,False,1815.936236060638,1670.6613371757871,mg_per_L_Li,0.55,4.075926386485578e-05,308000.0,0.9
Crescent Lake,Canada,,,Project,,,,,pre-construction,50.45414,-88.35233,,6.896396920847268,4.166939650097385,20.109884167545996,11839345.8713761,588732.6735816228,,brine,True,1105.450636484506,1017.0145855657456,mg_per_L_Li,0.55,2.481218959526296e-05,11839345.8713761,0.9
Jarnet,Canada,,,Project,,,,,pre-construction,53.57851,-73.87056,,5.992873840788164,2.083948538528584,14.39939955091798,1225593.9116126017,85114.23738738248,,brine,True,655.8832192946186,603.4125617510491,mg_per_L_Li,0.55,1.4721506553420493e-05,1225593.9116126017,0.9
Salar de Olaroz,Argentina,9149000.0,tonnes,Brine,,2014.0,2055.0,6/30/23,operation,-23.45,-66.7,2023.0,4.9688770547282,4.539211258921323,41.0,9149000.0,285906.25,brine,brine,False,605.06157231103,695.8208081576844,mg_per_L_Li,0.55,1.6975998241690375e-05,9149000.0,0.9
Salar del Hombre Muerto,Argentina,4768230.0,tonnes,Brine,,1997.0,2062.0,12/31/23,operation,-25.3927,-67.04878,2023.0,4.499709346124034,2.457272607356023,65.0,4768230.0,122262.30769230769,brine,brine,False,528.6715239717503,607.9722525675128,mg_per_L_Li,0.55,1.4832749710243992e-05,4768230.0,0.9
Sal de Vida,Argentina,2901000.0,tonnes,Brine,,2026.0,2065.0,6/30/23,construction,-25.22556,-66.98187,2023.0,8.974031902330603,4.070943989930863,39.0,2901000.0,74384.61538461539,brine,brine,False,483.4087359823771,522.0814348609673,mg_per_L_Li,0.55,1.273726427308926e-05,2901000.0,0.9
Salar de Cauchari,Argentina,2411000.0,tonnes,Brine,,2027.0,2057.0,6/30/23,pre-construction,-23.75738,-66.79067,2023.0,5.884468502632467,4.127189494014919,30.0,2411000.0,80366.66666666667,brine,brine,False,1158.4580223667908,1065.7813805774476,mg_per_L_Li,0.55,2.600195715706304e-05,2411000.0,0.9
Galaxy,Canada,1430000.0,tonnes,Open Pit,,2024.0,2042.0,6/30/23,construction,52.23444,-77.06523,2023.0,4.273624188915547,1.435851292481002,18.0,1430000.0,79444.44444444444,hard_rock,hard_rock,False,1.8894885294039314,2.040647611756246,pct_Li2O,0.65,0.03280239003517577,1430000.0,0.9
Sal de los Angeles,Argentina,828563.0,tonnes,Brine,,,2035.0,6/30/18,construction,-25.24472,-66.74833,2018.0,6.369867969868384,1.278734783880942,17.109672937238294,828563.0,48426.58319883349,brine,brine,False,488.6343844405202,527.7251351957618,mg_per_L_Li,0.55,1.2874954100465602e-05,828563.0,0.9
Nemaska,Canada,723000.0,tonnes,"Open Pit, Underground",,2028.0,2059.0,12/31/22,construction,51.6797,-75.85327,2022.0,7.204272724670811,2.6173926209868243,31.0,723000.0,23322.58064516129,hard_rock,hard_rock,False,1.4250931893621566,1.5391006445111293,pct_Li2O,0.65,0.024740273310194145,723000.0,0.9
Mt Cattlin,Australia,153000.0,tonnes,"Open Pit, Underground",,2016.0,2028.0,6/30/23,operation,-33.56306,120.03444,2023.0,6.319662452553628,4.257994487112246,12.0,153000.0,30600.0,hard_rock,hard_rock,False,0.8863840946416135,1.0193417088378554,pct_Li2O,0.65,0.016385408298714106,153000.0,0.9
Salar de Salinas Grandes,Argentina,96800.0,tonnes,Brine,,,,03/06/2012,pre-construction,-23.72856,-65.94639,2012.0,8.298653376786962,3.7080052270996027,39.645465425403316,96800.0,2441.6411552069767,brine,brine,False,1101.4476476395296,1013.3318358283673,mg_per_L_Li,0.55,2.472234124302433e-05,96800.0,0.9
Salar de Ratones,Argentina,,,Brine,,,,,pre-construction,-25.14386,-66.79356,,3.7445134473593074,2.7592065903926786,15.378479242698713,45197.87194683159,2939.03390793926,brine,brine,False,772.5484452582859,710.744569637623,mg_per_L_Li,0.55,1.7340094494163227e-05,45197.87194683159,0.9
Sal de Vida Extension,Argentina,,,Brine,,,,,operation,-25.31315,-66.8767,,5.93805763385308,3.934207576762554,29.771252621509873,2313363.408221372,77704.6044260145,brine,brine,False,1031.1062990393057,1185.7722438952014,mg_per_L_Li,0.55,2.8929384248664893e-05,2313363.408221372,0.9
Mt Cattlin,Australia,,,Project,,,,,pre-construction,-33.55937,120.05826,,5.649914472218866,2.568596392427338,14.616790834071296,4877460.360103957,333688.86614527897,,hard_rock,True,1.3849616193155918,1.2741646897703445,pct_Li2O,0.65,0.020481560305713402,4877460.360103957,0.9
Rincon West,Argentina,,,Project,,,,,pre-construction,-24.06413,-67.22206,,3.934288022024396,2.6671350337728703,27.608629053923394,261380.00661970352,9467.330163667053,,brine,True,737.8063440901833,678.7818365629687,mg_per_L_Li,0.55,1.6560297031779795e-05,261380.00661970352,0.9
Pocitos West,Argentina,,,Brine,,,,,pre-construction,-24.48788,-67.10926,,6.456906142913812,2.2344337060814556,28.75603513620953,20235.35721140443,703.6907944907925,brine,brine,False,490.2876628826256,451.0646498520156,mg_per_L_Li,0.55,1.1004661851160447e-05,20235.35721140443,0.9
Incahuasi,Argentina,,,Project,,,,,pre-construction,-26.35584,-67.64756,,7.728909809545861,4.431149259836343,27.73124214506845,1813715.9053720378,65403.34168531205,,brine,True,216.47061843173378,199.1529689571951,mg_per_L_Li,0.55,4.858751579729436e-06,1813715.9053720378,0.9
Rincon,Argentina,277498.0,tonnes,Brine,,,,1/15/24,construction,-24.20374,-66.99009,2024.0,6.225471636568344,3.7466225890132105,46.58827442862731,277498.0,5956.3914612275175,brine,brine,False,1353.4760612553468,1461.7541461557746,mg_per_L_Li,0.55,3.5662537716607946e-05,277498.0,0.9
Prairie Lithium,Canada,2545000.0,tonnes,Brine,,2027.0,,12/13/2023,construction,49.04,-103.60603,2023.0,4.90823590478775,2.9233820325889615,28.46820082161257,2545000.0,89397.99237568535,brine,brine,False,1339.1909182063457,1446.3261916628535,mg_per_L_Li,0.55,3.528614062518127e-05,2545000.0,0.9
Mt Deans,Australia,,,Project,,,,,pre-construction,-32.28393,121.78605,,7.6326920851100315,2.454033206191327,18.151894585671,447974.09498877195,24679.192184291336,,hard_rock,True,1.370916216629317,1.2612429192989716,pct_Li2O,0.65,0.02027384930627132,447974.09498877195,0.9
Uis,Namibia,,,Project,,,,,pre-construction,-21.25195,14.85944,,5.856614410081151,4.478307374241906,41.02075130695256,925403.6751874223,22559.403367889478,,hard_rock,True,1.407093845811183,1.2945263381462884,pct_Li2O,0.65,0.020808863622532512,925403.6751874223,0.9
Myrnas Hill,Australia,,,Project,,,,,pre-construction,-20.82307,119.52724,,5.862502079315163,2.78172941954693,20.996786351438985,5392.24315444328,256.81278383221394,,hard_rock,True,1.5631233039276375,1.4380734396134267,pct_Li2O,0.65,0.023116311505066024,5392.24315444328,0.9
Yapuckuta,Chile,,,Project,,,,,pre-construction,-23.1273,-68.26219,,7.059941713090747,2.2983237330245423,26.49066636206233,1263792.509528003,47707.08642263143,,brine,True,506.13592234424675,465.645048556707,mg_per_L_Li,0.55,1.136038105339203e-05,1263792.509528003,0.9
Ewoyaa,Ghana,455000.0,tonnes,Open Pit,,2026.0,2038.0,7/30/24,pre-construction,5.248615,-1.175696,2024.0,4.439065148278351,2.84316332729077,12.0,455000.0,37916.666666666664,hard_rock,hard_rock,False,1.4506509655594786,1.3345988883147204,pct_Li2O,0.65,0.021453009830214972,455000.0,0.9
Minas Gerais,Brazil,,,Project,,2024.0,,,pre-construction,-17.03413,-41.89841,,7.487418691698654,3.5009915550634627,34.77129794487617,4825.236523565459,138.77067606780255,,brine,True,648.5568484239427,596.6723005500273,mg_per_L_Li,0.55,1.455706383921073e-05,4825.236523565459,0.9
Mount Peake,Australia,,,Project,,,,,pre-construction,-21.87269,133.35257,,6.670591900970084,3.645554870755027,15.796655884992198,126807.79342430829,8027.508755494481,,hard_rock,True,1.2917126753917354,1.1883756613603966,pct_Li2O,0.65,0.019102544568537695,126807.79342430829,0.9
Rankin Dome,Australia,,,Project,,,,,pre-construction,-31.10702,119.04693,,7.2702368151097865,1.9337475124957246,22.452505958521108,2660229.6871955567,118482.52894844257,,hard_rock,True,1.1619822655136212,1.0690236842725316,pct_Li2O,0.65,0.01718402121283881,2660229.6871955567,0.9
Separation Rapids,Canada,175000.0,tonnes,Open Pit,,2026.0,,08/07/2023,pre-construction,50.266,-94.58258,2023.0,4.637872896864067,4.342311730703744,24.13996620147823,175000.0,7249.3887745909,hard_rock,hard_rock,False,1.008007897431251,0.927367265636751,pct_Li2O,0.65,0.014906965111477953,175000.0,0.9
Paterson Lake,Canada,,,Project,,,,,pre-construction,50.28245,-94.60458,,7.369932631986122,3.386483969999657,28.02038657583736,24078.814698937033,859.3319950732143,,brine,True,828.5173188070594,762.2359333024947,mg_per_L_Li,0.55,1.8596333584442075e-05,24078.814698937033,0.9
Galinee,Canada,,,Project,,,,,pre-construction,53.2125,-72.329165,,4.636623036866096,1.7070828074027442,39.487602509747134,22489.95519798578,569.5447119747103,,hard_rock,True,1.8669996595620268,1.7176396867970647,pct_Li2O,0.65,0.027610199145419415,22489.95519798578,0.9
Pilipas,Canada,,,Project,,,,,pre-construction,52.61499,-77.33379,,4.068520773354069,3.859601605258994,21.048277499258514,261808.86948160344,12438.493814556863,,hard_rock,True,1.2131708706742654,1.1161172010203242,pct_Li2O,0.65,0.017941025947801198,261808.86948160344,0.9
Kamativi,Zimbabwe,,,Project,,,,,pre-construction,-18.31328,27.04325,,7.748987805463386,4.525900743676817,21.97579662069073,9964037.222361252,453409.6030439177,,hard_rock,True,1.0773512679109996,0.9911631664781196,pct_Li2O,0.65,0.015932452319552533,9964037.222361252,0.9
Bullabulling,Australia,,,Project,,,,,pre-construction,-30.93863,120.92884,,7.796575929653667,3.860693692707592,30.16083048556253,9441899.24380197,313051.69956515764,,hard_rock,True,1.3746798434334635,1.2647054559587865,pct_Li2O,0.65,0.020329507851809515,9441899.24380197,0.9
Rekovac,Serbia,,,Project,,,,,pre-construction,43.7991,21.04978,,7.921249984865981,1.279783906534437,19.14237206951453,198834.9197429157,10387.161999613058,,hard_rock,True,1.396657029793159,1.2849244674097065,pct_Li2O,0.65,0.020654518351377323,198834.9197429157,0.9
Gorge,Canada,,,Project,,,,,pre-construction,49.4931,-87.44315,,5.7007954430566645,2.9454334389622376,25.748382156091683,3240225.937870938,125841.92351302152,,brine,True,1601.0143573881012,1472.933208797053,mg_per_L_Li,0.55,3.593527423945578e-05,3240225.937870938,0.9
Julimar Nth,Australia,,,Project,,,,,pre-construction,-30.97314,116.45676,,4.958743842515416,3.18709906273822,21.428428161701824,1561316.3291463647,72861.91583276477,,hard_rock,True,1.3262873259487815,1.220184339872879,pct_Li2O,0.65,0.019613853171286597,1561316.3291463647,0.9
Carachi Pampa,Argentina,,,Brine,,,,,pre-construction,-26.57331,-67.38203,,3.315096176499061,4.053421714606249,28.751473443934223,899100.7348661991,31271.46636917437,brine,brine,False,737.1049763678247,678.1365782583988,mg_per_L_Li,0.55,1.654455461115168e-05,899100.7348661991,0.9
Falcon Lake,Canada,,,Open Pit,,,,,pre-construction,50.46493,-88.12254,,6.478669476621539,3.005528612217902,27.56527842620337,1057365.5494094905,38358.602190078585,hard_rock,hard_rock,False,1.629982258911345,1.4995836781984375,pct_Li2O,0.65,0.024105057835200786,1057365.5494094905,0.9
Killick,Canada,,,Project,,,,,pre-construction,47.84123,-57.70978,,6.868998310892225,1.7865052593970394,30.585902905284915,162056.50454237772,5298.405119646675,,hard_rock,True,1.3367226101587504,1.2297848013460504,pct_Li2O,0.65,0.019768175789237084,162056.50454237772,0.9
Ruby Hill,Canada,,,Project,,,,,pre-construction,52.313,-72.542,,7.6010257561844465,4.270756584046375,23.839639400376825,2291888.6035692464,96137.72109040455,,hard_rock,True,1.16638132304893,1.0730708172050156,pct_Li2O,0.65,0.01724907685116202,2291888.6035692464,0.9
Cosgrave Lake,Canada,,,Project,,,,,pre-construction,49.19277,-88.14599,,4.986527015447711,4.37861958715366,19.667396475883997,3598682.425168254,182977.06204178726,,brine,True,944.7210922330084,869.1434048543678,mg_per_L_Li,0.55,2.1204564076849082e-05,3598682.425168254,0.9
Ear Falls,Canada,,,Project,,,,,pre-construction,50.68741,-93.19872,,4.735815180335058,2.972130249276607,12.41805926552222,62008880.279990286,4993443.738197734,,brine,True,276.41664348733406,254.30331200834735,mg_per_L_Li,0.55,6.204259095010319e-06,62008880.279990286,0.9
Bikita,Zimbabwe,1167000.0,tonnes,Open Pit ,,,,12/31/23,operation,-19.96262,31.42657,2023.0,6.447057318549956,1.6538668762574216,28.134916434896052,1167000.0,41478.70858974924,hard_rock,hard_rock,False,0.879667007079495,1.0116170581414192,pct_Li2O,0.65,0.016261238401094242,1167000.0,0.9
San Jorge,Argentina,432280.0,tonnes,Project,,,,05/27/2024,pre-construction,-26.93886,-68.12172,2024.0,7.387897237870481,3.8647138833392662,19.48292571025699,432280.0,22187.63272152815,,brine,True,406.6718890720697,374.13813794630414,mg_per_L_Li,0.55,9.127879329654144e-06,432280.0,0.9
Fox Creek,Canada,779000.0,tonnes,Brine,,,,03/19/2012,pre-construction,54.10074,-116.62268,2012.0,8.87238328744825,3.562426145037467,11.389428066790623,779000.0,68396.76192972445,brine,brine,False,1187.4532943389959,1092.4570307918762,mg_per_L_Li,0.55,2.665276521831531e-05,779000.0,0.9
Mt Ida North,Australia,,,Project,,,,,pre-construction,-28.92897,120.35344,,4.4516706327182085,4.520284082406438,22.61450186824416,2799004.8311864105,123770.35087900131,,hard_rock,True,0.9183978569415181,0.8449260283861967,pct_Li2O,0.65,0.013581763443293919,2799004.8311864105,0.9
Bald Hill East,Australia,,,Project,,,,,pre-construction,-31.54478,122.2195,,5.7429392284085,1.24188748685948,20.486581570432012,8063.277117114544,393.5882172139522,,hard_rock,True,1.247032188284238,1.147269613221499,pct_Li2O,0.65,0.018441785397728984,8063.277117114544,0.9
Cat Camp,Australia,,,Project,,,,,pre-construction,-31.88398,120.27165,,8.080378989713353,2.866535720569198,30.48803621736588,70316.67979295054,2306.369596638645,,hard_rock,True,1.068313279942504,0.9828482175471036,pct_Li2O,0.65,0.015798793672960918,70316.67979295054,0.9
Mirage,Canada,,,Project,,,,,pre-construction,53.61722,-72.17188,,5.505012985901995,2.5067910236854223,20.971631254125647,1013720.901259502,48337.72294466019,,brine,True,892.0730368405875,820.7071938933406,mg_per_L_Li,0.55,2.002286180168199e-05,1013720.901259502,0.9
Hearst,Canada,,,Project,,,,,pre-construction,49.47017,-83.67775,,6.209560998108753,1.9282460694593053,22.45352724814737,639904.2307408375,28499.05155964463,,hard_rock,True,0.9474005186934635,0.8716084771979865,pct_Li2O,0.65,0.014010670466719033,639904.2307408375,0.9
Ravensthorpe,Australia,,,Project,,,,,pre-construction,-33.63355,119.91649,,3.5855505827057854,3.5443478510938036,31.798221359094693,22466.2792967229,706.5262878389661,,hard_rock,True,1.5648247288895012,1.4396387505783412,pct_Li2O,0.65,0.023141473096171546,22466.2792967229,0.9
Chubb,Canada,,,Project,,,,,pre-construction,48.30518,-77.9576,,6.619333800913326,2.6521862277045263,30.225907944465742,445172.51958222996,14728.17691366454,,hard_rock,True,1.2181936314494815,1.120738140933523,pct_Li2O,0.65,0.018015305246435916,445172.51958222996,0.9
Kamativi,Zimbabwe,154600.0,tonnes,"Tailings, Open Pit, Underground",,,,09/10/2018,pre-construction,-18.31467,27.04258,2018.0,8.317175495538464,1.5583485586703558,18.018260569490987,154600.0,8580.184496930462,hard_rock,hard_rock,False,1.4485621496725476,1.3326771776987438,pct_Li2O,0.65,0.02142211929291846,154600.0,0.9
Cinovec,Czechia,2990000.0,tonnes,Underground,,,,9/20/21,pre-construction,50.72511,13.76692,2021.0,7.538067128146105,2.0339315479330535,27.732846042441896,2990000.0,107814.39436198336,hard_rock,hard_rock,False,1.5920195855187242,1.4646580186772264,pct_Li2O,0.65,0.023543645321227075,2990000.0,0.9
Sonora,Mexico,3562000.0,tonnes,"Open Pit, underground",,,,12/12/2017,construction,29.71327,-109.15911,2017.0,7.998303053618789,3.754208034149201,41.02230651989869,3562000.0,86830.80748451286,hard_rock,hard_rock,False,0.8130942142532374,0.8781417513934964,pct_Li2O,0.65,0.014115689582774758,3562000.0,0.9
Gascoyne,Australia,,,Project,,,,,pre-construction,-23.62262,115.46808,,6.552165653372876,3.2243221418047248,39.57034591127542,304522.17392856884,7695.71675242284,,hard_rock,True,1.778681174534944,1.6363866805721485,pct_Li2O,0.65,0.026304097696856998,304522.17392856884,0.9
Strelley,Australia,,,Project,,,,,pre-construction,-20.42927,119.05343,,4.854112116729861,2.3116421011041535,36.55600971459953,520165.74804739124,14229.281371474479,,hard_rock,True,1.293296201410387,1.189832505297556,pct_Li2O,0.65,0.019125962606405564,520165.74804739124,0.9
Balingup,Australia,,,Project,,,,,pre-construction,-34.1346,116.06996,,7.153615444352065,3.440621221131372,20.647253657829868,458267.30349437,22195.073063413714,,hard_rock,True,1.1263805167261864,1.0362700753880916,pct_Li2O,0.65,0.016657523326825876,458267.30349437,0.9
Champion Electric,Canada,,,Project,,,,,pre-construction,53.63801,-74.23782,,4.721466350674665,2.0213904002398717,43.03630630139157,2801525.096290903,65096.78308987025,,hard_rock,True,1.2412706025589635,1.1419689543542464,pct_Li2O,0.65,0.018356579956767333,2801525.096290903,0.9
Bynoe,Australia,,,Project,,,,,pre-construction,-12.79037,130.73201,,7.5699010747000735,3.3830590796246853,18.936431010231715,7200176.418682721,380228.79891106876,,hard_rock,True,1.0331516620777939,0.9504995291115704,pct_Li2O,0.65,0.015278804680703941,7200176.418682721,0.9
Kenticha Lithium,Ethiopia,680000.0,tonnes,Project,,,2041.0,12/30/22,construction,5.45496,39.0205,2022.0,3.9370437108218352,3.3387721539119193,23.209258310070524,680000.0,29298.652758108485,,brine,True,417.39021995198624,450.78143754814516,mg_per_L_Li,0.55,1.0997752296981895e-05,680000.0,0.9
Yelonggou,China,111500.0,tonnes,Project,,2019.0,,12/31/21,operation,31.74557,101.81148,2021.0,7.528578034566831,1.2102518781384979,16.75674946628903,111500.0,6654.03515307751,,hard_rock,True,1.1282936832990496,1.2975377357939069,pct_Li2O,0.65,0.020857270334019157,111500.0,0.9
Sabi Star,Zimbabwe,,,Open Pit,,2023.0,,,operation,-19.20352,31.96068,,4.517597354583033,3.0231651029967734,27.168740738767465,1856386.5057122668,68328.02902283073,hard_rock,hard_rock,False,1.338747168712222,1.5395592440190553,pct_Li2O,0.65,0.024747645067984304,1856386.5057122668,0.9
Qinghai Yiliping,China,1020010.0,tonnes,Brine,,,,12/31/21,construction,37.99026,93.67586,2021.0,5.323478309403715,3.52031201108523,31.75671869868012,1020010.0,32119.502322587057,brine,brine,False,1164.2715769369697,1257.4133030919274,mg_per_L_Li,0.55,3.067721713997568e-05,1020010.0,0.9
Laguna Verde,Chile,714746.0,tonnes,Brine,2026.0,2027.0,2056.0,07/17/2023,pre-construction,-26.9,-68.42526,2023.0,5.109788944175697,1.0,29.0,714746.0,24646.41379310345,brine,brine,False,582.4372346110229,535.8422558421411,mg_per_L_Li,0.55,1.3072988169302036e-05,714746.0,0.9
Corvette,Canada,,,Project,,,,,pre-construction,53.55369,-73.92993,,6.713177253748073,3.4656163171541956,11.695591806553109,82464.64270312047,7050.916624579446,,hard_rock,True,1.0031018500314608,0.922853702028944,pct_Li2O,0.65,0.01483441183326426,82464.64270312047,0.9
Liberty,Canada,,,Project,,,,,pre-construction,53.31122,-72.41821,,4.581140820560018,4.0410239371951695,45.41332742727279,126638.27595969616,2788.5707375770057,,hard_rock,True,1.2154002151666763,1.1181681979533422,pct_Li2O,0.65,0.017973994698000997,126638.27595969616,0.9
Cachoeira,Brazil,,,Underground,,2016.0,,,operation,-16.78501,-41.90859,,5.403149521421708,3.6034552365851322,21.225215265870723,179584.3867465347,8460.898252245246,hard_rock,hard_rock,False,1.0879717393001411,1.251167500195162,pct_Li2O,0.65,0.020111891981887134,179584.3867465347,0.9
Carachi Pampa,Argentina,,,Brine,,,,,pre-construction,-26.57331,-67.38203,,3.2855596811731886,4.210012152131335,32.38359599532119,514181.1882993745,15877.82865045821,brine,brine,False,1502.7217265474985,1382.5039884236987,mg_per_L_Li,0.55,3.3729065014238684e-05,514181.1882993745,0.9
Barraute,Canada,,,Project,,,,,pre-construction,48.3151,-77.97344,,4.9170096448639535,2.8216629843790844,40.615073915714454,270382.98403353756,6657.2077301802765,,brine,True,1826.3986881048916,1680.2867930565003,mg_per_L_Li,0.55,4.0994096914098865e-05,270382.98403353756,0.9
Rome,Canada,,,Project,,,,,pre-construction,48.39338,-77.82045,,5.499067707464756,1.5227694456653307,33.758088185071905,308947.22455556854,9151.798610804846,,hard_rock,True,1.503046130331863,1.382802439905314,pct_Li2O,0.65,0.02222785782025797,308947.22455556854,0.9
La Corne,Canada,,,Project,,,,,pre-construction,48.39935,-77.97962,,4.217742712522864,2.203340068333857,26.081148264376274,114373.11833584108,4385.279251376407,,hard_rock,True,1.0490287015896897,0.9651064054625146,pct_Li2O,0.65,0.01551360291460719,114373.11833584108,0.9
Kamativi,Zimbabwe,,,Project,,,,,pre-construction,-18.31328,27.04325,,6.416788885828735,2.517319429483611,26.471090249790702,2947220.8310789866,111337.34210672676,,hard_rock,True,1.4495281182285802,1.3335658687702938,pct_Li2O,0.65,0.02143640455754809,2947220.8310789866,0.9
Finniss,Australia,606800.0,tonnes,"Open Pit, Underground",,2023.0,2036.0,04/11/2024,operation,-12.69504,130.79187,2024.0,5.343268254025,1.57821528034686,13.0,606800.0,50566.666666666664,hard_rock,hard_rock,False,0.7054565431662632,0.8112750246412026,pct_Li2O,0.65,0.013040840383595011,606800.0,0.9
Walabanba Hills,Australia,,,Project,,,,,pre-construction,-21.66242,133.09631,,6.899240066156098,1.9302023085589435,22.76927374599673,2487306.6597907245,109239.6133288195,,hard_rock,True,1.2069916873945743,1.1104323524030084,pct_Li2O,0.65,0.01784964484870216,2487306.6597907245,0.9
Bynoe,Australia,,,Project,,,,,pre-construction,-12.67058,130.78904,,6.519383730916866,3.0379176798776344,35.40556170661115,2975391.575600304,84037.40633338745,,hard_rock,True,1.2320928630716719,1.1335254340259382,pct_Li2O,0.65,0.018220854589249942,2975391.575600304,0.9
Shoobridge,Australia,,,Project,,,,,pre-construction,-13.55089,131.29355,,5.538266727740128,2.421237160031749,30.440352715483176,493699.7457980647,16218.594784775583,,hard_rock,True,1.184107793713044,1.0893791702160005,pct_Li2O,0.65,0.017511225471637103,493699.7457980647,0.9
Trelavour,United Kingdom,122400.0,tonnes,Open Pit,,,,11/30/2021,pre-construction,50.37828,-4.87322,2021.0,7.845056311055199,2.5113838291997204,29.905921412541247,122400.0,4092.8349376545457,hard_rock,hard_rock,False,1.2659502984444195,1.164674274568866,pct_Li2O,0.65,0.018721556626557237,122400.0,0.9
Blackwater,United Kingdom,,,Project,,,,,pre-construction,50.26898,-5.17681,,6.4117872293446485,3.561860998731044,30.447928890218563,1250162.9139790514,41059.0460351695,,brine,True,1643.6001286056537,1512.1121183172015,mg_per_L_Li,0.55,3.689112535992797e-05,1250162.9139790514,0.9
Cross Lanes Farm,United Kingdom,,,Project,,,,,pre-construction,50.24332,-5.13896,,7.423103091646945,3.92177788675467,22.06167760997422,116751.6134333482,5292.055096506537,,brine,True,562.2127099097784,517.2356931169961,mg_per_L_Li,0.55,1.2619042307949782e-05,116751.6134333482,0.9
Maricunga,Chile,1167000.0,tonnes,Brine,,2025.0,2045.0,12/21/2021,construction,-26.877736,-69.071664,2021.0,5.2002932733242915,3.949437515362488,20.0,1167000.0,58350.0,brine,brine,False,986.3654810461379,1065.274719529829,mg_per_L_Li,0.55,2.5989596105262538e-05,1167000.0,0.9
Maricunga,Chile,,,Brine,,2025.0,2045.0,,construction,-26.877736,-69.071664,,6.003554721805383,2.721909631548777,20.0,98032.86278019597,4901.643139009799,brine,brine,False,1444.671658378527,1560.245391048809,mg_per_L_Li,0.55,3.806543682586706e-05,98032.86278019597,0.9
Uyuni Salt Flant,Bolivia,39000000.0,tonnes,Brine,,,,12/15/2009,construction,-20.54285,-67.37803,2009.0,4.65775643313683,3.475874213346195,18.65171356688007,39000000.0,2090960.6969974316,brine,brine,False,1028.5030617876312,1110.7833067306417,mg_per_L_Li,0.55,2.7099872899583035e-05,39000000.0,0.9
Ceara,Brazil,,,Project,,,,,pre-construction,-5.54053,-38.98141,,9.632497148517153,3.913002789011336,30.06163921796114,220926.1984116639,7349.106840443536,,brine,True,420.5994893202235,386.95153017460564,mg_per_L_Li,0.55,9.440488727630703e-06,220926.1984116639,0.9
Balingup,Australia,,,Project,,,,,pre-construction,-34.1346,116.06996,,4.845268679701842,2.098935994719062,18.226591322647835,1567475.824631717,85999.39488872048,,hard_rock,True,1.5836560339355665,1.4569635512207213,pct_Li2O,0.65,0.023419960604097487,1567475.824631717,0.9
Rose,Canada,299000.0,tonnes,"Open Pit, Underground",,2025.0,2042.0,08/01/2023,construction,52.02036,-76.15678,2023.0,4.896350321322365,2.266660704283904,17.0,299000.0,17588.235294117647,hard_rock,hard_rock,False,1.2690412155185116,1.3705645127599926,pct_Li2O,0.65,0.0220311392603605,299000.0,0.9
Valiquette,Canada,,,Project,,,,,pre-construction,51.61415,-75.98299,,4.012255409209318,3.3218111979757854,27.430686233676912,438696.17900000105,15992.898437276775,,brine,True,635.2875736036037,584.4645677153154,mg_per_L_Li,0.55,1.4259230763931196e-05,438696.17900000105,0.9
Lemare,Canada,,,Project,,,,,pre-construction,51.75391,-75.4376,,4.8998009542987155,2.4575331486327725,16.932293656250803,78258.13012694797,4621.8268898294145,,brine,True,1089.2750692048794,1002.1330636684891,mg_per_L_Li,0.55,2.444912386540877e-05,78258.13012694797,0.9
Bourier,Canada,,,Project,,,,,pre-construction,51.86,-75.22,,7.120676926609635,2.2415382517025435,13.07366310601208,668176.7174134193,51108.607587276,,hard_rock,True,1.5474553683312045,1.423658938864708,pct_Li2O,0.65,0.02288460561278075,668176.7174134193,0.9
Duval,Canada,,,Project,,,,,pre-construction,51.62626,-75.94386,,6.748273531477139,2.7146900065552915,28.12415605578275,1184614.6596429225,42120.896260613226,,hard_rock,True,1.4497517416281376,1.3337716022978867,pct_Li2O,0.65,0.021439711621137378,1184614.6596429225,0.9
Amiral,Canada,,,Project,,,,,pre-construction,51.995,-75.1,,4.342171737312469,1.3575835250369592,14.10606939740599,754968.117532672,53520.79989564673,,hard_rock,True,1.0058600186655247,0.9253912171722827,pct_Li2O,0.65,0.014875201120435857,754968.117532672,0.9
Mavis Lake,Canada,86000.0,tonnes,Project,,,,05/05/2023,pre-construction,49.8146,-92.66102,2023.0,5.32756461253698,2.8725795608428104,14.580084182767493,86000.0,5898.45702685621,,brine,True,749.9296069859024,689.9352384270303,mg_per_L_Li,0.55,1.6832407506507465e-05,86000.0,0.9
Gullwing-Tot,Canada,,,Project,,,,,pre-construction,49.91595,-92.54348,,5.498028077787602,1.6149467763007648,23.446872052941867,178932.45343023902,7631.399746039407,,brine,True,543.0526829370583,499.6084683020937,mg_per_L_Li,0.55,1.2188989435205204e-05,178932.45343023902,0.9
North Dam,Australia,,,Project,,,,,pre-construction,-31.27851,121.42836,,6.575740754946937,2.3991718933697816,24.26960602369611,636596.029054462,26230.175653980903,,hard_rock,True,1.1006021941204844,1.0125540185908457,pct_Li2O,0.65,0.01627629957183855,636596.029054462,0.9
East Yilgarn,Australia,,,Project,,,,,pre-construction,-31.34558,121.4251,,5.6362302657600285,2.31921855918218,35.673630392426844,273840.5126135262,7676.272630543927,,hard_rock,True,0.9639678766728059,0.8868504465389815,pct_Li2O,0.65,0.014255677502890855,273840.5126135262,0.9
Pontax,Canada,105280.0,tonnes,Project,,,,08/14/2023,pre-construction,51.92481,-76.99303,2023.0,6.195810393644081,2.623441366673786,17.194307785341177,105280.0,6122.956580418744,,hard_rock,True,1.502269005266771,1.3820874848454294,pct_Li2O,0.65,0.022216365275147854,105280.0,0.9
Auclair,Canada,,,Project,,,,,pre-construction,52.01277,-75.19598,,7.631236847279363,2.0015586112963595,37.43015039149216,323555.08069953247,8644.236726686415,,brine,True,953.6414074115457,877.3500948186221,mg_per_L_Li,0.55,2.140478337579783e-05,323555.08069953247,0.9
Shaakichiuwaanaan,Canada,1970000.0,tonnes,Project,,2028.0,,08/05/2024,pre-construction,53.52101,-73.93774,2024.0,6.90590503716078,2.941538392974925,23.2792692287426,1970000.0,84624.6495387264,,hard_rock,True,0.8844247490514674,0.81367076912735,pct_Li2O,0.65,0.013079350778337587,1970000.0,0.9
Corvette,Canada,,,Project,,,,,pre-construction,53.55369,-73.92993,,5.2856871362625455,3.419763671660903,36.717542808846716,487456.7635811577,13275.85470843953,,hard_rock,True,1.5990121361973915,1.4710911653016001,pct_Li2O,0.65,0.02364705493664057,487456.7635811577,0.9
Salinas Grandes/Guayatayoc,Argentina,,,Brine,,,,,pre-construction,-23.09376,-65.96333,,5.606125949353685,2.64664245907651,17.780640815228907,2106204.811735571,118454.94398220067,brine,brine,False,1392.1011114044495,1280.7330224920936,mg_per_L_Li,0.55,3.1246150277491486e-05,2106204.811735571,0.9
Beechworth,Australia,,,Placer,,,,12/31/15,pre-construction,-36.46872,147.20498,2015.0,5.295691861617718,4.236813096473738,14.384959145846734,13539143.255036678,941201.369970226,hard_rock,hard_rock,False,1.2939785785410267,1.1904602922577445,pct_Li2O,0.65,0.019136053967897113,13539143.255036678,0.9
Sal de los Angeles,Argentina,828563.0,tonnes,Brine,,,2035.0,6/30/18,construction,-25.24472,-66.74833,2018.0,4.239469764090175,3.940818727085343,23.98060694484541,828563.0,34551.377365288005,brine,brine,False,1102.5878248094864,1190.7948507942453,mg_per_L_Li,0.55,2.905192120773144e-05,828563.0,0.9
Yinnetharra,Australia,246000.0,tonnes,Project,,,,12/27/2023,pre-construction,-24.5152,116.2784,2023.0,4.6868259000927015,2.5646472712606805,19.287690620675303,246000.0,12754.248543177173,,hard_rock,True,1.2015874452095945,1.105460449592827,pct_Li2O,0.65,0.0177697239969799,246000.0,0.9
Malinda,Australia,,,Project,,,,,pre-construction,-24.50563,116.2722,,4.993311527387988,1.5578559206256974,24.978075374995363,8524129.950649451,341264.4818576633,,hard_rock,True,1.3002931754377123,1.1962697214026954,pct_Li2O,0.65,0.019229437636687625,8524129.950649451,0.9
Morrissey Hill,Australia,,,Project,,,,,pre-construction,-24.53712,116.17944,,5.100478221915997,3.6382120598836947,35.311084964807634,1696471.2978294124,48043.59026408223,,hard_rock,True,1.2804814384043839,1.1780429233320333,pct_Li2O,0.65,0.01893645097110077,1696471.2978294124,0.9
Kindersley,Canada,4164337.0,tonnes,Project,,2026.0,2046.0,06/30/2023,pre-construction,51.71135,-109.17517,2023.0,5.09660067490907,2.385676189894565,20.0,4164337.0,208216.85,,hard_rock,True,1.347259007700051,1.239478287084047,pct_Li2O,0.65,0.019923993725732513,4164337.0,0.9
Pioneer Dome,Australia,129000.0,tonnes,"Open Pit, Underground",,2026.0,,12/20/22,pre-construction,-31.87135,121.64874,2022.0,6.150907908201379,2.6301191136325017,15.892871158754984,129000.0,8116.846774343674,hard_rock,hard_rock,False,1.2842064421947352,1.1814699268191564,pct_Li2O,0.65,0.01899153833865453,129000.0,0.9
Le Caron-Shadow,Canada,,,Project,,,,,pre-construction,52.31519,-75.72066,,9.004585084847236,3.1655196405452255,20.142133980889845,284653.94592760946,14132.26355249544,,hard_rock,True,1.1070112128226026,1.0184503157967943,pct_Li2O,0.65,0.01637107960127557,284653.94592760946,0.9
Youanmi,Australia,,,Project,,,,05/21/2019,pre-construction,-28.62078,118.72503,2019.0,7.191663254225131,4.905329070445588,21.11805135374591,333687.4140000469,15801.051356987899,,hard_rock,True,1.663027054343707,1.5299848899962105,pct_Li2O,0.65,0.024593742114244085,333687.4140000469,0.9
Phoenix,Canada,,,Project,,,,,pre-construction,64.28919,-108.83968,,7.296241169417691,2.5483605952412813,18.351468582699823,359553.2215880927,19592.61298177784,,hard_rock,True,1.3448915924237599,1.2373002650298592,pct_Li2O,0.65,0.019888983110222472,359553.2215880927,0.9
Torp Lake,Canada,,,Project,,,,,pre-construction,67.3,-109.51667,,7.097311163573556,2.936022733180568,24.71036009841061,4215031.713699067,170577.510684281,,brine,True,638.1243619549084,587.0744129985158,mg_per_L_Li,0.55,1.4322903376792542e-05,4215031.713699067,0.9
WRL,Canada,,,Project,,,,,pre-construction,51.63458,-75.56755,,6.244280437563459,3.2736185424144146,14.6297348823262,4702.822517227105,321.45644162755553,,hard_rock,True,1.928542584763492,1.7742591779824128,pct_Li2O,0.65,0.028520329156478293,4702.822517227105,0.9
Purickuta,Chile,,,Project,,,,,pre-construction,-23.28167,-68.13667,,8.302716582589092,3.40845327849134,18.883216976207393,894151.5059102499,47351.651312213864,,brine,True,572.4526477392496,526.6564359201097,mg_per_L_Li,0.55,1.2848880955179246e-05,894151.5059102499,0.9
Forrestania,Australia,,,Open Pit,,,,12/31/16,pre-construction,-32.18842,119.79387,2016.0,6.704101858468292,2.302815976106527,15.104053016460625,17987.67413053586,1190.91704133537,hard_rock,hard_rock,False,0.9311734190282877,0.8566795455060247,pct_Li2O,0.65,0.013770695354236593,17987.67413053586,0.9
Alberta,Canada,6936846.0,tonnes,Brine,,2027.0,2076.0,06/20/2024,pre-construction,51.77696,-113.93655,2024.0,5.818191189902446,3.2007151365106368,49.0,6936846.0,141568.2857142857,brine,brine,False,482.0654297586739,443.50019537798,mg_per_L_Li,0.55,1.0820111224986195e-05,6936846.0,0.9
Estevan,Canada,1028180.0,tonnes,Brine,,,,05/23/2024,pre-construction,49.19266,-103.12544,2024.0,4.038832671322741,3.090249111337285,41.51386355323761,1028180.0,24767.147935567504,brine,brine,False,648.1638104819654,596.3107056434081,mg_per_L_Li,0.55,1.4548241978141035e-05,1028180.0,0.9
Mansur,Canada,316000.0,tonnes,Project,,,,05/02/2023,pre-construction,49.70719,-103.66973,2023.0,5.768655408501139,3.3473170002873727,17.826446181155234,316000.0,17726.472051061486,,hard_rock,True,1.7437900107680484,1.6042868099066045,pct_Li2O,0.65,0.025788108325843714,316000.0,0.9
Viewfield,Canada,279684.0,tonnes,Brine,,2027.0,2050.0,10/31/2023,pre-construction,49.65969,-103.09729,2023.0,4.726161618958283,1.959153689596194,23.0,279684.0,12160.173913043478,brine,brine,False,985.2259488653687,906.4078729561392,mg_per_L_Li,0.55,2.2113708410500342e-05,279684.0,0.9
Salar de llamara,Chile,,,Project,,,,,pre-construction,-21.04689,-69.59468,,4.362992357152094,2.0051647265473536,21.34545993327666,567732.0769123518,26597.322273074176,,brine,True,1525.9301068748684,1403.855698324879,mg_per_L_Li,0.55,3.424998446000694e-05,567732.0769123518,0.9
Cuenca Centenario-Ratones,Argentina,6108480.0,tonnes,Brine ,2022.0,2024.0,2044.0,01/01/2024,operation,-25.09077,-66.81628,2024.0,5.842148666501898,2.0,20.0,6108480.0,305424.0,brine,brine,False,642.4433986465874,738.8099084435754,mg_per_L_Li,0.55,1.8024806903790284e-05,6108480.0,0.9
Ageli,France,,,,,2030.0,,,pre-construction,48.899494,7.951984,,7.257370830916722,3.8043464198870094,36.25780659668877,5696408.510424291,157108.46973695623,,hard_rock,True,1.3526061667886164,1.244397673445527,pct_Li2O,0.65,0.020003070401800126,5696408.510424291,0.9
Weinebene,Austria,,,Project,,,,,pre-construction,46.85314,14.98038,,5.032629015081839,3.8254611631640265,28.229621623071683,117578.05841188479,4165.059666112912,,hard_rock,True,1.4003225443452543,1.288296740797634,pct_Li2O,0.65,0.020708725959951567,117578.05841188479,0.9
Coolgardie,Australia,,,Open Pit,,,,,pre-construction,-31.1352,121.08174,,7.155182184536385,4.273938890180212,31.645349986772125,10865.915594476137,343.36531588426516,hard_rock,hard_rock,False,1.7434061773112415,1.6039336831263422,pct_Li2O,0.65,0.025782431989414382,10865.915594476137,0.9
Trigg Hill,Australia,,,Project,,,,,pre-construction,-21.5763,119.30082,,5.92532618614433,4.438913625315418,28.989176952687107,5431586.118956391,187365.99965639654,,hard_rock,True,0.8290624041255054,0.762737411795465,pct_Li2O,0.65,0.012260622525906203,5431586.118956391,0.9
Pocitos 1,Argentina,308000.0,tonnes,Brine,,,,12/18/2023,pre-construction,-24.47854,-67.02077,2023.0,4.444531871296018,2.774232300686542,40.87318919989169,308000.0,7535.502025391651,brine,brine,False,1201.5708059486624,1105.4451414727694,mg_per_L_Li,0.55,2.6969637236939613e-05,308000.0,0.9
Fox Creek,Canada,779000.0,tonnes,Brine,,,,03/19/2012,pre-construction,54.10074,-116.62268,2012.0,8.892692923932458,3.597337321340181,33.705365144612536,779000.0,23112.047493261332,brine,brine,False,1643.699385503648,1512.2034346633563,mg_per_L_Li,0.55,3.6893353212434806e-05,779000.0,0.9
Villasrubias,Spain,,,Project,,,,,pre-construction,40.35101,-6.65524,,5.423677003979955,3.3067666257849018,23.62415066444561,7802997.547479123,330297.48490482866,,hard_rock,True,0.9984780039527037,0.9185997636364874,pct_Li2O,0.65,0.014766031900574716,7802997.547479123,0.9
Mt Edon,Australia,,,Project,,,,,pre-construction,-29.32753,117.66063,,5.033431662424683,3.1235144966429846,20.83048547301552,1358080.0191820906,65196.75314055407,,hard_rock,True,1.306569169282227,1.202043635739649,pct_Li2O,0.65,0.019322250422696988,1358080.0191820906,0.9
Amanecer,Argentina,,,Project,,,,,pre-construction,-24.29732,-67.07665,,7.685900385069938,3.3983717867658143,17.920471214761793,5050975.20030777,281855.0438644205,,brine,True,736.1995290047871,677.3035666844041,mg_per_L_Li,0.55,1.6524231558363297e-05,5050975.20030777,0.9
Lac La Motte,Canada,,,Project,,,,,pre-construction,48.37936,-78.05634,,4.320016914746443,2.5985830003463013,25.80414409953101,141933.47984236738,5500.414169712648,,hard_rock,True,1.1002075869799155,1.0121909800215223,pct_Li2O,0.65,0.01627046390835596,141933.47984236738,0.9
Wolfsberg,Austria,129000.0,tonnes,Underground,,,2040.0,07/01/2022,pre-construction,46.83405,14.99393,2022.0,6.946422776083699,3.949966545048684,19.573648602784644,129000.0,6590.493301368852,hard_rock,hard_rock,False,0.7175138560202885,0.6601127475386654,pct_Li2O,0.65,0.010610982360310278,129000.0,0.9
Leinster,Ireland,,,Project,,,,,pre-construction,52.9143,-6.42909,,4.621587615861862,2.8044884664803558,19.6924137183614,4375876.516083982,222211.28291672398,,hard_rock,True,1.0946200579180958,1.0070504532846483,pct_Li2O,0.65,0.01618783251132408,4375876.516083982,0.9
Cinovec,Czechia,2990000.0,tonnes,Underground,,,,9/20/21,pre-construction,50.72511,13.76692,2021.0,5.388840944018563,2.0887743116383737,38.102861560775594,2990000.0,78471.7965402895,hard_rock,hard_rock,False,1.411355107971787,1.298446699334044,pct_Li2O,0.65,0.020871881468445087,2990000.0,0.9
Trident,Australia,,,Project,,,,,pre-construction,-31.44016,141.61428,,4.801831928474446,1.2963896221376185,31.018303659695636,10942523.578131685,352776.3380674524,,hard_rock,True,1.4036542321852092,1.2913618936103926,pct_Li2O,0.65,0.020757996758840252,10942523.578131685,0.9
Mt Edon,Australia,,,Project,,,,,pre-construction,-29.32753,117.66063,,7.642666706686036,3.3010340369880904,26.491651511320356,1736502.1905656124,65549.03494119926,,hard_rock,True,0.743009604984983,0.6835688365861844,pct_Li2O,0.65,0.010988027263704622,1736502.1905656124,0.9
Kenny,Australia,,,Project,,,,,pre-construction,-31.9894,122.31906,,5.379676344442433,2.361269081305898,36.279912780371056,930996.5087398301,25661.486960452065,,hard_rock,True,1.1211879327516068,1.0314928981314784,pct_Li2O,0.65,0.01658073259101445,930996.5087398301,0.9
Weinebene,Austria,,,Project,,,,,pre-construction,46.85314,14.98038,,9.05885625480489,4.4071462906125625,26.134891839712083,5302721.529938431,202898.16244354693,,hard_rock,True,1.5999254820306201,1.4719314434681705,pct_Li2O,0.65,0.023660561988029107,5302721.529938431,0.9
Falcon Lake,Canada,,,Open Pit,,,,,pre-construction,50.46493,-88.12254,,6.378419123439149,2.249013874741536,23.04290855979892,4077621.6629718733,176957.76782648725,hard_rock,hard_rock,False,1.3763631663563556,1.2662541130478473,pct_Li2O,0.65,0.020354401740187624,4077621.6629718733,0.9
Augustus,Canada,,,Project,,,,,pre-construction,48.43522,-77.8538,,6.725370130015001,2.5904198390403956,30.573433990924112,155789.9845465747,5095.599813642844,,hard_rock,True,1.346916638687784,1.2391633075927613,pct_Li2O,0.65,0.019918930587899838,155789.9845465747,0.9
Rome,Canada,,,Project,,,,,pre-construction,48.39338,-77.82045,,5.907736478992905,4.643704434306878,28.333104563176374,6058286.957190473,213823.6190701189,,brine,True,1245.4823326977098,1145.843746081893,mg_per_L_Li,0.55,2.7955245360138784e-05,6058286.957190473,0.9
Keliber,Finland,224255.0,tonnes,"Open Pit, Underground",,2025.0,,12/31/23,construction,63.62083,24.1425,2023.0,5.082062115850353,3.0401114731504313,19.13253191544153,224255.0,11721.13555023043,hard_rock,hard_rock,False,1.8286116411409084,1.974900572432181,pct_Li2O,0.65,0.031745539251561095,224255.0,0.9
Atex,Cote d'Ivore,,,Project,,,,,pre-construction,9.87931,-6.49208,,5.400486410155418,4.210187865152734,21.404499615342726,2081663.4028986602,97253.54202658052,,brine,True,1861.2449487952483,1712.3453528916286,mg_per_L_Li,0.55,4.177623226994314e-05,2081663.4028986602,0.9
Yalgoo-Dalgaranga,Australia,,,Project,,,,,pre-construction,-28.13512,116.72301,,8.562187970618746,3.6776919385518942,27.04756039406253,752830.0460600837,27833.565581957057,,hard_rock,True,1.1254412209769606,1.0354059232988038,pct_Li2O,0.65,0.01664363251406662,752830.0460600837,0.9
Zoro 1,Canada,9800.0,tonnes,Project,,,,07/06/2018,pre-construction,54.85675,-99.64534,2018.0,4.678345855342487,1.9755642202109094,19.35182077353557,9800.0,506.4122965319063,,brine,True,619.4901818349451,569.9309672881495,mg_per_L_Li,0.55,1.3904653303176259e-05,9800.0,0.9
Jean Lake,Canada,,,Project,,,,,pre-construction,54.83166,-99.73455,,9.357864144208898,2.314483737382637,40.01298378254512,5494154.714279067,137309.29800530858,,brine,True,932.5027751868879,857.9025531719369,mg_per_L_Li,0.55,2.093032008161518e-05,5494154.714279067,0.9
Forrestania,Australia,,,Open Pit,,,,12/31/16,pre-construction,-32.18842,119.79387,2016.0,7.091513309319371,2.759948993368161,14.20965179644404,2849283.543691618,200517.47815556254,hard_rock,hard_rock,False,0.8644243905891054,0.7952704393419769,pct_Li2O,0.65,0.012783574677202607,2849283.543691618,0.9
Alexandra Bore / Breakaway Dam,Australia,,,Project,,,,,pre-construction,-29.715,121.242,,5.266348389165227,4.0241157885189835,37.81945056918849,2086419.940578151,55167.907232316,,hard_rock,True,1.347643422991378,1.239831949152068,pct_Li2O,0.65,0.019929678666644916,2086419.940578151,0.9
Pakeagama Lake,Canada,881052.0,tonnes,"Open Pit, Underground",,2025.0,,2/28/23,pre-construction,52.614525,-93.365435,2023.0,6.457822087005809,2.6345966654688406,45.090486120564414,881052.0,19539.642966904692,hard_rock,hard_rock,False,1.3651374642799374,1.2559264671375425,pct_Li2O,0.65,0.020188389996002424,881052.0,0.9
Radis,Canada,,,Project,,,,,pre-construction,53.17181,-77.78292,,5.345362943822372,2.9247483753557484,28.512522248370246,236705.0316437221,8301.792089167137,,hard_rock,True,1.288566124674383,1.1854808347004324,pct_Li2O,0.65,0.019056011677392102,236705.0316437221,0.9
Sal de Vida Extension,Argentina,,,Brine,,,,,operation,-25.31315,-66.8767,,5.347286022373307,2.9611537053873658,19.206402495611766,2428823.391989067,126459.04887935151,brine,brine,False,1439.2342021254349,1655.11933244425,mg_per_L_Li,0.55,4.038008428025342e-05,2428823.391989067,0.9
Candelas,Argentina,276900.0,tonnes,Brine,,2027.0,,06/22/2020,pre-construction,-25.56327,-66.87777,2020.0,5.832639115316329,2.6118442780926943,34.89057781601707,276900.0,7936.240020447144,brine,brine,False,515.3796226931237,474.1492528776738,mg_per_L_Li,0.55,1.156785883489435e-05,276900.0,0.9
Hombre Muerto West,Argentina,3180000.0,tonnes,Brine,,2025.0,2064.0,03/26/2024,construction,-25.47594,-67.14368,2024.0,3.4838589700473466,3.6930502212654517,39.0,3180000.0,81538.46153846153,brine,brine,False,433.635568556786,468.3264140413289,mg_per_L_Li,0.55,1.1425798550567475e-05,3180000.0,0.9
Greenbushes,Australia,,,Project,,,,,pre-construction,-33.62102,116.00763,,5.789893659064996,1.6622792617389206,31.42416506480628,83441.2547093211,2655.3212961184363,,hard_rock,True,1.7740127995275343,1.6320917755653317,pct_Li2O,0.65,0.026235059246324924,83441.2547093211,0.9
Cauchari-Olaroz,Argentina,9938000.0,tonnes,Brine,,,,05/07/2019,operation,-23.41623,-66.71316,2019.0,9.002976665589557,2.344351624381347,21.49032246311816,9938000.0,462440.7110249585,brine,brine,False,1045.3184846845197,1202.1162573871975,mg_per_L_Li,0.55,2.9328130507830245e-05,9938000.0,0.9
PPG,Argentina,2127000.0,tonnes,Brine,,,,4/30/23,pre-construction,-24.69897,-66.81781,2023.0,4.999128110701788,3.817072130998981,19.411726088198066,2127000.0,109572.94525669063,brine,brine,False,988.4925429985394,909.4131395586563,mg_per_L_Li,0.55,2.218702815024084e-05,2127000.0,0.9
Sonora,Mexico,3562000.0,tonnes,"Open Pit, underground",,,,12/12/2017,construction,29.71327,-109.15911,2017.0,7.031436133023483,3.2480678173038737,42.589589177692666,3562000.0,83635.46276857924,hard_rock,hard_rock,False,1.401790119090137,1.513933328617348,pct_Li2O,0.65,0.024335721290859563,3562000.0,0.9
Mariana,Argentina,3282000.0,tonnes,Brine,,2024.0,,06/04/2021,operation,-24.81373,-68.30736,2021.0,5.583849091399539,3.023791164444061,15.504440413081504,3282000.0,211681.29339456136,brine,brine,False,1514.7962400975189,1742.0156761121466,mg_per_L_Li,0.55,4.250010161808105e-05,3282000.0,0.9
Goulamina,Mali,3690000.0,tonnes,Open Pit ,,2024.0,2047.0,5/31/24,construction,11.34653,-7.95979,2024.0,4.711705172232939,2.7193207118228333,23.0,3690000.0,160434.78260869565,hard_rock,hard_rock,False,0.8386496554074322,0.9057416278400269,pct_Li2O,0.65,0.014559343796714511,3690000.0,0.9
Zinnwald,Germany,1076200.0,tonnes,Underground,,2026.0,2062.0,06/05/2024,pre-construction,50.7394,13.79179,2024.0,8.17656641980974,2.0203512210718815,36.0,1076200.0,29894.444444444445,hard_rock,hard_rock,False,1.3717933633783301,1.2620498943080638,pct_Li2O,0.65,0.020286821026054974,1076200.0,0.9
Qinghai Yiliping,China,1020010.0,tonnes,Brine,,,,12/31/21,construction,37.99026,93.67586,2021.0,3.4853678867858706,2.9116156710036973,33.586719274945466,1020010.0,30369.44429284858,brine,brine,False,1072.007096800045,1157.7676645440488,mg_per_L_Li,0.55,2.8246154192519874e-05,1020010.0,0.9
Mount Marion,Australia,924000.0,tonnes,Open Pit,,2016.0,2048.0,6/30/23,operation,-31.0799,121.43161,2023.0,5.062674046711406,4.678683655098222,32.0,924000.0,36960.0,hard_rock,hard_rock,False,0.8363244986657572,0.9617731734656207,pct_Li2O,0.65,0.015460022876873121,924000.0,0.9
Vilasto,China,574000.0,tonnes,Project,,,,12/31/22,pre-construction,44.08111,117.44444,2022.0,9.815354072175456,3.200196621321729,22.59326797646704,574000.0,25405.79789510192,,brine,True,1515.8183210538123,1394.5528553695074,mg_per_L_Li,0.55,3.4023022225187825e-05,574000.0,0.9
Bougouni,Mali,337300.0,tonnes,Open Pit,,,2025.0,11/14/23,operation,11.33796,-7.59389,2023.0,4.915738799173795,3.159520390206057,30.64831319826225,337300.0,168650.0,hard_rock,hard_rock,False,1.3063747644683255,1.5023309791385742,pct_Li2O,0.65,0.024149219324163012,337300.0,0.9
Sal de la Puna,Argentina,228000.0,tonnes,Project,,,,09/09/2021,pre-construction,-24.5889,-66.60444,2021.0,7.701426151953025,4.718839333566743,28.085487970498125,228000.0,8118.0715193376145,,brine,True,902.6161272316551,830.4068370531228,mg_per_L_Li,0.55,2.025950480415479e-05,228000.0,0.9
Ningdu Taiyu,China,40400.0,tonnes,"Open Pit, Underground",,,2017.0,12/31/17,operation,26.75391,116.18843,2017.0,6.285018196942231,4.042517385036761,29.461598534861476,40400.0,inf,hard_rock,hard_rock,False,1.2536661857160651,1.4417161135734748,pct_Li2O,0.65,0.02317486566763682,40400.0,0.9
Avalonia,Ireland,,,Project,,,,,pre-construction,52.68329,-6.74846,,7.394476974473134,4.919965921181452,23.969229825604053,458917.2157707645,19146.097688985687,,hard_rock,True,0.6492476530246956,0.5973078407827199,pct_Li2O,0.65,0.009601424886661832,458917.2157707645,0.9
Pastos Grandes,Argentina,2127000.0,tonnes,Brine,,,2063.0,4/30/23,construction,-24.57086,-66.70459,2023.0,6.4029347296055,4.390957075809112,45.1309076931845,2127000.0,47129.56394451627,brine,brine,False,1029.4517430821807,1111.8078825287553,mg_per_L_Li,0.55,2.712486956071093e-05,2127000.0,0.9
Blesberg,South Africa,,,Open Pit,,,,,operation,-28.98333,17.73121,,5.277118464012113,3.369041635696602,17.693840458565834,30238.159021957625,1708.965280475269,hard_rock,hard_rock,False,1.0062939277423193,1.1572380169036671,pct_Li2O,0.65,0.018602022502718,30238.159021957625,0.9
Leinster,Ireland,,,Project,,,,,pre-construction,52.9143,-6.42909,,7.106491309918335,2.5628491767549577,28.9782544651174,29659.52962790807,1023.5098757798112,,brine,True,1332.6982486405143,1226.0823887492732,mg_per_L_Li,0.55,2.9912834211848418e-05,29659.52962790807,0.9
Odzi West,Zimbabwe,,,Project,,,,,pre-construction,-19.27958,31.86576,,3.608920097102742,3.275223325823674,19.079920242129923,1233302.3351119584,64638.75736695862,,hard_rock,True,1.192939219668585,1.0975040820950983,pct_Li2O,0.65,0.017641829367637658,1233302.3351119584,0.9
Marble Bar,Australia,180000.0,tonnes,Open Pit,,,,12/15/2022,pre-construction,-21.07656,119.84909,2022.0,5.599824243363206,2.669035256221446,21.748107540886934,180000.0,8276.582211192212,hard_rock,hard_rock,False,1.1179474752900949,1.0285116772668874,pct_Li2O,0.65,0.01653281095622658,180000.0,0.9
Manna,Australia,514000.0,tonnes,Open Pit,,2026.0,2036.0,06/12/2024,pre-construction,-30.87643,122.53447,2024.0,5.311173915088522,3.7696164201092834,10.0,514000.0,51400.0,hard_rock,hard_rock,False,0.9341470418053378,0.8594152784609108,pct_Li2O,0.65,0.013814670893619908,514000.0,0.9
Payne's Find,Australia,,,Project,,,,,pre-construction,-29.28247,117.74666,,5.721868421531104,2.0480475602786536,35.51414322785811,495722.1664980995,13958.443635189364,,hard_rock,True,1.3449075571627769,1.2373149525897549,pct_Li2O,0.65,0.019889219205404016,495722.1664980995,0.9
Lady Grey,Australia,,,Project,,,,,pre-construction,-32.16609,119.70346,,4.336671093031107,2.9236347542681393,27.548467493912895,662148.2007586232,24035.75447182067,,hard_rock,True,1.7478638539514615,1.6080347456353445,pct_Li2O,0.65,0.025848354518715345,662148.2007586232,0.9
Marble Bar,Australia,,,Project,,,,,pre-construction,-21.24577,119.91494,,4.764963490627444,3.871376137579526,21.66189378735512,1597043.623717731,73725.94655828232,,hard_rock,True,0.7812390653461578,0.7187399401184652,pct_Li2O,0.65,0.011553385167434269,1597043.623717731,0.9
Root Lake,Canada,173000.0,tonnes,Open Pit,,2031.0,,10/17/23,pre-construction,50.93734,-91.68395,2023.0,6.084876202913863,2.9068551837099843,26.39279675469618,173000.0,6554.818786653119,hard_rock,hard_rock,False,1.4931658501651701,1.3737125821519565,pct_Li2O,0.65,0.022081742901801628,173000.0,0.9
Root Lake,Canada,173000.0,tonnes,Open Pit,,2031.0,,10/17/23,pre-construction,50.93734,-91.68395,2023.0,5.370952478960535,3.213423048217359,24.5733781258418,173000.0,7040.139093373985,hard_rock,hard_rock,False,1.1445408881035815,1.052977617055295,pct_Li2O,0.65,0.01692608870535534,173000.0,0.9
Seymour Lake,Canada,105006.0,tonnes,"Open Pit, Underground",,2026.0,2032.0,11/17/23,pre-construction,50.35218,-88.43012,2023.0,7.299623580991332,1.8867150071344594,6.0,105006.0,17501.0,hard_rock,hard_rock,False,1.0776415320805866,0.9914302095141396,pct_Li2O,0.65,0.01593674490283504,105006.0,0.9
Seymour Lake,Canada,105006.0,tonnes,"Open Pit, Underground",,2026.0,2032.0,11/17/23,pre-construction,50.35218,-88.43012,2023.0,6.28244443548089,2.51024496941773,6.0,105006.0,17501.0,hard_rock,hard_rock,False,1.5194486210930982,1.3978927314056504,pct_Li2O,0.65,0.022470426710980127,105006.0,0.9
San Jorge,Argentina,432280.0,tonnes,Project,,,,05/27/2024,pre-construction,-26.93886,-68.12172,2024.0,7.796442414536164,4.39657794994029,22.593340414413912,432280.0,19133.071607428956,,brine,True,783.25508790908,720.5946808763537,mg_per_L_Li,0.55,1.7580408478897145e-05,432280.0,0.9
Millie's Reward,Madagascar,,,Project,,,,,pre-construction,-20.05714,46.95439,,6.939383935609721,3.343351685679768,24.506889871552264,1049312.0886195633,42817.02387040188,,brine,True,776.4755559387941,714.3575114636906,mg_per_L_Li,0.55,1.742823973697228e-05,1049312.0886195633,0.9
Eagle Claims,Canada,,,Project,,,,,pre-construction,50.60794,-95.48675,,6.266880750839825,2.708658347885735,15.768692580433063,122698.40340612044,7781.139925219515,,hard_rock,True,1.723403756420177,1.585531455906563,pct_Li2O,0.65,0.025486625387970044,122698.40340612044,0.9
Falcon West,Canada,4000.0,tonnes,Project,,,,12/31/1955,pre-construction,49.56729,-95.68944,1955.0,5.006659041969981,3.0340522407059227,12.395324822718333,4000.0,322.70231375209636,,hard_rock,True,1.8564546390255086,1.707938267903468,pct_Li2O,0.65,0.027454253687414297,4000.0,0.9
Campus Creek,Canada,,,Project,,,,,pre-construction,49.30754,-85.63581,,7.242576633415879,3.6579674463962784,27.917492950088572,649261.0879916153,23256.425251091732,,hard_rock,True,1.72636935154767,1.5882598034238564,pct_Li2O,0.65,0.025530482210136783,649261.0879916153,0.9
Kindersley,Canada,4164337.0,tonnes,Project,,2026.0,2046.0,06/30/2023,pre-construction,51.71135,-109.17517,2023.0,4.87556553988261,3.6960685599215393,20.0,4164337.0,208216.85,,hard_rock,True,0.9234852087731356,0.8496063920712847,pct_Li2O,0.65,0.013656997949349867,4164337.0,0.9
Alvarroes,Portugal,51000.0,tonnes,Open Pit,,,,04/11/2019,operation,40.43062,-7.3401,2019.0,4.026136231404808,3.826860414031006,34.59278973322545,51000.0,1474.295666620257,hard_rock,hard_rock,False,0.6974006303579917,0.8020107249116905,pct_Li2O,0.65,0.012891921397592966,51000.0,0.9
Bougouni,Mali,337300.0,tonnes,Open Pit,,,2025.0,11/14/23,construction,11.33796,-7.59389,2023.0,8.859938705820154,2.5222159604932477,13.16601060755193,337300.0,25618.998043836233,hard_rock,hard_rock,False,1.4682740396442333,1.5857359628157721,pct_Li2O,0.65,0.025489912734282128,337300.0,0.9
Altura,Australia,483000.0,tonnes,"Open Pit, Underground, Dump, Stock Pile",,2018.0,2035.0,6/30/19,operation,-21.01296,118.91086,2019.0,5.987568340566586,2.3807416522958684,17.0,483000.0,30187.5,hard_rock,hard_rock,False,1.4859413720369044,1.7088325778424398,pct_Li2O,0.65,0.027468629272528296,483000.0,0.9
Saldivar Salar,Mexico,,,Project,,,,,pre-construction,23.35826,-102.17716,,7.18687014417098,3.2994318184777423,28.92493046661102,508743.14720538777,17588.396549220626,,brine,True,1129.3361837774833,1038.9892890752847,mg_per_L_Li,0.55,2.534830826801048e-05,508743.14720538777,0.9
Karibib,Namibia,59833.0,tonnes,"Stock Pile, Openn Pit, Underground",,2024.0,2042.0,02/02/2023,construction,-22.10425,15.99674,2023.0,5.940788040402744,3.055162006491142,18.0,59833.0,3324.0555555555557,hard_rock,hard_rock,False,0.9537809207181924,1.030083394375648,pct_Li2O,0.65,0.016558075522891354,59833.0,0.9
Greenbushes,Australia,6600000.0,tonnes,"Open Pit, Underground",,1983.0,2043.0,12/31/23,operation,-33.85434,116.06094,2023.0,6.312899589516682,3.134281374907913,60.0,6600000.0,330000.0,hard_rock,hard_rock,False,1.3082093238462549,1.504440722423193,pct_Li2O,0.65,0.02418313239259162,6600000.0,0.9
Mt Holland - Lithium,Australia,2737000.0,tonnes,Open Pit,,2023.0,2067.0,12/31/23,operation,-32.08393,119.74667,2023.0,3.6888334393967,2.3103126900219007,44.0,2737000.0,62204.545454545456,hard_rock,hard_rock,False,1.3686398096443637,1.5739357810910182,pct_Li2O,0.65,0.025300230713147572,2737000.0,0.9
Alberta II,Spain,54149.0,tonnes,Project,,,,06/01/2012,pre-construction,42.41515,-8.29553,2012.0,4.617130641275874,2.5965566151324557,20.37293350245972,54149.0,2657.889203509271,,hard_rock,True,1.1667943401096057,1.0734507929008372,pct_Li2O,0.65,0.01725518477048451,54149.0,0.9
Jackpot,Canada,75700.0,tonnes,Open Pit,,,,09/03/2024,pre-construction,49.29615,-87.94573,2024.0,6.62570434612158,3.5916056818242525,19.693500465026002,75700.0,3843.9077976227145,hard_rock,hard_rock,False,0.9768620274180448,0.8987130652246013,pct_Li2O,0.65,0.014446363166952851,75700.0,0.9
Cross Lake,Canada,,,Project,,,,,pre-construction,54.58639,-97.93301,,6.123114771925462,2.6930995415640226,44.62699034179809,231776.21674809424,5193.633157264703,,brine,True,408.58390904293174,375.8971963194972,mg_per_L_Li,0.55,9.170795223373134e-06,231776.21674809424,0.9
Electra,Mexico,,,Project,,,,,pre-construction,29.4074,-109.01985,,4.489889417310552,3.60711967668843,21.427257497524103,460433.8300928179,21488.229660096284,,hard_rock,True,1.1343369452556349,1.0435899896351841,pct_Li2O,0.65,0.016775187288390767,460433.8300928179,0.9
San Jose,Spain,680000.0,tonnes,"Open Pit, Underground",,2025.0,2051.0,8/22/19,pre-construction,39.45948,-6.33674,2019.0,8.704247093546176,1.6108660267274857,26.0,680000.0,26153.846153846152,hard_rock,hard_rock,False,1.0863720800997876,0.9994623136918046,pct_Li2O,0.65,0.01606585696143891,680000.0,0.9
Tambourah,Australia,,,Project,,,,,pre-construction,-21.69508,119.18934,,4.470017297743009,4.3730466027179995,39.914572664894834,303098.23510258744,7593.673559961839,,hard_rock,True,0.6803147661329756,0.6258895848423376,pct_Li2O,0.65,0.010060862131548156,303098.23510258744,0.9
Catamarca,Argentina,,,Project,,,,,pre-construction,-28.77164,-65.54279,,5.86002581419328,2.2901877032087636,17.95865558775653,185231.46475642073,10314.328032589694,,brine,True,835.6432472090739,768.7917874323481,mg_per_L_Li,0.55,1.8756277303969285e-05,185231.46475642073,0.9
Carachi Pampa,Argentina,,,Brine,,,,,pre-construction,-26.57331,-67.38203,,4.419873321909249,2.9559297186777562,32.22468473601197,319941.5884150317,9928.462948079308,brine,brine,False,527.8626243147596,485.6336143695789,mg_per_L_Li,0.55,1.1848043759242482e-05,319941.5884150317,0.9
Raleigh Lake,Canada,37294.0,tonnes,Open Pit,,,,2/16/23,pre-construction,49.4095,-91.9592,2023.0,6.854846651388555,4.204438579277309,29.766078417058537,37294.0,1252.90269942403,hard_rock,hard_rock,False,1.081246579018761,0.9947468526972603,pct_Li2O,0.65,0.015990058283682107,37294.0,0.9
Forgan Lake,Canada,,,Project,,,,,pre-construction,49.32614,-88.27988,,4.966820326652167,2.4240215802818597,31.593108987674846,859425.2221690206,27202.93284539679,,hard_rock,True,1.0570056596916537,0.9724452069163214,pct_Li2O,0.65,0.015631570478576412,859425.2221690206,0.9
Avalonia,Ireland,,,Project,,,,,pre-construction,52.68329,-6.74846,,4.370356031002515,2.3487305811988692,33.5083546014027,20533977.094155595,612801.712838983,,brine,True,839.6196279398805,772.45005770469,mg_per_L_Li,0.55,1.884552842865947e-05,20533977.094155595,0.9
Georgia Lake,Canada,,,Project,,,,,pre-construction,49.30144,-87.90182,,3.8023842778788848,4.6610688085449405,18.492420484155474,138407.36630583875,7484.545704789042,,hard_rock,True,1.3972684926645564,1.285487013251392,pct_Li2O,0.65,0.0206635609945095,138407.36630583875,0.9
Nemaska,Canada,723000.0,tonnes,"Open Pit, Underground",,2025.0,2059.0,12/31/22,construction,51.6797,-75.85327,2022.0,4.5645119144853865,4.125609548179651,34.0,723000.0,21264.70588235294,hard_rock,hard_rock,False,1.3627066583044156,1.471723190968769,pct_Li2O,0.65,0.023657214433227478,723000.0,0.9
Puna Plateau,Argentina,,,Brine,,,,,pre-construction,-23.48489,-66.93496,,4.638652505606338,3.0655671574730077,23.86342830199471,1414233.1313042522,59263.619351207744,brine,brine,False,298.4695576401563,274.5919930289438,mg_per_L_Li,0.55,6.699243736593228e-06,1414233.1313042522,0.9
Yongshan,China,,,Project,,2022.0,,,operation,40.98409,121.52388,,5.974335183477485,1.6986956136056355,24.19023596210794,45227.56997561816,1869.6622077793497,,brine,True,391.6591919824805,450.4080707798525,mg_per_L_Li,0.55,1.0988643236821961e-05,45227.56997561816,0.9
Cauchari-Olaroz,Argentina,9938000.0,tonnes,Brine,,,,05/07/2019,operation,-23.41623,-66.71316,2019.0,5.616663487250687,3.221615808007386,19.72866770346431,9938000.0,503733.96467389987,brine,brine,False,919.1201513753167,1056.988174081614,mg_per_L_Li,0.55,2.5787428565416982e-05,9938000.0,0.9
Salar de Olaroz,Argentina,9149000.0,tonnes,Brine,,2014.0,2055.0,6/30/23,operation,-23.45,-66.7,2023.0,8.777421926367811,2.418670328375712,41.0,9149000.0,285906.25,brine,brine,False,676.968799728086,778.5141196872988,mg_per_L_Li,0.55,1.8993473854187675e-05,9149000.0,0.9
Roe Hills,Australia,,,Project,,,,,pre-construction,-31.22976,122.57967,,8.733231193284459,2.30846620408777,16.60370237137092,9031075.896332195,543919.403897778,,hard_rock,True,1.3972560875506321,1.2854756005465817,pct_Li2O,0.65,0.020663377540986027,9031075.896332195,0.9
Marble Bar,Australia,,,Project,,,,,pre-construction,-21.24577,119.91494,,7.331501146036421,4.263212577049067,25.444183982595646,320433.6052947906,12593.589384276338,,hard_rock,True,1.0960889730273524,1.0084018551851643,pct_Li2O,0.65,0.016209555621173922,320433.6052947906,0.9
Mallina,Australia,,,Project,,,,,pre-construction,-21.05208,118.0188,,6.609655945088259,3.2551177511758524,26.212570141203315,727370.7186806167,27748.927890793468,,hard_rock,True,1.3261473723724146,1.2200555825826216,pct_Li2O,0.65,0.019611783462224353,727370.7186806167,0.9
Rupert,Canada,,,Project,,,,,pre-construction,51.77623,-76.88513,,7.671010563547384,2.884758923527183,11.93503838561835,5248971.5192861715,439795.10996890895,,hard_rock,True,0.9180703606632972,0.8446247318102335,pct_Li2O,0.65,0.013576920251483597,5248971.5192861715,0.9
Bougouni,Mali,337300.0,tonnes,Open Pit,,,2025.0,11/14/23,construction,11.33796,-7.59389,2023.0,8.53586680824317,1.7080048507498442,34.93635674822336,337300.0,9654.698754962563,hard_rock,hard_rock,False,1.486460007791044,1.6053768084143276,pct_Li2O,0.65,0.025805629506856106,337300.0,0.9
Sal de Vida Extension,Argentina,,,Brine,,,,,operation,-25.31315,-66.8767,,3.562715029493649,2.7242306077854215,22.247799633928008,3174279.872846024,142678.3738201791,brine,brine,False,1138.5816649384537,1309.3689146792217,mg_per_L_Li,0.55,3.19447825255052e-05,3174279.872846024,0.9
King Tamba,Australia,2700.0,tonnes,Open Pit,,,,03/09/2023,pre-construction,-27.70733,117.22183,2023.0,4.2858744806986495,3.9568629994527926,24.498093106542605,2700.0,110.21265974693034,hard_rock,hard_rock,False,1.740646885914953,1.601395135041757,pct_Li2O,0.65,0.02574162609822872,2700.0,0.9
Rankin Dome,Australia,,,Project,,,,,pre-construction,-31.10702,119.04693,,5.268112000895151,2.556088127644953,18.020633366837583,42893.05775603851,2380.2192122155006,,hard_rock,True,1.487063604862819,1.3680985164737935,pct_Li2O,0.65,0.021991499603057994,42893.05775603851,0.9
Kirup,Australia,,,Project,,,,,pre-construction,-33.82366,115.83541,,4.144646645299935,2.6069704989671516,23.14720880622842,1498326.8103515925,64730.34493681263,,hard_rock,True,1.4514894325961283,1.335370277988438,pct_Li2O,0.65,0.021465409533525142,1498326.8103515925,0.9
Sal de Vida Extension,Argentina,,,Brine,,,,,operation,-25.31315,-66.8767,,6.256119200196767,3.226542510938393,24.368660463549507,385155.3429580698,15805.355552234101,brine,brine,False,946.1508411230998,1088.0734672915646,mg_per_L_Li,0.55,2.6545819054301247e-05,385155.3429580698,0.9
Manono,Democratic Republic of the Congo,13490000.0,tonnes,Open Pit,,,,1/22/24,pre-construction,-7.32649,27.38641,2024.0,4.909214265836478,2.420255409764107,28.154366438378727,13490000.0,479144.1508557997,hard_rock,hard_rock,False,1.307456477937806,1.2028599597027816,pct_Li2O,0.65,0.019335372422242363,13490000.0,0.9
Manono,Democratic Republic of the Congo,71700.0,tonnes,"Tailings, Open Pit",,2026.0,2032.0,8/23/23,pre-construction,-7.31977,27.40828,2023.0,4.923734962995828,3.117309930571864,6.0,71700.0,11950.0,hard_rock,hard_rock,False,1.4842894387287697,1.3655462836304681,pct_Li2O,0.65,0.02195047373621796,71700.0,0.9
Kachi,Argentina,4300580.0,tonnes,Brine,2025.0,2027.0,2052.0,11/22/23,pre-construction,-26.49883,-67.42899,2023.0,5.0091563441313145,2.0,25.0,4300580.0,172023.2,brine,brine,False,861.8490609678827,792.9011360904522,mg_per_L_Li,0.55,1.934447509229344e-05,4300580.0,0.9
Cauchari,Argentina,,,Project,,,,,pre-construction,-23.72524,-66.81108,,4.169623531817593,2.514394338749131,25.237367848868352,1674180.308263028,66337.35809093493,,brine,True,1402.5828603039909,1290.3762314796716,mg_per_L_Li,0.55,3.148141645076218e-05,1674180.308263028,0.9
Little Nahanni,Canada,,,Project,,,,,pre-construction,62.17046,-128.85376,,6.98886331484862,2.9447382770846984,42.45198211912333,744628.5681381372,17540.490007007345,,hard_rock,True,1.225297529502281,1.1272737271420985,pct_Li2O,0.65,0.018120361526945662,744628.5681381372,0.9
Cat Lake,Canada,,,Underground,,,,,pre-construction,50.60738,-95.42193,,6.503363764414113,3.158842400302016,27.97407989827472,2050888.0700090197,73313.87046390421,hard_rock,hard_rock,False,1.0651484560213265,0.9799365795396204,pct_Li2O,0.65,0.015751990547809628,2050888.0700090197,0.9
Lady Grey,Australia,,,Project,,,,,pre-construction,-32.16609,119.70346,,6.288906249155673,2.704890357636582,30.57973033521881,948765.3959981567,31025.956919752804,,hard_rock,True,1.5020989760811145,1.3819310579946253,pct_Li2O,0.65,0.022213850791734605,948765.3959981567,0.9
Salinas,Brazil,948900.0,tonnes,Open Pit,,2026.0,2036.0,05/30/2024,pre-construction,-16.1301,-42.12289,2024.0,3.6903898550014014,2.3375152322260986,10.0,948900.0,94890.0,hard_rock,hard_rock,False,1.2645047157074567,1.1633443384508602,pct_Li2O,0.65,0.01870017856842835,948900.0,0.9
Catamarca,Argentina,,,Project,,,,,pre-construction,-28.77164,-65.54279,,5.5313587145935195,1.9566686658085894,25.353312774582434,448361.70413594245,17684.541192795936,,brine,True,388.5077719565579,357.4271502000333,mg_per_L_Li,0.55,8.720179969026064e-06,448361.70413594245,0.9
San Luis,Argentina,,,Open Pit,,,,,pre-construction,-32.53083,-65.40687,,6.680681643242772,3.1355618371031504,45.423519857303155,4409150.896314914,97067.5744672837,hard_rock,hard_rock,False,1.7104858392887907,1.5736469721456876,pct_Li2O,0.65,0.025295588253755854,4409150.896314914,0.9
Bergby,Sweden,,,Project,,,,,pre-construction,60.95194,17.0794,,4.479477305892257,4.292492927927213,23.506593880395233,39178.1958312289,1666.6896118839218,,hard_rock,True,1.31964122177282,1.2140699240309945,pct_Li2O,0.65,0.019515566993836223,39178.1958312289,0.9
Sal de los Angeles,Argentina,828563.0,tonnes,Brine,,,2035.0,6/30/18,construction,-25.24472,-66.74833,2018.0,5.362977740296504,1.3874656372629601,47.2600044399375,828563.0,17532.01274140836,brine,brine,False,1597.8698784835024,1725.6994687621827,mg_per_L_Li,0.55,4.2102033747680036e-05,828563.0,0.9
Cross Lake,Canada,,,Project,,,,,pre-construction,54.52003,-97.54552,,3.526951645389894,3.9633263266394603,28.35170998248415,269518.3326491031,9506.246107046562,,brine,True,446.69655578308254,410.96083132043594,mg_per_L_Li,0.55,1.002624564846062e-05,269518.3326491031,0.9
Bougouni,Mali,337300.0,tonnes,Open Pit,,,2025.0,11/14/23,construction,11.33796,-7.59389,2023.0,4.070519480944363,4.452081102666056,39.98206338710021,337300.0,8436.282958543512,hard_rock,hard_rock,False,1.2775554533119142,1.3797598895768675,pct_Li2O,0.65,0.022178950345003355,337300.0,0.9
Karibib,Namibia,59833.0,tonnes,"Stock Pile, Openn Pit, Underground",,2024.0,2042.0,02/02/2023,construction,-22.10425,15.99674,2023.0,4.740790084986342,3.086524630906679,18.0,59833.0,3324.0555555555557,hard_rock,hard_rock,False,0.780541858597736,0.8429852072855549,pct_Li2O,0.65,0.013550565714511653,59833.0,0.9
Campus Creek,Canada,,,Project,,,,,pre-construction,49.30754,-85.63581,,5.473716274905395,4.493115069846277,35.37276219564929,108807.73666950135,3076.0316671816,,hard_rock,True,1.0309965763296627,0.9485168502232897,pct_Li2O,0.65,0.01524693410891427,108807.73666950135,0.9
Yellowknife,Canada,,,Project,,,,,pre-construction,62.58,-113.502,,5.665648983995216,3.4632044677771967,35.393801491460565,445246.0140019589,12579.773724203744,,hard_rock,True,1.4386629949091707,1.323569955316437,pct_Li2O,0.65,0.021275725246734066,445246.0140019589,0.9
Rupert,Canada,,,Project,,,,,pre-construction,51.77623,-76.88513,,7.989590491127231,3.0925938199310554,22.849894810725946,270980.7241315182,11859.167246770758,,brine,True,386.299091662817,355.3951643297916,mg_per_L_Li,0.55,8.670605440417622e-06,270980.7241315182,0.9
Destaffany,Canada,,,Project,,,,,pre-construction,62.18124,-112.20975,,5.109503652602372,2.9259803070540347,21.628950674503443,442029.771465942,20436.949444200905,,brine,True,1689.603351037991,1554.4350829549517,mg_per_L_Li,0.55,3.792368225510887e-05,442029.771465942,0.9
Dundas,Australia,,,Project,,,,,pre-construction,-32.116668,122.133334,,3.548173574591734,2.9316293783926355,41.48553086777988,243967.75867416285,5880.791533118422,,hard_rock,True,1.207249533874309,1.1106695711643644,pct_Li2O,0.65,0.017853458021681572,243967.75867416285,0.9
Kachi,Argentina,4300580.0,tonnes,Brine,2025.0,2027.0,2052.0,11/22/23,pre-construction,-26.49883,-67.42899,2023.0,7.5337918046099155,2.0,25.0,4300580.0,172023.2,brine,brine,False,541.7077577147054,498.37113709752896,mg_per_L_Li,0.55,1.2158802162696506e-05,4300580.0,0.9
Kathleen Valley,Australia,2090000.0,tonnes,"Open Pit, Underground",,2024.0,2046.0,11/11/2021,operation,-27.46948,120.55802,2021.0,3.9305144250520883,2.369687172389229,22.0,2090000.0,83600.0,hard_rock,hard_rock,False,1.711539128003837,1.9682699972044124,pct_Li2O,0.65,0.03163895607006233,2090000.0,0.9
Buldania,Australia,145000.0,tonnes,Project,,,,10/31/19,pre-construction,-32.03327,122.04717,2019.0,4.141003022463655,3.4910960918696032,18.424242827449373,145000.0,7870.065617240543,,hard_rock,True,1.3435011669787817,1.2360210736204793,pct_Li2O,0.65,0.019868420747912393,145000.0,0.9
Cauchari-Olaroz,Argentina,9938000.0,tonnes,Brine,,2023.0,2060.0,05/07/2019,operation,-23.41623,-66.71316,2019.0,8.864817233169356,2.981897549375293,37.0,9938000.0,242390.24390243902,brine,brine,False,835.6393381820815,960.9852389093936,mg_per_L_Li,0.55,2.3445236955775717e-05,9938000.0,0.9
Pastos Grandes,Argentina,2127000.0,tonnes,Brine,,,2063.0,4/30/23,construction,-24.57086,-66.70459,2023.0,7.061937651187869,3.386710735269557,22.676747656743377,2127000.0,93796.51933320759,brine,brine,False,734.4650699356064,793.2222755304549,mg_per_L_Li,0.55,1.9352309957972802e-05,2127000.0,0.9
Sal de la Puna,Argentina,228000.0,tonnes,Project,,,,09/09/2021,pre-construction,-24.5889,-66.60444,2021.0,5.185947351479621,4.312172989261051,20.52375113094976,228000.0,11109.080330650504,,brine,True,642.4024824048515,591.0102838124634,mg_per_L_Li,0.55,1.4418927145029656e-05,228000.0,0.9
Coolgardie,Australia,,,Open Pit,,,,,pre-construction,-31.1352,121.08174,,4.360332232459681,2.36661240091558,19.758653553058,252955.02745393245,12802.240131123874,hard_rock,hard_rock,False,1.070838872911431,0.9851717630785166,pct_Li2O,0.65,0.015836143505605613,252955.02745393245,0.9
Salar De Arizaro,Argentina,1665288.0,tonnes,Brine,,2028.0,2047.0,04/09/2024,pre-construction,-24.77014,-67.70972,2024.0,5.367027958320399,2.7960523788821297,19.0,1665288.0,87646.73684210527,brine,brine,False,891.5454691717466,820.221831638007,mg_per_L_Li,0.55,2.001102037829176e-05,1665288.0,0.9
Helados,Chile,,,Project,,,,,pre-construction,-23.1171,-67.13891,,5.190823484972305,2.4836714703066125,30.06522199198081,32934.663990589026,1095.4405724785126,,brine,True,1453.0085798330638,1336.7678934464188,mg_per_L_Li,0.55,3.261323769373674e-05,32934.663990589026,0.9
Salar de Atacama,Chile,,,Project,,,,,pre-construction,-23.02125,-68.11722,,7.903679902898071,1.6491620119331172,24.662716680193075,535381.0598060674,21708.113779535015,,brine,True,795.539838591312,731.8966515040071,mg_per_L_Li,0.55,1.7856143598130887e-05,535381.0598060674,0.9
Salar Ollague,Chile,,,Brine,,,,,pre-construction,-21.23276,-68.27653,,5.489607068778974,3.2612411488256186,27.359644337033085,976077.1080277044,35675.79665889587,brine,brine,False,1034.0277687058992,951.3055472094273,mg_per_L_Li,0.55,2.3209080710730672e-05,976077.1080277044,0.9
Salar de Turi,Chile,,,Project,,,,,pre-construction,-22.22576,-68.30319,,4.071741612618783,3.276097485372266,36.383995016963176,202995.37969309633,5579.249326481453,,brine,True,1664.7267172513564,1531.548579871248,mg_per_L_Li,0.55,3.736531833216717e-05,202995.37969309633,0.9
Salar de Laguna Blanca,Chile,,,Project,,,,,pre-construction,-22.87966,-67.41479,,8.399432001616463,4.9313472588286045,30.307265874043193,182731.27698174946,6029.289403444689,,brine,True,822.398497968172,756.6066181307183,mg_per_L_Li,0.55,1.8458994713086648e-05,182731.27698174946,0.9
Salar de llamara,Chile,,,Project,,,,,pre-construction,-21.04689,-69.59468,,6.364201288579648,3.2134433202121064,17.16643655349279,186694.53095420598,10875.555353170834,,brine,True,696.112578222931,640.4235719650966,mg_per_L_Li,0.55,1.562446725386346e-05,186694.53095420598,0.9
Trila 1,Argentina,,,Project,,,,,pre-construction,-25.61352,-67.72887,,4.2782558409543965,2.780126877745033,19.184071850423333,10540140.605075669,549421.4516738834,,brine,True,859.1205781668423,790.3909319134949,mg_per_L_Li,0.55,1.9283233431804534e-05,10540140.605075669,0.9
Antofalla North,Argentina,,,Project,,,,,pre-construction,-25.57107,-67.56205,,4.258744708290729,4.1107698580849865,38.58065676308004,792141.5621247347,20532.0911717288,,brine,True,1284.500161503498,1181.7401485832183,mg_per_L_Li,0.55,2.8831012883330496e-05,792141.5621247347,0.9
Solaroz,Argentina,1320036.0,tonnes,Brine,,,,10/25/2023,pre-construction,-23.34246,-66.72922,2023.0,5.676536508856499,1.3508198534226552,26.961325032930652,1320036.0,48960.3533352943,brine,brine,False,1114.0089222030738,1024.888208426828,mg_per_L_Li,0.55,2.500428302834003e-05,1320036.0,0.9
Urgakh Naran,Mongolia,,,Project,,,,,pre-construction,45.81375,111.36649,,4.135449479126054,2.55616700708778,27.831760299478205,1120386.606110153,40255.6860958291,,hard_rock,True,1.053738393749796,0.9694393222498123,pct_Li2O,0.65,0.015583252385504608,1120386.606110153,0.9
Bandeira,Brazil,766310.0,tonnes,Underground,,,,02/20/2024,pre-construction,-16.78716,-41.90737,2024.0,6.409920157865086,3.591253173105308,18.07445423987069,766310.0,42397.40740329443,hard_rock,hard_rock,False,1.0948597232235844,1.0072709453656976,pct_Li2O,0.65,0.016191376811280904,766310.0,0.9
Baixa Grande,Brazil,150800.0,tonnes,Project,,,,01/04/2024,pre-construction,-16.12676,-42.11307,2024.0,6.335771935089446,2.1366160777383865,17.403104127765232,150800.0,8665.120825164226,,hard_rock,True,1.0270428864966892,0.9448794555769541,pct_Li2O,0.65,0.015188464808671748,150800.0,0.9
Bynoe,Australia,58000.0,tonnes,Project,,,,12/19/23,pre-construction,-12.67849,130.73987,2023.0,3.6701782454348635,2.699967000101963,19.310122352005614,58000.0,3003.6060332872994,,hard_rock,True,1.2757113252812524,1.1736544192587524,pct_Li2O,0.65,0.018865907962374816,58000.0,0.9
Hombre Muerto North,Argentina,640000.0,tonnes,Brine,,2029.0,2054.0,09/05/2023,pre-construction,-25.22556,-66.98187,2023.0,7.403809971601714,3.9011410884304514,25.0,640000.0,25600.0,brine,brine,False,1694.5447621703552,1558.9811811967268,mg_per_L_Li,0.55,3.8034593792754985e-05,640000.0,0.9
Carachi,Argentina,,,Project,,,,,pre-construction,-26.39973,-67.46635,,7.268300278742638,2.6605412354895117,26.993219564092552,339307.132533915,12570.087526175454,,brine,True,708.5101053029341,651.8292968786994,mg_per_L_Li,0.55,1.5902733675057706e-05,339307.132533915,0.9
Boardwalk,Canada,2477800.0,tonnes,Brine,,2027.0,,3/33/2024,pre-construction,54.97925,-117.2243,,8.278311701130486,2.3941612788609046,22.557748227125792,2477800.0,109842.52395460442,brine,brine,False,1598.9891386487434,1471.070007556844,mg_per_L_Li,0.55,3.5889817563531626e-05,2477800.0,0.9
Park Place,Canada,8774405.0,tonnes,Project,,,,06/24/2024,pre-construction,54.14037,-117.06207,2024.0,6.603050285306933,4.064428595053695,30.32841932086614,8774405.0,289312.9677207791,,brine,True,750.7116464313347,690.6547147168279,mg_per_L_Li,0.55,1.6849960629506013e-05,8774405.0,0.9
Bourier,Canada,,,Project,,,,,pre-construction,51.86,-75.22,,6.721307902796118,1.786980077382493,23.876390049261435,239974.69454938217,10050.710934704523,,hard_rock,True,0.8665890501804241,0.7972619261659902,pct_Li2O,0.65,0.01281558683215521,239974.69454938217,0.9
Horse Rocks,Australia,,,Project,,,,,pre-construction,-31.09644,121.32243,,4.514061809287966,3.929268688346956,25.858616910228484,124372.03960755798,4809.694193596337,,hard_rock,True,1.3128451939217052,1.2078175784079688,pct_Li2O,0.65,0.019415063664118895,124372.03960755798,0.9
Hidden Lake,Canada,,,Project,,,,,pre-construction,62.54136,-113.42996,,3.5783108123694074,2.5884196357322544,42.40164590360774,8310576.724156861,195996.5597337757,,hard_rock,True,1.200277754480199,1.1042555341217832,pct_Li2O,0.65,0.017750355583240604,8310576.724156861,0.9
Trieste,Canada,,,Project,,,,,pre-construction,53.27853,-72.24493,,3.958062698291651,2.289293503139051,14.1100574352336,29864.198576533297,2116.5185693688763,,hard_rock,True,1.6316176347251323,1.5010882239471217,pct_Li2O,0.65,0.024129242655838004,29864.198576533297,0.9
Sepeda,Portugal,103000.0,tonnes,"Underground, Open Pit",,,,01/01/2017,pre-construction,41.73771,-7.72745,2017.0,8.884718378889218,2.975608793379463,29.124351009260092,103000.0,3536.559491651887,hard_rock,hard_rock,False,1.6501950619214214,1.5181794569677078,pct_Li2O,0.65,0.02440397568102742,103000.0,0.9
Alberta,Canada,,,Brine,,,,,pre-construction,54.92194,-117.34459,,6.478671812311038,2.9665566144966484,32.20797564612705,962057.1406480779,29870.152387666854,brine,brine,False,302.91262741480233,278.6796172216182,mg_per_L_Li,0.55,6.798969844657254e-06,962057.1406480779,0.9
Larder River,Canada,,,Project,,,,,pre-construction,44.72066,-64.48995,,8.636817447026722,4.468564113043627,18.48806432211257,548197.1158330481,29651.40678234115,,hard_rock,True,1.0996078576915869,1.01163922907626,pct_Li2O,0.65,0.01626159478778634,548197.1158330481,0.9
Salinitas,Argentina,,,Project,,,,,pre-construction,-23.79676,-66.13004,,5.228045742101393,3.5928886313872725,37.06196377886649,366736.4262206161,9895.22380435051,,brine,True,1053.3616609808469,969.0927281023792,mg_per_L_Li,0.55,2.3643036045241093e-05,366736.4262206161,0.9
Paterson Lake,Canada,,,Project,,,,,pre-construction,50.27195,-94.51576,,7.073014380484504,2.918587883938717,17.009756067109063,37686.6118218763,2215.5880233196917,,hard_rock,True,1.000340556165681,0.9203133116724266,pct_Li2O,0.65,0.014793576328478423,37686.6118218763,0.9
GC,Canada,,,Project,,,,,pre-construction,51.00616,-118.39358,,3.95686232816604,3.122657579188572,34.851780011401345,66989.61067909104,1922.1288168689287,,brine,True,1604.927620712795,1476.5334110557715,mg_per_L_Li,0.55,3.602310867397858e-05,66989.61067909104,0.9
Manono,Democratic Republic of the Congo,71700.0,tonnes,"Tailings, Open Pit",,2026.0,2032.0,8/23/23,pre-construction,-7.31977,27.40828,2023.0,4.525408902000246,2.5959154542284533,6.0,71700.0,11950.0,hard_rock,hard_rock,False,1.1953704321358156,1.0997407975649505,pct_Li2O,0.65,0.017677783450457795,71700.0,0.9
Ceara,Brazil,,,Project,,,,,pre-construction,-5.54053,-38.98141,,4.969737720664317,4.628210729949315,23.76237283508154,3141323.098496888,132197.36599112698,,hard_rock,True,1.256419174326914,1.1559056403807608,pct_Li2O,0.65,0.01858060521630054,3141323.098496888,0.9
Blesberg,South Africa,,,Open Pit,,,,,operation,-28.98333,17.73121,,6.032776639704535,2.7571313055498305,23.067598697808357,171424.84852226474,7431.412812749848,hard_rock,hard_rock,False,1.4310498477663205,1.6457073249312684,pct_Li2O,0.65,0.026453922394607674,171424.84852226474,0.9
Sabi Star,Zimbabwe,,,Open Pit,,2023.0,,,operation,-19.20352,31.96068,,6.064178713811036,4.043713126639086,27.345994343430966,2628996.997510423,96138.2849895147,hard_rock,hard_rock,False,1.8189256793575432,2.0917645312611746,pct_Li2O,0.65,0.03362406895775775,2628996.997510423,0.9
Mt Edwards,Australia,,,Project,,,,,pre-construction,-31.45588,121.53897,,5.8124620396640605,3.3412708133915436,29.06062298258396,1827898.7498346707,62899.503253255476,,hard_rock,True,1.6570397062875541,1.52447652978455,pct_Li2O,0.65,0.02450519797802175,1827898.7498346707,0.9
Lac La Motte,Canada,,,Project,,,,,pre-construction,48.37936,-78.05634,,5.511818348386812,4.180947241926775,14.022909909459774,1562584.021133718,111430.79654812643,,brine,True,614.7460797631497,565.5663933820978,mg_per_L_Li,0.55,1.3798170429875823e-05,1562584.021133718,0.9
Superb Lake,Canada,,,Project,,,,,pre-construction,50.47385,-87.02368,,6.146388786069416,2.6842034572591564,35.093023954404956,2143530.775096815,61081.39264036704,,hard_rock,True,1.1774043689872384,1.0832120194682595,pct_Li2O,0.65,0.01741209160694254,2143530.775096815,0.9
Darlin,Canada,,,Project,,,,,pre-construction,47.61269,-78.55248,,8.919807349855748,2.825807057943603,26.160818341922198,69931.44573384573,2673.1367811144487,,brine,True,1495.691182586991,1376.035887980032,mg_per_L_Li,0.55,3.357126222870618e-05,69931.44573384573,0.9
CYR South,Canada,,,Project,,,,,pre-construction,52.20263,-77.09568,,5.644863333604119,2.7188995621519134,40.11009229828164,251003.48411228092,6257.863538325345,,brine,True,1366.7597490385224,1257.4189691154406,mg_per_L_Li,0.55,3.0677355374423503e-05,251003.48411228092,0.9
Mitsumis,Canada,,,Project,,,,,pre-construction,52.11286,-76.37931,,7.614942299009135,3.8237103016735574,18.221317153255608,1856267.5701867794,101873.40215716072,,hard_rock,True,1.2893454170832914,1.1861977837166282,pct_Li2O,0.65,0.01906753627435294,1856267.5701867794,0.9
Marble Bar,Australia,,,Project,,,,,pre-construction,-21.18604,119.86827,,3.8844249603251804,4.387612967422092,24.17713390772597,63885.00195732276,2642.372838780029,,hard_rock,True,1.3150740477503828,1.2098681239303524,pct_Li2O,0.65,0.01944802515811845,63885.00195732276,0.9
Ewoyaa,Ghana,455000.0,tonnes,Open Pit,,2026.0,2038.0,7/30/24,pre-construction,5.248615,-1.175696,2024.0,5.362711352854129,3.815329015139305,12.0,455000.0,37916.666666666664,hard_rock,hard_rock,False,1.6320332962189597,1.5014706325214429,pct_Li2O,0.65,0.024135389682465935,455000.0,0.9
Greenbush,Canada,,,Project,,,,,pre-construction,50.95788,-90.23328,,6.077931097938738,2.9003605395296113,29.062348087543814,10279215.973434642,353695.3016484011,,hard_rock,True,0.8977739990699966,0.8259520791443968,pct_Li2O,0.65,0.013276766696206607,10279215.973434642,0.9
Cauchari East,Argentina,,,Project,,,,,pre-construction,-23.67008,-66.62732,,6.3546220289142585,3.8307155262402883,25.680570093747402,216353.62955953338,8424.798544959493,,brine,True,690.0463947787339,634.8426831964352,mg_per_L_Li,0.55,1.5488309845500367e-05,216353.62955953338,0.9
Marble Bar,Australia,,,Project,,,,,pre-construction,-21.11037,119.82664,,4.870897313870582,3.5308134739874033,24.787600285633747,511185.3665995655,20622.624243938422,,hard_rock,True,1.5457080073378369,1.42205136675081,pct_Li2O,0.65,0.022858764694835894,511185.3665995655,0.9
Pilbara,Australia,,,Project,,,,,pre-construction,-21.90154,119.3849,,5.414717617423201,3.038639732532931,39.90558949819558,96437.33863502408,2416.637364532222,,hard_rock,True,1.069647702086883,0.9840758859199324,pct_Li2O,0.65,0.015818527828219953,96437.33863502408,0.9
Chubb,Canada,,,Project,,,,,pre-construction,48.30518,-77.9576,,8.63809541661288,2.2115940230850932,11.75758665860305,1078536.4106770463,91731.10451947033,,hard_rock,True,0.9004997341844798,0.8284597554497215,pct_Li2O,0.65,0.013317076338976549,1078536.4106770463,0.9
Bouvier,Canada,11431.0,tonnes,Project,,,,12/31/1979,pre-construction,48.45182,-78.09764,1979.0,6.494258479353935,2.379480868867624,46.6297535749392,11431.0,245.14390756170545,,hard_rock,True,1.850926760714036,1.7028526198569132,pct_Li2O,0.65,0.027372504437889952,11431.0,0.9
Wodgina,Australia,2060000.0,tonnes,"Open Pit, Tailings",,2017.0,2047.0,12/31/23,operation,-21.19096,118.67426,2023.0,6.188677223644042,3.4605566077100263,30.0,2060000.0,85833.33333333333,hard_rock,hard_rock,False,1.1401209404924677,1.3111390815663377,pct_Li2O,0.65,0.021075905166638095,2060000.0,0.9
Mount Marion,Australia,924000.0,tonnes,Open Pit,,2016.0,2048.0,6/30/23,operation,-31.0799,121.43161,2023.0,3.9561286248605745,2.2609184175840484,32.0,924000.0,36960.0,hard_rock,hard_rock,False,1.46857469338915,1.6888608973975223,pct_Li2O,0.65,0.02714759449521647,924000.0,0.9
Bald Hill,Australia,262100.0,tonnes,Open Pit,,2018.0,2027.0,4/30/18,operation,-31.51987,122.17848,2018.0,3.8546739770251977,3.124571482821205,9.0,262100.0,29122.222222222223,hard_rock,hard_rock,False,1.1525161099460295,1.3253935264379337,pct_Li2O,0.65,0.021305038240726566,262100.0,0.9
Lithium Two,Canada,7600.0,tonnes,Project,,,,12/31/47,pre-construction,50.61363,-95.46443,2047.0,4.720342486148878,3.748404881823501,35.58892351504896,7600.0,213.54958929247468,,brine,True,1261.882082408532,1160.9315158158495,mg_per_L_Li,0.55,2.8323342935652267e-05,7600.0,0.9
Lithium One,Canada,,,Project,,,,,pre-construction,50.385254,-95.737294,,4.389071222753125,3.33602422463345,16.27497719282638,159905.35833950594,9825.227798782316,,brine,True,696.0782992338375,640.3920352951305,mg_per_L_Li,0.55,1.5623697851098244e-05,159905.35833950594,0.9
Horse Rocks,Australia,,,Project,,,,,pre-construction,-31.09644,121.32243,,9.24584320235449,3.2330947216917356,23.747702536556552,375184.4593157959,15798.768690918518,,hard_rock,True,1.0941347972606783,1.006604013479824,pct_Li2O,0.65,0.01618065621468143,375184.4593157959,0.9
Nardoo,Australia,,,Project,,,,,pre-construction,-24.50598,116.07342,,3.1961123821621116,2.435920230017751,33.39051674344711,79178.47635785451,2371.286343551221,,hard_rock,True,1.2848214160398832,1.1820357027566926,pct_Li2O,0.65,0.019000632903962457,79178.47635785451,0.9
Yinnetharra,Australia,,,Project,,,,,pre-construction,-24.67819,116.1603,,5.288792460665535,1.979534455190489,47.91389843389486,4523717.900349693,94413.48018447946,,hard_rock,True,1.042351936256588,0.9589637813560611,pct_Li2O,0.65,0.015414863303408004,4523717.900349693,0.9
Bouvier,Canada,11431.0,tonnes,Project,,,,12/31/1979,pre-construction,48.45182,-78.09764,1979.0,3.904386142492919,1.5208443126061233,25.830138561833202,11431.0,442.54505149618234,,hard_rock,True,1.053118401552832,0.9688689294286056,pct_Li2O,0.65,0.01557408360610012,11431.0,0.9
Pakeagama Lake,Canada,881052.0,tonnes,"Open Pit, Underground",,2025.0,,2/28/23,pre-construction,52.614525,-93.365435,2023.0,6.450404183730024,1.6088684164473166,15.452533258967641,881052.0,57016.67068010968,hard_rock,hard_rock,False,0.8066982363323374,0.7421623774257504,pct_Li2O,0.65,0.011929889135930226,881052.0,0.9
Salar de Laguna Blanca,Chile,,,Project,,,,,pre-construction,-22.87966,-67.41479,,3.807133712000699,2.361653290763466,32.59442446120754,33594.33989791919,1030.6774993956928,,brine,True,1029.9958351419345,947.5961683305799,mg_per_L_Li,0.55,2.311858268510852e-05,33594.33989791919,0.9
Mallina,Australia,,,Project,,,,,pre-construction,-21.05208,118.0188,,3.9786393092371224,3.1188996392648725,29.45565346563877,1250685.4305758073,42459.94515228743,,hard_rock,True,1.434639218998616,1.3198680814787267,pct_Li2O,0.65,0.021216219475729794,1250685.4305758073,0.9
Tabba Tabba,Australia,,,Project,,,,,pre-construction,-20.72181,118.88838,,4.057920166417894,2.8410437499621124,17.73720655507076,862545.6628358035,48629.17168821133,,hard_rock,True,1.7032145334492066,1.5669573707732702,pct_Li2O,0.65,0.025188056256494933,862545.6628358035,0.9
Mt Edon,Australia,,,Project,,,,,pre-construction,-29.36205,117.65755,,4.950638828240716,2.2778072807322167,19.156897328839005,1222099.216646571,63794.21446325806,,hard_rock,True,0.6644117630519,0.611258822007748,pct_Li2O,0.65,0.009825679934363543,1222099.216646571,0.9
Jean Lake,Canada,,,Project,,,,,pre-construction,54.83166,-99.73455,,6.149354908574768,2.5561160334057336,25.551891864802265,97189.1481072417,3803.598912420249,,brine,True,877.4140857124648,807.2209588554676,mg_per_L_Li,0.55,1.9693837001610083e-05,97189.1481072417,0.9
Elon,Canada,,,Project,,,,,pre-construction,48.42153,-77.79375,,7.390536763447296,2.9209399589878413,18.153671417629834,3438518.7365177055,189411.7535463602,,hard_rock,True,1.0921467027270284,1.004774966508866,pct_Li2O,0.65,0.01615125519914677,3438518.7365177055,0.9
Salar del Diablo,Mexico,,,Brine,,,,,pre-construction,31.14986,-115.30896,,4.934084326759733,3.7317483842838,39.9909863584449,3048509.0250813956,76229.90335264991,brine,brine,False,586.1022695312099,539.2140879687131,mg_per_L_Li,0.55,1.3155251038680026e-05,3048509.0250813956,0.9
Rio Grande,Argentina,1900834.0,tonnes,Project,,,,05/29/2024,pre-construction,-25.01162,-68.32125,2024.0,4.991078801045436,3.340913863349173,46.67199362731704,1900834.0,40727.508132145544,,brine,True,801.3649878877984,737.2557888567745,mg_per_L_Li,0.55,1.7986890918721135e-05,1900834.0,0.9
McLaughlin Lake,Canada,,,Project,,,,,pre-construction,54.75696,-95.18141,,7.521467175589113,1.5720526608208836,32.762753238292696,753989.6305561429,23013.6223617156,,brine,True,771.2313145638557,709.5328093987473,mg_per_L_Li,0.55,1.7310531078635355e-05,753989.6305561429,0.9
Lithium Two,Canada,7600.0,tonnes,Project,,,,12/31/47,pre-construction,50.61363,-95.46443,2047.0,7.018086739385481,2.962689982786956,36.31755606752927,7600.0,209.26518254335383,,hard_rock,True,1.6181427766898784,1.4886913545546883,pct_Li2O,0.65,0.023929969178789333,7600.0,0.9
Lithium One,Canada,,,Project,,,,,pre-construction,50.385254,-95.737294,,4.3324437988158016,2.2198266790389782,21.670925651308014,983487.0254914552,45382.788041271044,,brine,True,439.0773578523009,403.9511692241168,mg_per_L_Li,0.55,9.855230338158216e-06,983487.0254914552,0.9
McLaughlin Lake,Canada,,,Project,,,,,pre-construction,54.75696,-95.18141,,7.396581615399187,3.922346503608039,16.53239418264834,434942.668410158,26308.510649150525,,hard_rock,True,1.3314765835594617,1.224958456874705,pct_Li2O,0.65,0.019690594715032445,434942.668410158,0.9
Corvette,Canada,,,Project,,,,,pre-construction,53.55369,-73.92993,,7.569730221196593,4.040434405649513,31.967316862811213,1745179.5090662278,54592.6177212721,,brine,True,1447.7126524734508,1331.8956402755748,mg_per_L_Li,0.55,3.249436892710656e-05,1745179.5090662278,0.9
Ewoyaa,Ghana,455000.0,tonnes,Open Pit,,2026.0,2038.0,7/30/24,pre-construction,5.248615,-1.175696,2024.0,4.577834265675417,3.112493096411334,12.0,455000.0,37916.666666666664,hard_rock,hard_rock,False,0.9286347308651017,0.8543439523958937,pct_Li2O,0.65,0.013733151862787793,455000.0,0.9
Solonopole,Brazil,,,Project,,,,,pre-construction,-5.60649,-39.01542,,6.3865777924575955,3.547851364309003,30.86197924595149,137397.97914035065,4452.014501253178,,hard_rock,True,1.0493685495279768,0.9654190655657386,pct_Li2O,0.65,0.015518628769436464,137397.97914035065,0.9
Barrow Creek,Australia,,,Project,,,,,pre-construction,-21.60967,133.81029,,4.659641740104572,3.417043279217638,18.41549618642794,1497451.6116962763,81314.75777448154,,hard_rock,True,1.0174397989024913,0.936044614990292,pct_Li2O,0.65,0.015046449163661447,1497451.6116962763,0.9
Pilipas,Canada,,,Project,,,,,pre-construction,52.61499,-77.33379,,4.84632011536276,3.7894955360890465,13.267452312202558,1157124.315128022,87215.26091816233,,hard_rock,True,0.7686178170458232,0.7071283916821574,pct_Li2O,0.65,0.011366735332094839,1157124.315128022,0.9
Boca Rica,Brazil,,,Project,,,,,pre-construction,-18.86414,-41.52333,,5.7916988506646145,2.493494544560829,26.88005692660373,49439.86038373171,1839.2766249985168,,brine,True,667.7883149075001,614.3652497149001,mg_per_L_Li,0.55,1.4988720194398562e-05,49439.86038373171,0.9
Sal de Vida,Argentina,2901000.0,tonnes,Brine,,2025.0,2065.0,6/30/23,construction,-25.22556,-66.98187,2023.0,5.910709227540587,2.3543657235333724,40.0,2901000.0,72525.0,brine,brine,False,693.124683274026,748.5746579359482,mg_per_L_Li,0.55,1.8263038310884824e-05,2901000.0,0.9
Hombre Muerto North,Argentina,640000.0,tonnes,Brine,,2029.0,2054.0,09/05/2023,pre-construction,-25.22556,-66.98187,2023.0,5.729891457929501,3.575385120431368,25.0,640000.0,25600.0,brine,brine,False,1658.614738399929,1525.9255593279347,mg_per_L_Li,0.55,3.72281330313869e-05,640000.0,0.9
Sal de Oro,Argentina,,,Project,,,,,pre-construction,-25.22,-67.07,,5.992499141066506,4.427859640254893,24.93382257914764,6009.765599627179,241.02865016185663,,brine,True,767.8557336971248,706.4272750013549,mg_per_L_Li,0.55,1.7234765097147643e-05,6009.765599627179,0.9
Reung Kiet,Thailand,66500.0,tonnes,Open Pit,,,,11/02/2023,pre-construction,8.30556,98.39456,2023.0,4.727514245948882,2.355928679060536,20.0180930383066,66500.0,3321.994751085714,hard_rock,hard_rock,False,0.9286647841003077,0.8543716013722832,pct_Li2O,0.65,0.013733596306258766,66500.0,0.9
Bang Now,Thailand,,,Project,,,,,pre-construction,9.62859,98.7397,,7.216174014863164,3.1404817474192726,41.021290955113315,466320.4482722704,11367.766284647934,,hard_rock,True,0.9267350816914091,0.8525962751560964,pct_Li2O,0.65,0.01370505882499667,466320.4482722704,0.9
Shaakichiuwaanaan,Canada,1970000.0,tonnes,Project,,2028.0,,08/05/2024,pre-construction,53.52101,-73.93774,2024.0,4.97227730514766,3.090485951938268,21.463901554103252,1970000.0,91782.00873845302,,hard_rock,True,1.2545158350614591,1.1541545682565424,pct_Li2O,0.65,0.01855245760743979,1970000.0,0.9
Hidden Lake,Canada,,,Project,,,,,pre-construction,62.54136,-113.42996,,8.251833858058355,2.728717960559462,27.04683762733944,431782.59611524787,15964.254382138713,,hard_rock,True,1.490526664121421,1.3712845309917074,pct_Li2O,0.65,0.0220427131934262,431782.59611524787,0.9
Corvette,Canada,,,Project,,,,,pre-construction,53.55369,-73.92993,,5.88058688957221,3.5864591600817644,44.30671609703581,4734978.397077033,106868.18645523158,,hard_rock,True,1.2661060666096495,1.1648175812808776,pct_Li2O,0.65,0.018723860210299467,4734978.397077033,0.9
Gorman,Canada,,,Project,,,,,pre-construction,53.02273,-94.24424,,5.063294808585433,2.026708713027559,30.127185925337876,631657.7042828461,20966.369240334618,,hard_rock,True,1.379506928929505,1.2691463746151446,pct_Li2O,0.65,0.020400893398751143,631657.7042828461,0.9
Sepeda,Portugal,103000.0,tonnes,"Underground, Open Pit",,,,01/01/2017,pre-construction,41.73771,-7.72745,2017.0,4.5624898832044325,2.7245917170811005,22.85073218826991,103000.0,4507.514207919935,hard_rock,hard_rock,False,1.6391111245868248,1.507982234619879,pct_Li2O,0.65,0.024240060430397243,103000.0,0.9
North American Lithium,Canada,987000.0,tonnes,"Open Pit, Underground",,2013.0,2042.0,8/27/24,operation,48.41044,-77.81559,2024.0,5.755254858599995,2.857023917115569,29.0,987000.0,54833.333333333336,hard_rock,hard_rock,False,1.5045441645534643,1.7302257892364838,pct_Li2O,0.65,0.027812514449081862,987000.0,0.9
Ewoyaa,Ghana,455000.0,tonnes,Open Pit,,2026.0,2038.0,7/30/24,pre-construction,5.248615,-1.175696,2024.0,5.327784840709637,4.386810171717428,12.0,455000.0,37916.666666666664,hard_rock,hard_rock,False,0.889478550384782,0.8183202663539995,pct_Li2O,0.65,0.013154089121507362,455000.0,0.9
Authier,Canada,173000.0,tonnes,Open Pit,,2023.0,2046.0,3/27/23,operation,48.36207,-78.19557,2023.0,6.367959619617046,3.41079589826829,23.0,173000.0,7521.739130434783,hard_rock,hard_rock,False,0.750185302849753,0.862713098277216,pct_Li2O,0.65,0.013867681698257106,173000.0,0.9
Tansim,Canada,,,Project,,,,,pre-construction,47.70269,-78.72432,,5.810260794727582,3.4793656024496906,13.93848192213579,240870.91529703652,17281.0006600868,,brine,True,765.9231420373942,704.6492906744027,mg_per_L_Li,0.55,1.7191387465357625e-05,240870.91529703652,0.9
Killick,Canada,,,Project,,,,,pre-construction,47.84123,-57.70978,,3.71933008557251,4.959123953526699,30.034292368481047,53944.14689461288,1796.0851626796975,,hard_rock,True,1.7196994936129004,1.5821235341238684,pct_Li2O,0.65,0.02543184474927412,53944.14689461288,0.9
Pilgangoora,Australia,4800000.0,tonnes,Open Pit,,2018.0,2057.0,6/30/23,operation,-21.04991,118.90798,2023.0,7.5830425962170285,2.346933420862741,39.0,4800000.0,141176.4705882353,hard_rock,hard_rock,False,1.0680323873226716,1.2282372454210722,pct_Li2O,0.65,0.019743299601521023,4800000.0,0.9
Altura,Australia,483000.0,tonnes,"Open Pit, Underground, Dump, Stock Pile",,2018.0,2035.0,6/30/19,operation,-21.01296,118.91086,2019.0,3.850549908983326,3.2190488662609322,17.0,483000.0,30187.5,hard_rock,hard_rock,False,1.6086406483392683,1.8499367455901585,pct_Li2O,0.65,0.029736808216989003,483000.0,0.9
Pilgangoora Northeast,Australia,,,Project,,,,,pre-construction,-20.9421,118.93312,,7.5435453871631095,1.92805903158101,30.202925834602766,490367.14254225366,16235.74964980551,,hard_rock,True,0.9828515436907677,0.9042234201955063,pct_Li2O,0.65,0.014534939367932667,490367.14254225366,0.9
Lynas Find,Australia,,,Open Pit,,,,,pre-construction,-21.02394,118.92597,,7.4399682657410615,2.14016375721602,27.624409720406053,207453.53526304394,7509.790701873306,hard_rock,hard_rock,False,1.632372302123606,1.5017825179537176,pct_Li2O,0.65,0.024140403084847037,207453.53526304394,0.9
Salta Lithium,Argentina,288960.0,tonnes,Brine,,,,11/01/2023,pre-construction,-24.1127,-67.17265,2023.0,8.368868302393906,3.440840844490402,41.63978933139896,288960.0,6939.516376998248,brine,brine,False,1367.7561975714807,1258.3357017657622,mg_per_L_Li,0.55,3.0699720977287785e-05,288960.0,0.9
Salar de Salinas Grandes,Argentina,96800.0,tonnes,Brine,,,,03/06/2012,pre-construction,-23.72856,-65.94639,2012.0,6.57276152570377,3.820113319600628,24.54033655787405,96800.0,3944.5261792442943,brine,brine,False,715.7051977582039,658.4487819375477,mg_per_L_Li,0.55,1.6064229803662184e-05,96800.0,0.9
Salinas Grandes/Guayatayoc,Argentina,,,Brine,,,,,pre-construction,-23.09376,-65.96333,,4.4995768994869545,3.293067288020375,17.023538464181122,84284.81286806641,4951.074833555218,brine,brine,False,1656.0741576300572,1523.5882250196528,mg_per_L_Li,0.55,3.7171108891489894e-05,84284.81286806641,0.9
Mina Sisifo/Mina Patilla,Argentina,,,Project,,,,,pre-construction,-24.23533,-67.51665,,5.580444524716465,3.16649602031936,19.99988514762269,463747.99801797874,23187.53305806372,,brine,True,850.9401567248365,782.8649441868496,mg_per_L_Li,0.55,1.909962128207192e-05,463747.99801797874,0.9
Salar de Arizaro,Argentina,,,Project,,,,,pre-construction,-24.88645,-67.77402,,5.570569235891193,3.7057997876552546,23.354981236263647,3580109.3544481974,153291.0396386577,,brine,True,748.4037277899092,688.5314295667165,mg_per_L_Li,0.55,1.6798158664758314e-05,3580109.3544481974,0.9
Salar de Arizaro,Argentina,,,Project,,,,,pre-construction,-24.88645,-67.77402,,6.412752381960093,4.408306979265251,28.43114263703992,671417.0315073704,23615.548628448454,,brine,True,689.6677819376487,634.4943593826368,mg_per_L_Li,0.55,1.5479811760388145e-05,671417.0315073704,0.9
Salar De Arizaro,Argentina,1665288.0,tonnes,Brine,,2028.0,2047.0,04/09/2024,pre-construction,-24.77014,-67.70972,2024.0,5.345949466769997,4.228104531699705,19.0,1665288.0,87646.73684210527,brine,brine,False,681.619953133234,627.0903568825754,mg_per_L_Li,0.55,1.5299175694393933e-05,1665288.0,0.9
Yergo,Argentina,,,Project,,,,,pre-construction,-27.67082,-68.42462,,6.630835872047658,3.763155650307824,23.97793031517581,92512.40325749684,3858.231383671386,,brine,True,1748.331797017264,1608.465253255883,mg_per_L_Li,0.55,3.9241860822454896e-05,92512.40325749684,0.9
Case Lake,Canada,,,Project,,,,,pre-construction,49.05602,-79.92844,,4.689586730940359,2.8592856789577725,20.884713262808578,1008750.2897831154,48300.89248002721,,hard_rock,True,1.208265540259795,1.1116042970390114,pct_Li2O,0.65,0.01786848327275359,1008750.2897831154,0.9
Larder River,Canada,,,Project,,,,,pre-construction,44.72066,-64.48995,,5.242613872632321,3.6327663199085767,31.924605923492255,84968.18297293133,2661.5264469218105,,hard_rock,True,0.7558415217402984,0.6953742000010745,pct_Li2O,0.65,0.011177792577917272,84968.18297293133,0.9
Gullwing-Tot,Canada,,,Project,,,,,pre-construction,49.91595,-92.54348,,6.001996672719919,2.3677201828407277,36.367721615112885,36956.502422893725,1016.1896533968235,,brine,True,863.662952525533,794.5699163234904,mg_per_L_Li,0.55,1.938518846270389e-05,36956.502422893725,0.9
Paterson Lake,Canada,,,Project,,,,,pre-construction,50.27195,-94.51576,,5.524263947964058,4.123866120535556,21.831583922364175,1347927.7382916526,61742.095446901665,,brine,True,419.9232412968803,386.32938199312986,mg_per_L_Li,0.55,9.425310126601554e-06,1347927.7382916526,0.9
Salta Lithium,Argentina,288960.0,tonnes,Brine,,,,11/01/2023,pre-construction,-24.1127,-67.17265,2023.0,4.309717187321753,2.4959526841703568,34.52164028316643,288960.0,8370.401801008968,brine,brine,False,436.8053813491904,401.86095084125515,mg_per_L_Li,0.55,9.804235106086673e-06,288960.0,0.9
La Borita,Argentina,,,Project,,,,,pre-construction,-25.35885,-67.4804,,8.906374939335995,4.60386579229358,18.878845876758753,219869.89372712153,11646.363086092966,,brine,True,1253.8145572827264,1153.5093927001083,mg_per_L_Li,0.55,2.8142264779487272e-05,219869.89372712153,0.9
Zulu,Zimbabwe,107366.0,tonnes,Open Pit,,2024.0,,1/31/24,construction,-20.03851,29.40669,2024.0,6.712955594272644,2.553533404758176,44.51480267584003,107366.0,2411.9167905077975,hard_rock,hard_rock,False,1.8891647204807192,2.0402978981191766,pct_Li2O,0.65,0.0327967685633167,107366.0,0.9
Alto Ligonha,Mozambique,,,Project,,,,,pre-construction,-15.39314,38.09033,,7.582610441547723,2.4535013636142207,22.204018857188757,3949601.495958898,177877.77615222923,,brine,True,1494.9332528141001,1375.3385925889722,mg_per_L_Li,0.55,3.355425025494254e-05,3949601.495958898,0.9
Odzi West,Zimbabwe,,,Project,,,,,pre-construction,-19.27958,31.86576,,5.257756450805181,2.640310804788826,29.842785675676776,980692.582869484,32861.965150552045,,hard_rock,True,0.9133242340661418,0.8402582953408505,pct_Li2O,0.65,0.013506731968456502,980692.582869484,0.9
Step Aside,Zimbabwe,,,Project,,,,,pre-construction,-17.71619,31.41397,,8.611244030046336,2.970059684657053,28.15172106808167,140968.40173729655,5007.45234710094,,hard_rock,True,0.7409223876035176,0.6816485965952362,pct_Li2O,0.65,0.010957160365970125,140968.40173729655,0.9
Bikita Gem,Zimbabwe,,,Project,,,,,pre-construction,-19.95602,31.43583,,7.437900961974632,2.2655453953789237,15.73248368455728,836353.0055777187,53160.900868987876,,hard_rock,True,1.5277351574711124,1.4055163448734236,pct_Li2O,0.65,0.022592972485667846,836353.0055777187,0.9
Kolmozerskoye,Russia,,,Project,,,2064.0,,pre-construction,67.98019,36.95744,,9.153075325413178,2.4525100812903666,27.706523621522905,5416467.965014296,195494.3189194147,,hard_rock,True,1.1233908111854956,1.033519546290656,pct_Li2O,0.65,0.016613309946849147,5416467.965014296,0.9
La Corne South,Canada,,,Project,,,,,pre-construction,48.31032,-77.7195,,4.662383690204303,4.03765523177639,14.318549404102658,411902.8459559632,28767.079285136362,,brine,True,1681.8249609172572,1547.2789640438766,mg_per_L_Li,0.55,3.774909382569212e-05,411902.8459559632,0.9
Mia,Canada,,,Project,,,,,pre-construction,53.13034,-77.95329,,5.722258970090171,4.258756804917988,25.154398647680363,90594.5684329347,3601.539822192846,,brine,True,427.9902914323909,393.75106811779966,mg_per_L_Li,0.55,9.60637762145897e-06,90594.5684329347,0.9
Cisco,Canada,,,Project,,,,,pre-construction,50.64933,-77.4661,,5.363699189281711,2.114916616119569,26.43362476082572,181303.10819442227,6858.806154466983,,hard_rock,True,0.7631626575277891,0.702109644925566,pct_Li2O,0.65,0.011286061487356011,181303.10819442227,0.9
Irgon,Canada,16420.0,tonnes,Project,,,,12/31/56,pre-construction,50.6072,-95.39696,2056.0,6.323904904128063,2.879044920008076,42.41034475676361,16420.0,387.1696892391175,,hard_rock,True,0.7009772086589301,0.6448990319662157,pct_Li2O,0.65,0.010366429489340934,16420.0,0.9
Chaerhan Lake,China,,,Brine,,,,,operation,36.78454,95.24038,,4.871650680910154,2.8326950832952305,18.53542606758409,139352.7308383557,7518.183306401812,brine,brine,False,627.2623034831511,721.3516490056237,mg_per_L_Li,0.55,1.759887629342762e-05,139352.7308383557,0.9
WRL,Canada,,,Project,,,,,pre-construction,51.63458,-75.56755,,4.186006769166858,3.827956027969539,14.408838177915426,73577.48419719555,5106.413389385448,,brine,True,1344.2028240692614,1236.6665981437206,mg_per_L_Li,0.55,3.01710580504622e-05,73577.48419719555,0.9
Andover,Australia,,,Project,,,,,pre-construction,-20.76284,117.18367,,5.719997726520699,3.3517620299191657,28.843209566524354,60630.39697172909,2102.0683163532944,,hard_rock,True,1.184769369732979,1.0899878201543407,pct_Li2O,0.65,0.017521009215070948,60630.39697172909,0.9
Kathleen Valley,Australia,2090000.0,tonnes,"Open Pit, Underground",,,,11/11/2021,operation,-27.46948,120.55802,2021.0,6.447749696064081,2.806746635562975,21.224126405320572,2090000.0,98472.83982798313,hard_rock,hard_rock,False,0.897515911273117,1.0321432979640845,pct_Li2O,0.65,0.016591187443123677,2090000.0,0.9
Morrissey Hill,Australia,,,Project,,2024.0,2046.0,,pre-construction,-24.53712,116.17944,,5.35678340449165,3.6998332198396793,22.0,1189822.3218055002,54082.832809340915,,hard_rock,True,1.1438954761806228,1.052383838086173,pct_Li2O,0.65,0.016916544005316187,1189822.3218055002,0.9
Pocitos 1,Argentina,308000.0,tonnes,Brine,,,,12/18/2023,pre-construction,-24.47854,-67.02077,2023.0,9.336959273551052,3.222700900430157,20.11031945012573,308000.0,15315.520012690518,brine,brine,False,1332.4473455718153,1225.8515579260702,mg_per_L_Li,0.55,2.9907202613018834e-05,308000.0,0.9
Zimbabwe Lithium,Zimbabwe,,,Project,,2023.0,,,operation,-20.09203,31.62121,,5.440351661061068,2.2941749379317775,30.72373510697209,3921489.2463420723,127637.1259122129,,hard_rock,True,1.4074480712417938,1.6185652819280627,pct_Li2O,0.65,0.026017627624352644,3921489.2463420723,0.9
Tammela,Finland,,,Project,,,,,pre-construction,60.74814,23.47223,,5.049600418685725,3.7119880623326367,17.094247040789824,304962.506790418,17840.066664692797,,hard_rock,True,1.7656610225747273,1.6244081407687492,pct_Li2O,0.65,0.026111548658787256,304962.506790418,0.9
Sal de los Angeles,Argentina,828563.0,tonnes,Brine,,,2035.0,6/30/18,construction,-25.24472,-66.74833,2018.0,7.447829135516766,2.930051846935285,25.79802302420107,828563.0,32117.30601305096,brine,brine,False,1334.320071843522,1441.065677591004,mg_per_L_Li,0.55,3.5157799424994195e-05,828563.0,0.9
Atex,Cote d'Ivore,,,Project,,,,,pre-construction,9.87931,-6.49208,,5.679599915071274,4.049002629765855,33.44253945629957,2238953.187932341,66949.25757232199,,hard_rock,True,1.0965156668017455,1.008794413457606,pct_Li2O,0.65,0.016215865799124284,2238953.187932341,0.9
Mavis Lake,Canada,86000.0,tonnes,Project,,,,05/05/2023,pre-construction,49.8146,-92.66102,2023.0,4.955769658673766,3.3634883203228325,38.62883931324092,86000.0,2226.3159217036464,,hard_rock,True,1.3105170371599724,1.2056756741871746,pct_Li2O,0.65,0.019380633624721737,86000.0,0.9
Salar del Rincon,Argentina,3371100.0,tonnes,Brine,,2025.0,2068.0,2/24/16,operation,-24.0575,-67.12,2016.0,5.002719325123535,2.0996221428043724,43.0,3371100.0,64828.846153846156,brine,brine,False,552.028639075262,634.8329349365513,mg_per_L_Li,0.55,1.5488072016391624e-05,3371100.0,0.9
Jadar,Serbia,2581000.0,tonnes,Underground,,2027.0,,12/31/22,pre-construction,44.53707,19.33921,2022.0,8.640019347030385,3.6047959189892893,26.728592238020102,2581000.0,96563.25993587702,hard_rock,hard_rock,False,1.4243054691765518,1.3103610316424277,pct_Li2O,0.65,0.021063398403136206,2581000.0,0.9
Tambourah,Australia,,,Project,,,,,pre-construction,-21.75152,119.22377,,8.842755940001105,3.169602781592178,42.50075884520112,2765203.7118478594,65062.455047437026,,hard_rock,True,1.520034167064836,1.3984314336996493,pct_Li2O,0.65,0.02247908608100501,2765203.7118478594,0.9
Georgia Lake,Canada,135300.0,tonnes,"Open Pit, Underground",,,,7/31/22,pre-construction,49.44318,-87.99603,2022.0,6.481234785966041,3.084963620482226,17.4416530108696,135300.0,7757.292265571465,hard_rock,hard_rock,False,1.2469107876861614,1.1471579246712684,pct_Li2O,0.65,0.018439990060128305,135300.0,0.9
Separation Rapids,Canada,175000.0,tonnes,Open Pit,,2026.0,,08/07/2023,pre-construction,50.266,-94.58258,2023.0,4.975538324975421,2.832457486020675,35.72614382793257,175000.0,4898.373606814398,hard_rock,hard_rock,False,1.5163658547699177,1.3950565863883244,pct_Li2O,0.65,0.022424837097899122,175000.0,0.9
Paterson Lake,Canada,,,Project,,,,,pre-construction,50.28245,-94.60458,,6.821622509858917,3.3577825838515536,32.0915498407004,10630545.039583087,331256.8290516403,,hard_rock,True,1.2235757737622102,1.1256897118612335,pct_Li2O,0.65,0.018094899273313397,10630545.039583087,0.9
Salar De Arizaro,Argentina,1665288.0,tonnes,Brine,,2028.0,2047.0,04/09/2024,pre-construction,-24.77014,-67.70972,2024.0,4.742059914901185,1.7115604723438427,19.0,1665288.0,87646.73684210527,brine,brine,False,1227.4380080955493,1129.2429674479054,mg_per_L_Li,0.55,2.7550234780407174e-05,1665288.0,0.9
Galinee,Canada,,,Project,,,,,pre-construction,53.2125,-72.329165,,5.1289594601859205,3.00768187776567,25.226162732868435,413597.65910142346,16395.583564619057,,hard_rock,True,1.4637109141277997,1.3466140409975758,pct_Li2O,0.65,0.02164614740201553,413597.65910142346,0.9
Moblan,Canada,1130300.0,tonnes,Open Pit,,2027.0,2047.0,1/24/24,pre-construction,50.73002,-74.89988,2024.0,5.995099575469671,4.28170601458865,20.0,1130300.0,56515.0,hard_rock,hard_rock,False,1.3601605210661987,1.2513476793809029,pct_Li2O,0.65,0.020114788272208323,1130300.0,0.9
San Jose,Spain,680000.0,tonnes,"Open Pit, Underground",,2025.0,2051.0,8/22/19,pre-construction,39.45948,-6.33674,2019.0,5.421795727663421,2.280209786613301,26.0,680000.0,26153.846153846152,hard_rock,hard_rock,False,1.2256252009489637,1.1275751848730466,pct_Li2O,0.65,0.01812520730924179,680000.0,0.9
Mina do Barroso,Portugal,293400.0,tonnes,Open Pit,,2026.0,2040.0,06/12/2023,pre-construction,41.60482,-7.76348,2023.0,5.234062022246884,2.0469513604389347,14.0,293400.0,20957.14285714286,hard_rock,hard_rock,False,1.6189774560324635,1.4894592595498664,pct_Li2O,0.65,0.02394231286763433,293400.0,0.9
Moblan,Canada,1130300.0,tonnes,Open Pit,,2027.0,2047.0,1/24/24,pre-construction,50.73002,-74.89988,2024.0,9.048530101383697,2.8122259120076283,20.0,1130300.0,56515.0,hard_rock,hard_rock,False,1.1124277183501967,1.023433500882181,pct_Li2O,0.65,0.016451181809930618,1130300.0,0.9
Barraute,Canada,,,Project,,,,,pre-construction,48.3151,-77.97344,,4.543660080042393,3.039409154248408,27.24724114601677,311634.2120226048,11437.275809046896,,brine,True,1190.5483346472179,1095.3044678754404,mg_per_L_Li,0.55,2.6722234378129446e-05,311634.2120226048,0.9
Mallina,Australia,,,Project,,,,,pre-construction,-21.05208,118.0188,,6.323350650827526,2.7355709943984747,22.94124442541888,1187483.448363098,51761.94570541114,,hard_rock,True,1.149386436602633,1.0574355216744225,pct_Li2O,0.65,0.016997747293155504,1187483.448363098,0.9
Tabba Tabba,Australia,,,Project,,,,,pre-construction,-20.72181,118.88838,,3.7345607209576985,2.9676199420940645,25.6358053639129,677051.4770975205,26410.384518311042,,hard_rock,True,1.2388682876053092,1.1397588245968846,pct_Li2O,0.65,0.018321053225982622,677051.4770975205,0.9
Mt Edon,Australia,,,Project,,,,,pre-construction,-29.36205,117.65755,,4.133140026596299,3.386725385580867,31.012153823774646,965514.8684883785,31133.434780921023,,hard_rock,True,0.826779695413735,0.7606373197806362,pct_Li2O,0.65,0.012226864596813837,965514.8684883785,0.9
Poona,Australia,,,Project,,,,,pre-construction,-27.11937,117.44342,,4.714626510399318,3.712455262302251,23.02930865380153,5426287.719150233,235625.2982112208,,hard_rock,True,1.3237246181067346,1.217826648658196,pct_Li2O,0.65,0.01957595446385617,5426287.719150233,0.9
Youanmi,Australia,,,Project,,,,05/21/2019,pre-construction,-28.62078,118.72503,2019.0,9.460571469521925,1.6424421336416728,18.05279197153674,271296.8984196781,15027.974556369076,,hard_rock,True,0.7425893433827051,0.6831821959120887,pct_Li2O,0.65,0.01098181220818887,271296.8984196781,0.9
Kirup,Australia,,,Project,,,,,pre-construction,-33.82366,115.83541,,6.905628072285589,2.7474832510406264,35.74910132619176,832345.2594415301,23282.97016047528,,hard_rock,True,1.6130834464496593,1.4840367707336866,pct_Li2O,0.65,0.023855149071158648,832345.2594415301,0.9
Keliber,Finland,224255.0,tonnes,"Open Pit, Underground",,2025.0,,12/31/23,construction,63.62083,24.1425,2023.0,7.850891660949118,3.2546769147460375,41.8176692055726,224255.0,5362.685301698161,hard_rock,hard_rock,False,1.1410493161478792,1.2323332614397096,pct_Li2O,0.65,0.01980914101101261,224255.0,0.9
Kamativi,Zimbabwe,227800.0,tonnes,Open Pit,,,,12/31/22,construction,-18.32581,27.05284,2022.0,3.832329853431938,1.4090541330125088,19.69090960947849,227800.0,11568.79009237569,hard_rock,hard_rock,False,1.6461218144759753,1.7778115596340534,pct_Li2O,0.65,0.02857743191533759,227800.0,0.9
Forgan Lake,Canada,,,Project,,,,,pre-construction,49.32614,-88.27988,,6.6608902148691715,4.362480342611862,28.389549740960835,104071.11748855178,3665.8248700012505,,hard_rock,True,0.954231339639185,0.8778928324680503,pct_Li2O,0.65,0.014111688335507674,104071.11748855178,0.9
Georgia Lake,Canada,,,Project,,,,,pre-construction,49.30144,-87.90182,,5.57256019580844,3.304879890184189,22.66553719483377,433377.0431398477,19120.528201671244,,hard_rock,True,1.4362607767055167,1.3213599145690753,pct_Li2O,0.65,0.0212401999467406,433377.0431398477,0.9
Grota do Cirilo,Brazil,1069000.0,tonnes,"Open Pit, Underground",,2023.0,2049.0,05/08/2024,operation,-16.74129,-41.90547,2024.0,5.480563995301762,2.9697790218420943,26.0,1069000.0,42760.0,hard_rock,hard_rock,False,1.3186594939587333,1.5164584180525431,pct_Li2O,0.65,0.024376310840985602,1069000.0,0.9
Sutti,Mexico,98000.0,tonnes,Project,,,,12/17/2018,pre-construction,23.4389,-102.87293,2018.0,6.804521600554779,2.893809498126336,14.67645304178713,98000.0,6677.362692536962,,hard_rock,True,1.3034529154547903,1.1991766822184071,pct_Li2O,0.65,0.019276165578319786,98000.0,0.9
Hombre Muerto North,Argentina,640000.0,tonnes,Brine,,2029.0,2054.0,09/05/2023,pre-construction,-25.22556,-66.98187,2023.0,5.079752370941613,2.085385394926001,25.0,640000.0,25600.0,brine,brine,False,1508.5579006167773,1387.8732685674352,mg_per_L_Li,0.55,3.3860059789345435e-05,640000.0,0.9
Tanco,Canada,62250.0,tonnes,"Open Pit, Tailings, Underground",,,,12/31/23,operation,50.44323,-95.43694,2023.0,5.873424399636651,1.7280384774739488,36.79129143033692,62250.0,1691.9764862798659,hard_rock,hard_rock,False,1.6764729386646402,1.927943879464336,pct_Li2O,0.65,0.03099073389044947,62250.0,0.9
Thompson Bros,Canada,90896.0,tonnes,"Underground, Open Pit",,2025.0,,07/12/2023,pre-construction,54.85151,-99.71257,2023.0,4.910535554636979,3.402418596458096,17.448707888074203,90896.0,5209.325560554851,hard_rock,hard_rock,False,0.8699562457733765,0.8003597461115064,pct_Li2O,0.65,0.01286538273886941,90896.0,0.9
Shatford Lake,Canada,,,Project,,,,,pre-construction,50.39446,-95.41611,,5.38471479437449,4.220185352735788,29.245920988264427,177611.3571055136,6073.030053551197,,hard_rock,True,1.6964738503060985,1.5607559422816106,pct_Li2O,0.65,0.025088371394205753,177611.3571055136,0.9
Salar de Atacama,Chile,24280000.0,tonnes,Brine,,1996.0,2030.0,12/31/22,operation,-23.55,-68.385,2022.0,5.958517120185504,3.711181942640436,34.0,24280000.0,3035000.0,brine,brine,False,818.2516159987777,940.9893583985943,mg_per_L_Li,0.55,2.2957395792630377e-05,24280000.0,0.9
Mt Holland - Lithium,Australia,2737000.0,tonnes,Open Pit,,2023.0,2067.0,12/31/23,operation,-32.08393,119.74667,2023.0,4.486719220151433,1.4142881598264765,44.0,2737000.0,62204.545454545456,hard_rock,hard_rock,False,1.0854043842785508,1.2482150419203333,pct_Li2O,0.65,0.020064432691348395,2737000.0,0.9
Beechworth,Australia,,,Placer,,,,12/31/15,pre-construction,-36.46872,147.20498,2015.0,4.9663722197673685,1.558343850644656,36.47168360021167,153450.9118586366,4207.3986367261095,hard_rock,hard_rock,False,1.0617498912176488,0.976809899920237,pct_Li2O,0.65,0.01570173073626785,153450.9118586366,0.9
Marble Bar,Australia,,,Project,,,,,pre-construction,-21.24577,119.91494,,5.496024720622227,3.025479294797554,32.783702162579885,390322.73352336505,11905.999254986184,,hard_rock,True,1.4057384640914206,1.293279386964107,pct_Li2O,0.65,0.020788819505754536,390322.73352336505,0.9
Julimar Nth,Australia,,,Project,,,,,pre-construction,-30.97314,116.45676,,5.704208949272025,3.1523293055631108,27.474740355591173,263278.96168038493,9582.582338282482,,hard_rock,True,1.1891336651964979,1.094002971980778,pct_Li2O,0.65,0.017585550773105016,263278.96168038493,0.9
Killick,Canada,,,Project,,,,,pre-construction,47.84123,-57.70978,,7.3542749349914756,3.225393348077023,28.658034451002752,1089388.515192429,38013.37167958883,,hard_rock,True,0.9356192434299048,0.8607697039555124,pct_Li2O,0.65,0.013836442606232884,1089388.515192429,0.9
Borborema,Brazil,,,Project,,,,,pre-construction,-6.80749,-36.64739,,6.4649263070433705,4.0041077385338415,37.49656717406502,2307022.3185513355,61526.22739681132,,hard_rock,True,1.2964365531119197,1.1927216288629663,pct_Li2O,0.65,0.01917240382315775,2307022.3185513355,0.9
Lithium Star,Australia,,,Project,,,,,pre-construction,-32.98797,119.84065,,6.08683661576393,4.096078711956379,21.887113526107818,42855.61745272038,1958.0296598544387,,hard_rock,True,1.62728473792259,1.497101958888783,pct_Li2O,0.65,0.024065165438157742,42855.61745272038,0.9
Trident,Australia,,,Project,,,,,pre-construction,-31.44016,141.61428,,7.865839457658792,4.707349093872111,25.334250231568184,3261872.8533105385,128753.47892656499,,hard_rock,True,0.6861795567387293,0.631285192199631,pct_Li2O,0.65,0.010147593822012966,3261872.8533105385,0.9
Pontax,Canada,105280.0,tonnes,Project,,,,08/14/2023,pre-construction,51.92481,-76.99303,2023.0,4.662192560106888,2.633735061712562,19.578692964805683,105280.0,5377.274171940358,,hard_rock,True,1.1814160829871874,1.0869027963482125,pct_Li2O,0.65,0.017471418999899343,105280.0,0.9
Salar de Turi,Chile,,,Project,,,,,pre-construction,-22.22576,-68.30319,,4.207129857344474,2.9360658550896095,24.38209453972619,11985.834599371894,491.58346834572217,,brine,True,1059.4813406335252,974.7228333828432,mg_per_L_Li,0.55,2.378039419294401e-05,11985.834599371894,0.9
Salta Lithium,Argentina,288960.0,tonnes,Brine,,,,11/01/2023,pre-construction,-24.1127,-67.17265,2023.0,5.393524391453998,4.774244609160585,18.268551727082944,288960.0,15817.345803697166,brine,brine,False,580.7495852597697,534.2896184389881,mg_per_L_Li,0.55,1.3035108345190865e-05,288960.0,0.9
Manono,Democratic Republic of the Congo,13490000.0,tonnes,Open Pit,,,,1/22/24,pre-construction,-7.32649,27.38641,2024.0,4.385878558100202,3.451743677970736,21.977325924290948,13490000.0,613814.439776309,hard_rock,hard_rock,False,0.9879310514685532,0.9088965673510689,pct_Li2O,0.65,0.014610057871884756,13490000.0,0.9
Lithium Star,Australia,,,Project,,,,,pre-construction,-32.98797,119.84065,,6.057835154833112,1.677849039374844,29.308028673548588,878231.5595999056,29965.562316804237,,hard_rock,True,1.4287482394988076,1.314448380338903,pct_Li2O,0.65,0.021129100489757698,878231.5595999056,0.9
Mariana,Argentina,3282000.0,tonnes,Brine,,2024.0,,06/04/2021,construction,-24.81373,-68.30736,2021.0,6.137036969152561,4.1493606768477,20.538569875575785,3282000.0,159796.90990573372,brine,brine,False,1197.3958344064224,1293.1875011589364,mg_per_L_Li,0.55,3.1550003231399666e-05,3282000.0,0.9
Pilbara,Australia,,,Project,,,,,pre-construction,-21.90154,119.3849,,4.3573170950428874,3.2488237934225195,29.59006656654206,1961251.3183451504,66280.73356762121,,hard_rock,True,1.5116922487533644,1.3907568688530954,pct_Li2O,0.65,0.02235572128837908,1961251.3183451504,0.9
Julimar Nth,Australia,,,Project,,,,,pre-construction,-30.97314,116.45676,,6.847523166520293,2.244868673451221,34.397163207492255,184716.37862645095,5370.105014538431,,hard_rock,True,0.9448857511391566,0.8692948910480242,pct_Li2O,0.65,0.013973480726151465,184716.37862645095,0.9
Manono,Democratic Republic of the Congo,71700.0,tonnes,"Tailings, Open Pit",,2026.0,2032.0,8/23/23,pre-construction,-7.31977,27.40828,2023.0,6.060314977044027,2.6678826211086166,6.0,71700.0,11950.0,hard_rock,hard_rock,False,1.5826774897110565,1.456063290534172,pct_Li2O,0.65,0.023405489363691544,71700.0,0.9
Blue Sky,Democratic Republic of the Congo,,,Project,,,,,pre-construction,-7.41566,27.45813,,5.506824040774437,3.1618689755267444,24.76399095815307,384015.5131515927,15507.012330949141,,hard_rock,True,1.1121659390228515,1.0231926639010234,pct_Li2O,0.65,0.016447310475877,384015.5131515927,0.9
Georgina Stairs,Canada,,,Project,,,,,pre-construction,49.52989,-87.77807,,8.300547754562013,3.333306132765067,22.960808344467168,147130.75224094407,6407.90820748251,,hard_rock,True,1.4707089816032028,1.3530522630749466,pct_Li2O,0.65,0.02174963860279823,147130.75224094407,0.9
Yilgarn,Australia,,,Project,,,,,pre-construction,-32.27034,122.15598,,7.754321996237442,2.812685246547508,15.380345312087776,2701410.4361608853,175640.42817931942,,hard_rock,True,0.9289253014101105,0.8546112772973017,pct_Li2O,0.65,0.013737448976915475,2701410.4361608853,0.9
Catamarca,Argentina,,,Project,,,,,pre-construction,-28.77164,-65.54279,,4.758854255675591,3.5699205503083284,33.25134438009293,2320.8457303837517,69.79704952240085,,brine,True,309.78397138235744,285.00125367176884,mg_per_L_Li,0.55,6.953199335934618e-06,2320.8457303837517,0.9
San Luis,Argentina,,,Open Pit,,,,,pre-construction,-32.53083,-65.40687,,4.527142583834746,3.0667675271191985,42.68882343317098,105899.55158402763,2480.7324978120455,hard_rock,hard_rock,False,1.2320233064454906,1.1334614419298514,pct_Li2O,0.65,0.018219825948301394,105899.55158402763,0.9
Greenbushes,Australia,6600000.0,tonnes,"Open Pit, Underground",,1983.0,2043.0,12/31/23,operation,-33.85434,116.06094,2023.0,8.280632132734565,4.55062537845769,60.0,6600000.0,330000.0,hard_rock,hard_rock,False,1.3732207136882475,1.5792038207414845,pct_Li2O,0.65,0.02538491181650899,6600000.0,0.9
Zhabuye,China,655160.0,tonnes,Brine,,2004.0,,11/30/21,operation,31.34934,83.96432,2021.0,4.483754170741497,3.917395965458792,30.910277133683472,655160.0,21195.539501846157,brine,brine,False,1400.3864868561363,1610.4444598845566,mg_per_L_Li,0.55,3.929014769150853e-05,655160.0,0.9
Zhabuye,China,655160.0,tonnes,Brine,,2004.0,,11/30/21,operation,31.34934,83.96432,2021.0,7.08490504865652,2.095797584575312,28.16699152463555,655160.0,23259.85007759813,brine,brine,False,1092.8010755333153,1256.7212368633125,mg_per_L_Li,0.55,3.066033274252398e-05,655160.0,0.9
Lakkor Tso Salt Lake,China,871558.0,tonnes,Brine,,,,12/31/23,construction,31.99862,84.07798,2023.0,5.094706487214448,1.9081307897528004,35.00967500548148,871558.0,24894.775511727534,brine,brine,False,685.1552318093225,739.9676503540683,mg_per_L_Li,0.55,1.8053052429659065e-05,871558.0,0.9
Sal de los Angeles,Argentina,828563.0,tonnes,Brine,,,2035.0,6/30/18,construction,-25.24472,-66.74833,2018.0,5.271521083068889,3.917519858963371,30.496194490762214,828563.0,27169.38994637462,brine,brine,False,579.3490003408577,625.6969203681264,mg_per_L_Li,0.55,1.5265179907631212e-05,828563.0,0.9
Arizaro,Argentina,,,Brine,,,,,pre-construction,-24.48951,-67.044,,6.047831305330225,3.2285162658556037,18.856072866520705,19806.72219622125,1050.416082735257,brine,brine,False,846.3904895859387,778.6792504190636,mg_per_L_Li,0.55,1.8997502562411433e-05,19806.72219622125,0.9
Sandover,Australia,,,Project,,,,,pre-construction,-22.70645,133.89761,,8.390262710817943,4.563867602307995,17.346230985104427,792662.6051343388,45696.53233691024,,hard_rock,True,1.2479411271779317,1.1481058370036972,pct_Li2O,0.65,0.01845522727691593,792662.6051343388,0.9
Salar de Olaroz,Argentina,9149000.0,tonnes,Brine,,2014.0,2055.0,6/30/23,operation,-23.45,-66.7,2023.0,3.169693261223532,2.8672649077463412,41.0,9149000.0,285906.25,brine,brine,False,1192.8855105853854,1371.8183371731932,mg_per_L_Li,0.55,3.346836629020917e-05,9149000.0,0.9
Pilgangoora,Australia,4800000.0,tonnes,Open Pit,,2018.0,2057.0,6/30/23,operation,-21.04991,118.90798,2023.0,4.507323018344933,2.1976589608955184,39.0,4800000.0,141176.4705882353,hard_rock,hard_rock,False,1.4100714176454612,1.6215821302922802,pct_Li2O,0.65,0.026066121953383262,4800000.0,0.9
Tambourah,Australia,,,Project,,,,,pre-construction,-21.65718,119.13516,,6.870688934141928,1.5439731344489256,28.156270731105014,5451401.854508145,193612.35394308914,,hard_rock,True,1.4983222278124497,1.3784564495874538,pct_Li2O,0.65,0.022157998198893525,5451401.854508145,0.9
Trila 1,Argentina,,,Project,,,,,pre-construction,-25.61352,-67.72887,,5.396341512433547,3.639366975883087,15.928423912881112,4522308.946222765,283914.4017610953,,brine,True,1573.2849458166065,1447.4221501512782,mg_per_L_Li,0.55,3.5312878815753245e-05,4522308.946222765,0.9
Namibe,Angola,,,Project,,,,,pre-construction,-15.15806,12.41377,,5.0073418599295145,1.8174004128549326,30.260169651164837,1822899.6979663037,60240.89484561541,,hard_rock,True,1.716797181085941,1.5794534065990657,pct_Li2O,0.65,0.02538892378437668,1822899.6979663037,0.9
Namibe,Angola,,,Project,,,,,pre-construction,-15.15806,12.41377,,8.860415880447587,3.3121686166751863,33.95032404908522,879412.2014357207,25902.910386489115,,hard_rock,True,1.3730639662977784,1.2632188489939562,pct_Li2O,0.65,0.020305611388153347,879412.2014357207,0.9
Forgan Lake,Canada,,,Project,,,,,pre-construction,49.32614,-88.27988,,4.922601863761688,3.1314038784956866,14.066791724504803,151198.34405384967,10748.60188556409,,brine,True,1698.1688546611435,1562.3153462882522,mg_per_L_Li,0.55,3.811593769634002e-05,151198.34405384967,0.9
La Borita,Argentina,,,Project,,,,,pre-construction,-25.35885,-67.4804,,6.837065211768287,3.556582722569607,38.36626714417871,4737954.936594811,123492.72653473922,,brine,True,923.9841924271514,850.0654570329793,mg_per_L_Li,0.55,2.0739117794021684e-05,4737954.936594811,0.9
Puna Plateau,Argentina,,,Brine,,,,,pre-construction,-23.48489,-66.93496,,8.881026550019808,4.3300224660602895,35.31559175912527,1686403.1275366915,47752.36782209485,brine,brine,False,669.6243659513111,616.0544166752063,mg_per_L_Li,0.55,1.5029930941493067e-05,1686403.1275366915,0.9
Georgia Lake,Canada,,,Project,,,,,pre-construction,49.30144,-87.90182,,7.118474704019643,2.375562402464291,14.131511170526103,131996.03074286366,9340.546042815715,,hard_rock,True,0.9844452387328098,0.905689619634185,pct_Li2O,0.65,0.014558507790809706,131996.03074286366,0.9
Tammela,Finland,,,Project,,,,,pre-construction,60.74814,23.47223,,6.810876493018483,2.9649001861589817,26.700523433215437,62005.53715873042,2322.259236371208,,hard_rock,True,1.490378799277293,1.3711484953351096,pct_Li2O,0.65,0.02204052648826422,62005.53715873042,0.9
Bergby,Sweden,,,Project,,,,,pre-construction,60.95194,17.0794,,6.887482521634482,3.590211558366178,13.32858876152038,191919.28259744516,14399.070001433001,,hard_rock,True,1.1966107566492141,1.100881896117277,pct_Li2O,0.65,0.01769612603913717,191919.28259744516,0.9
Kova Reservation,Finland,,,Project,,,,,pre-construction,61.54099,24.7113,,7.3890449523370005,2.2723463949468536,24.944445498454257,3737763.3242966626,149843.51223715444,,hard_rock,True,1.4189869083227276,1.3054679556569093,pct_Li2O,0.65,0.020984744653206988,3737763.3242966626,0.9
Kast Reservation,Finland,,,Project,,,,,pre-construction,60.08109,22.59932,,4.948586945681131,1.857958616684158,15.694581867889708,5012474.640050559,319376.11860216677,,hard_rock,True,1.410003607967119,1.2972033193297494,pct_Li2O,0.65,0.020851894756566056,5012474.640050559,0.9
Las Cuevas,Argentina,,,Project,,,,,pre-construction,-32.38812,-65.70978,,6.385312652696621,2.0508015477981436,27.440085593606558,9444247.220928065,344177.0321273539,,brine,True,499.4267144000051,459.4725772480047,mg_per_L_Li,0.55,1.120979075650101e-05,9444247.220928065,0.9
Rich Lake,Canada,,,Project,,,,,pre-construction,51.62825,-88.14598,,7.373406443989639,4.2607462453425935,15.55307858797659,148761.3673799059,9564.753790603672,,hard_rock,True,1.6447059939004829,1.5131295143884442,pct_Li2O,0.65,0.024322800379037047,148761.3673799059,0.9
Sirmac,Canada,4280.0,tonnes,Open Pit,,,,1/23/23,pre-construction,50.62225,-75.47624,2023.0,8.022131815663425,3.7020792104760805,15.972646437667054,4280.0,267.958100537855,hard_rock,hard_rock,False,1.3217544252506166,1.2160140712305674,pct_Li2O,0.65,0.019546818187995755,4280.0,0.9
Cadillac,Canada,,,Project,,,,,pre-construction,48.09222,-78.48227,,8.18456489024863,2.2662096216625156,44.07704579229563,306037.4603083291,6943.238930995289,,hard_rock,True,1.0390424365887956,0.955919041661692,pct_Li2O,0.65,0.015365920635190869,306037.4603083291,0.9
Cadillac,Canada,,,Project,,,,,pre-construction,48.09222,-78.48227,,8.165980854942447,1.3565358869565731,34.84651227365204,6301527.010037702,180836.66338115506,,hard_rock,True,1.1841644719507363,1.0894313141946774,pct_Li2O,0.65,0.017512063660022344,6301527.010037702,0.9
Rainbow Lake,Canada,1730000.0,tonnes,Brine,,2025.0,2043.0,05/18/2023,pre-construction,58.50664,-119.30174,2023.0,4.16913352210439,3.297810848754988,18.0,1730000.0,96111.11111111111,brine,brine,False,1172.0518666315113,1078.2877173009904,mg_per_L_Li,0.55,2.6307075296302045e-05,1730000.0,0.9
Vulcan,Germany,11217188.0,tonnes,Brine,,2027.0,2056.0,9/29/23,construction,48.65578,7.97511,2023.0,5.328192326114639,2.6047601193717855,29.0,11217188.0,386799.5862068966,brine,brine,False,990.6787019997371,1069.9329981597161,mg_per_L_Li,0.55,2.610324451718578e-05,11217188.0,0.9
Cat Lake,Canada,,,Underground,,,,,pre-construction,50.60738,-95.42193,,5.638087910349943,2.350421012077481,19.247850791058603,837442.3673199071,43508.35718806239,hard_rock,hard_rock,False,1.348151815977852,1.2402996706996239,pct_Li2O,0.65,0.019937197056661103,837442.3673199071,0.9
Mt Edwards,Australia,,,Project,,,,,pre-construction,-31.45588,121.53897,,8.052948161666484,2.2635050844181293,16.43521210920801,2153711.7578421887,131042.52890265698,,hard_rock,True,1.3066804250528166,1.2021459910485912,pct_Li2O,0.65,0.01932389573311058,2153711.7578421887,0.9
Kuska,Chile,583000.0,tonnes,Brine,,2027.0,2046.0,12/31/22,pre-construction,-21.21909,-68.31486,2022.0,5.491549787154706,2.943657096466163,19.0,583000.0,30684.21052631579,brine,brine,False,597.3122166197927,549.5272392902093,mg_per_L_Li,0.55,1.3406861850899846e-05,583000.0,0.9
Laguna Verde Salar,Chile,212380.0,tonnes,Brine,,,,05/04/2010,pre-construction,-26.88222,-68.47639,2010.0,4.9258165662980025,2.654693818179979,33.0642944110894,212380.0,6423.24307180044,brine,brine,False,917.8184146538977,844.3929414815859,mg_per_L_Li,0.55,2.060072495940471e-05,212380.0,0.9
Yapuckuta,Chile,,,Project,,,,,pre-construction,-23.1273,-68.26219,,3.527278696923758,4.308435350177413,32.86854168366014,57707.623622598236,1755.7098875270844,,brine,True,763.3596259630688,702.2908558860233,mg_per_L_Li,0.55,1.7133848535289305e-05,57707.623622598236,0.9
Trinity,Chile,,,Project,,,,,pre-construction,-23.30831,-67.33153,,5.010651317223438,3.1364281122423776,31.59128018076297,301013.5300945861,9528.373917492705,,brine,True,1279.712597796504,1177.3355899727837,mg_per_L_Li,0.55,2.8723554499865172e-05,301013.5300945861,0.9
Villasrubias,Spain,,,Project,,,,,pre-construction,40.35101,-6.65524,,7.22968349563989,4.106137123258294,23.549770761297793,556106.7374965003,23614.10406637241,,hard_rock,True,1.0032949037370114,0.9230313114380505,pct_Li2O,0.65,0.014837266815710943,556106.7374965003,0.9
Mt Holland - Lithium,Australia,2737000.0,tonnes,Open Pit,,2023.0,2067.0,12/31/23,operation,-32.08393,119.74667,2023.0,3.5314067489578225,4.223539648221832,44.0,2737000.0,62204.545454545456,hard_rock,hard_rock,False,1.5560586556470044,1.789467453994055,pct_Li2O,0.65,0.028764794589227437,2737000.0,0.9
East Taijinair,China,195760.0,tonnes,Brine,,2007.0,,12/06/2010,operation,37.39523,94.06972,2010.0,4.519840449283683,4.106165518923554,32.33653267008868,195760.0,6053.833971540126,brine,brine,False,446.1008123436543,513.0159341952024,mg_per_L_Li,0.55,1.2516092497888204e-05,195760.0,0.9
Authier,Canada,173000.0,tonnes,Open Pit,,2023.0,2046.0,3/27/23,operation,48.36207,-78.19557,2023.0,5.089184867013396,2.9966882391174305,23.0,173000.0,7521.739130434783,hard_rock,hard_rock,False,1.3137002870666679,1.5107553301266679,pct_Li2O,0.65,0.024284636554121122,173000.0,0.9
Tabba Tabba,Australia,,,Open Pit,,2017.0,,11/28/2024,pre-construction,-20.66639,118.92167,2024.0,5.952826605636747,3.174162251878675,19.40869960584882,309209.5142494041,15931.490544385759,hard_rock,hard_rock,False,1.3115361627823754,1.2066132697597853,pct_Li2O,0.65,0.01939570500475367,309209.5142494041,0.9
Adina,Canada,892840.0,tonnes,Project,,2028.0,2049.0,05/28/2024,pre-construction,53.29997,-72.48467,2024.0,5.278402403509855,3.0697334934754705,21.0,892840.0,42516.19047619047,,hard_rock,True,1.0150693032035356,0.9338637589472528,pct_Li2O,0.65,0.015011392993197615,892840.0,0.9
Tilly,Canada,,,Project,,,,,pre-construction,53.24522,-71.85292,,7.973275872409323,1.4026261863051508,41.15758154496291,278714.94114131696,6771.897926918586,,hard_rock,True,1.245425192912518,1.1457911774795166,pct_Li2O,0.65,0.01841802028239449,278714.94114131696,0.9
Mt Cattlin,Australia,,,Project,,,,,pre-construction,-33.48369,120.00479,,4.7043141740671235,4.345233218252829,43.165154194342314,33611.065831748485,778.6620124283933,,hard_rock,True,1.0750842257961817,0.9890774877324872,pct_Li2O,0.65,0.015898926076555867,33611.065831748485,0.9
Carachi,Argentina,,,Project,,,,,pre-construction,-26.39973,-67.46635,,6.083011873220168,2.0994193125565896,15.566258603933193,9698579.846840067,623051.4405298063,,brine,True,571.2444762464801,525.5449181467617,mg_per_L_Li,0.55,1.2821763163436391e-05,9698579.846840067,0.9
Jiajika,China,,,Open Pit,,2019.0,,,operation,30.33333,101.31667,,7.2113825432339205,3.1099331452793813,16.918987668943636,740247.9424335093,43752.496125539634,hard_rock,hard_rock,False,1.1307229412047382,1.3003313823854488,pct_Li2O,0.65,0.020902176806154894,740247.9424335093,0.9
Yichun,China,,,Open Pit,,,,,operation,27.64929,114.51741,,8.430378395373435,3.406633392564882,14.817249579470332,45861.848717850946,3095.1661083844924,hard_rock,hard_rock,False,1.135897067273895,1.306281627364979,pct_Li2O,0.65,0.020997824019078355,45861.848717850946,0.9
Mamicuo,China,,,Brine,,,,,pre-construction,32.13356,83.59114,,7.895673401524409,3.692501971434253,25.63582540766649,3730895.985985531,145534.45916626474,brine,brine,False,560.1497149690397,515.3377377715166,mg_per_L_Li,0.55,1.2572737733223171e-05,3730895.985985531,0.9
Qarhan Lake,China,,,Brine,,2019.0,,,operation,36.87802,95.33892,,4.377422975113138,3.0863086552128536,38.94491432060636,648137.5266712956,16642.417578213954,brine,brine,False,855.5396717823114,983.870622549658,mg_per_L_Li,0.55,2.4003573567562552e-05,648137.5266712956,0.9
Split Rocks,Australia,85680.0,tonnes,"Open Pit, Underground",,,,08/03/2023,pre-construction,-31.76566,119.58681,2023.0,7.300556129050953,3.3008493392995186,25.87354779522784,85680.0,3311.4902014250615,hard_rock,hard_rock,False,1.3354538622153764,1.2286175532381465,pct_Li2O,0.65,0.019749412859526586,85680.0,0.9
Waratah Well,Australia,,,Project,,,,,pre-construction,-28.23181,116.52043,,6.629112792220777,3.8239365986453504,21.70165487729231,2007852.0919137136,92520.69039281631,,hard_rock,True,1.1595903729572985,1.0668231431207147,pct_Li2O,0.65,0.017148648614093927,2007852.0919137136,0.9
Arcadia,Zimbabwe,775200.0,tonnes,Open Pit,,2023.0,2042.0,10/30/21,operation,-17.77421,31.40894,2021.0,5.500680552410746,3.3112806197822335,19.0,775200.0,36914.28571428572,hard_rock,hard_rock,False,1.6651787610586857,1.9149555752174883,pct_Li2O,0.65,0.030781953393833515,775200.0,0.9
Lakkor Tso Salt Lake,China,871558.0,tonnes,Brine,,,,12/31/23,construction,31.99862,84.07798,2023.0,3.598280356918463,3.3674359198818484,19.82758407334049,871558.0,43956.84299086483,brine,brine,False,699.5357040950387,755.4985604226418,mg_per_L_Li,0.55,1.843196133684456e-05,871558.0,0.9
Tres Quebradas,Argentina,3449462.0,tonnes,Brine,,,,12/31/23,construction,-27.36413,-68.66513,2023.0,4.533538585563405,3.9194521983750787,26.74983544403396,3449462.0,128952.64373558368,brine,brine,False,986.7448372421284,1065.6844242214986,mg_per_L_Li,0.55,2.5999591704767258e-05,3449462.0,0.9
Xiangyuan,China,335713.0,tonnes,Open Pit,,2025.0,2037.0,12/31/23,construction,25.22132,111.89941,2023.0,7.038772031423791,1.7663506608102204,12.0,335713.0,27976.083333333332,hard_rock,hard_rock,False,1.4716545628623354,1.5893869278913224,pct_Li2O,0.65,0.025548600172389063,335713.0,0.9
Kamativi,Zimbabwe,154600.0,tonnes,"Tailings, Open Pit, Underground",,,,09/10/2018,pre-construction,-18.31467,27.04258,2018.0,4.08446611236813,3.037391635214316,37.585946155497375,154600.0,4113.239543322977,hard_rock,hard_rock,False,1.8526196154630992,1.7044100462260514,pct_Li2O,0.65,0.02739753928806066,154600.0,0.9
Zinnwald,Germany,1076200.0,tonnes,Underground,,2026.0,2062.0,06/05/2024,pre-construction,50.7394,13.79179,2024.0,5.095180673519384,1.4608863092888908,36.0,1076200.0,29894.444444444445,hard_rock,hard_rock,False,1.3404826014318696,1.23324399331732,pct_Li2O,0.65,0.01982378057057926,1076200.0,0.9
Rapasaari,Finland,,,Open Pit,,,,,pre-construction,63.65264,23.83856,,4.890231238730452,2.1004950571197654,21.12250327902448,415170.03502590425,19655.34243463393,hard_rock,hard_rock,False,1.2012265618731743,1.1051284369233205,pct_Li2O,0.65,0.017764387059323913,415170.03502590425,0.9
Bitterwasser,Namibia,132328.0,tonnes,Project,,,,05/02/2023,pre-construction,-23.93484,17.87844,2023.0,7.018981950985943,1.477547184826461,23.341595484385813,132328.0,5669.192583194231,,hard_rock,True,1.1744649986165583,1.0805077987272336,pct_Li2O,0.65,0.017368622610640917,132328.0,0.9
Badanja,Serbia,,,Project,,,,,pre-construction,44.53164,19.50073,,5.263661120778108,3.9655590747380023,33.478321723333664,149397.23350167737,4462.506655390397,,hard_rock,True,0.7760025912308435,0.7139223839323761,pct_Li2O,0.65,0.011475945360520979,149397.23350167737,0.9
Valjevo,Serbia,,,Project,,,,,pre-construction,44.28581,20.00943,,4.1048236845046935,2.6241630903397333,30.609839249083198,156190.00701544443,5102.607881879762,,hard_rock,True,1.4244350599483462,1.3104802551524786,pct_Li2O,0.65,0.021065314861448515,156190.00701544443,0.9
Lac de Montagnes,Canada,,,Project,,,,,pre-construction,51.84632,-74.30414,,5.305905152594814,3.0427186351397024,26.421968082248735,1060385.5649724107,40132.724468954955,,hard_rock,True,1.1150072400176545,1.0258066608162422,pct_Li2O,0.65,0.016489329169290683,1060385.5649724107,0.9
Ella's Rock,Australia,,,Project,,,,,pre-construction,-32.68631,119.90107,,5.1460372565453145,3.695417117969396,22.65462657995466,2245216.668820417,99106.31988995294,,hard_rock,True,0.7380335399891929,0.6789908567900574,pct_Li2O,0.65,0.010914438527471778,2245216.668820417,0.9
Chenene,Tanzania,,,Project,,,,,pre-construction,-5.69209,35.72531,,6.852897818020347,3.4223988457148873,20.74752741242976,1371218.5072571386,66090.69505003508,,hard_rock,True,1.6871482752865357,1.5521764132636129,pct_Li2O,0.65,0.02495045975500594,1371218.5072571386,0.9
Warrambie,Australia,,,Project,,,,,pre-construction,-20.82491,117.4338,,5.121914074860313,4.232221701247594,27.616232956688407,1799807.600291747,65172.0892966993,,hard_rock,True,1.0455959214623904,0.9619482477453992,pct_Li2O,0.65,0.015462837108383419,1799807.600291747,0.9
Big Hill,Canada,,,Project,,,,,pre-construction,47.77282,-57.71818,,6.725331729506238,2.9795023389185302,34.656644960642055,4750331.887349763,137068.4292361391,,hard_rock,True,0.8801984815928958,0.8097826030654642,pct_Li2O,0.65,0.013016850452975806,4750331.887349763,0.9
Big Hill,Canada,,,Project,,,,,pre-construction,47.77282,-57.71818,,5.98139400664628,3.457113912265443,22.09905507983785,971552.6435171291,43963.53780771055,,hard_rock,True,1.4585430979360385,1.3418596501011555,pct_Li2O,0.65,0.021569722945551022,971552.6435171291,0.9
Soris,Namibia,,,Project,,,,,pre-construction,-20.9636,14.50314,,8.017740936546513,3.971426886958459,20.69141929953685,3381532.6714516007,163426.81101278015,,hard_rock,True,1.4940627609411703,1.3745377400658767,pct_Li2O,0.65,0.02209500690268893,3381532.6714516007,0.9
Soris,Namibia,,,Project,,,,,pre-construction,-20.9636,14.50314,,6.945131926420647,1.9260540936189345,11.980047407323312,4060165.9221413066,338910.6723951157,,hard_rock,True,1.493999952929376,1.3744799566950259,pct_Li2O,0.65,0.022094078063894195,4060165.9221413066,0.9
Uis Tailings,Namibia,,,Project,,,,,pre-construction,-21.21548,14.88437,,5.4477649433243815,2.9387731355158015,16.644717207029444,990273.8801054747,59494.78550991899,,hard_rock,True,1.3441499937244399,1.2366179942264848,pct_Li2O,0.65,0.019878015948193627,990273.8801054747,0.9
Uis Tailings,Namibia,,,Project,,,,,pre-construction,-21.21548,14.88437,,5.754041113829004,1.8390197061070737,17.24571679630482,524039.42183444544,30386.641971688274,,hard_rock,True,0.7483640530845801,0.6884949288378137,pct_Li2O,0.65,0.011067211733603435,524039.42183444544,0.9
Shamva,Zimbabwe,,,Project,,,,,pre-construction,-17.40444,31.448,,5.698663183995793,3.1173728189240526,23.89724754501206,282043.50294206693,11802.34260915694,,hard_rock,True,1.2779074691792163,1.175674871644879,pct_Li2O,0.65,0.018898385724255607,282043.50294206693,0.9
Whitlock,Canada,,,Project,,,,,pre-construction,50.45344,-95.35956,,7.880939810469833,2.5832961730103365,33.5988235834991,74535.88638545382,2218.407623713931,,hard_rock,True,1.790189785786387,1.6469746029234762,pct_Li2O,0.65,0.026474293254693415,74535.88638545382,0.9
Rio Grande,Argentina,99670.0,tonnes,Brine,,2025.0,,10/25/2023,pre-construction,-24.99112,-68.19351,2023.0,4.39014618079382,3.870392185409404,23.2654325092694,99670.0,4284.038130831634,brine,brine,False,861.6839395827428,792.7492244161234,mg_per_L_Li,0.55,1.9340768890515535e-05,99670.0,0.9
Bynoe,Australia,,,Project,,,,,pre-construction,-12.68924,130.85004,,5.510907712576851,2.9357290502605817,17.64310774195685,40412.8339763664,2290.5734390694192,,hard_rock,True,1.2188696773322663,1.121360103145685,pct_Li2O,0.65,0.01802530297801531,40412.8339763664,0.9
Virgen del Valle,Argentina,,,Brine,,,,,pre-construction,-25.492784,-67.104225,,5.965389983139035,2.141561389283082,18.195642010485393,5908434.319541268,324717.001803865,brine,brine,False,712.2552630926509,655.2748420452389,mg_per_L_Li,0.55,1.5986794927614533e-05,5908434.319541268,0.9
N/A Whiteshore Lake,Canada,,,Project,,,,,pre-construction,52.12128,-108.29259,,5.557905801128747,3.99353742303863,42.480817230795516,592738.7756830112,13953.092579709566,,brine,True,1109.052719805789,1020.3285022213258,mg_per_L_Li,0.55,2.4893039496068874e-05,592738.7756830112,0.9
Turner River,Australia,,,Project,,,,,pre-construction,-21.35327,118.77413,,6.249132950897528,2.845785462481609,28.651020561564856,234525.17392754985,8185.578360938519,,hard_rock,True,1.0991299111811244,1.0111995182866345,pct_Li2O,0.65,0.016254526656698503,234525.17392754985,0.9
Abbotts North,Australia,,,Project,,,,,pre-construction,-26.29391,118.40538,,5.811862984535334,1.3971019233138595,20.944436869965788,9419781.955993032,449751.0252711043,,hard_rock,True,1.295906972022054,1.1922344142602896,pct_Li2O,0.65,0.019164572092027026,9419781.955993032,0.9
Arizaro,Argentina,,,Brine,,,,,pre-construction,-24.56224,-67.90229,,5.470027703524982,2.466121027983733,36.33834868594228,3295985.0312669496,90702.6640025066,brine,brine,False,962.5787048523973,885.5724084642055,mg_per_L_Li,0.55,2.1605383847001934e-05,3295985.0312669496,0.9
Barra,Brazil,,,Project,,,,,pre-construction,-7.01056,-36.62876,,6.689177449871385,2.7506556984398767,42.05855158342937,678787.6553698637,16139.111543662835,,hard_rock,True,1.358273528949264,1.249611646633323,pct_Li2O,0.65,0.02008688241380735,678787.6553698637,0.9
Bepe,Zimbabwe,,,"Open Pit, Underground",,,,,pre-construction,-19.19411,31.96955,,5.155032125988486,1.4582079941233876,26.677162377090216,3515304.791999112,131772.06564585675,hard_rock,hard_rock,False,1.099967840930392,1.0119704136559606,pct_Li2O,0.65,0.01626691841431274,3515304.791999112,0.9
Kondo,Zimbabwe,,,Open Pit ,,,,,pre-construction,-16.78233,29.79842,,6.290759576195663,2.058722003895384,24.380709114251133,442187.9995413378,18136.79813286759,hard_rock,hard_rock,False,1.4978905839377354,1.3780593372227166,pct_Li2O,0.65,0.02215161481618656,442187.9995413378,0.9
Big Hill,Canada,,,Project,,,,,pre-construction,62.50201,-113.96352,,6.91771872741724,2.5401528983510095,22.868342025049895,1151704.7136277363,50362.40547592665,,hard_rock,True,1.57869311957079,1.4523976700051269,pct_Li2O,0.65,0.02334656634649741,1151704.7136277363,0.9
Big Mack,Canada,,,Project,,,,,pre-construction,50.27247,-94.5926,,4.3524248227219,2.64337042728269,22.615815996747976,14609879.782293422,646002.7701142527,,hard_rock,True,0.7427357001116688,0.6833168441027353,pct_Li2O,0.65,0.010983976610529418,14609879.782293422,0.9
Boodanoo,Australia,,,Project,,,,,pre-construction,-28.78631,118.09093,,5.1446754539652675,2.8709985877528577,37.23129416321224,3901737.95670669,104797.26918979752,,hard_rock,True,0.8904754306130018,0.8192373961639617,pct_Li2O,0.65,0.013168831524637603,3901737.95670669,0.9
Brazil Lake,Canada,,tonnes,Project,,,,08/06/2023,pre-construction,43.98773,-65.9907,2023.0,8.608834821436067,2.5430303027662937,31.413453538452718,387203.2257117562,12326.031750625152,,hard_rock,True,1.2521018845671628,1.1519337338017899,pct_Li2O,0.65,0.01851675880399687,387203.2257117562,0.9
Brazil Lake,Canada,,tonnes,Project,,,,08/06/2023,pre-construction,43.98773,-65.9907,2023.0,8.909470341848447,2.6016697319220436,39.70157720259657,2081359.3656819589,52425.10530654267,,hard_rock,True,0.8225078841352377,0.7567072534044187,pct_Li2O,0.65,0.012163690744849328,2081359.3656819589,0.9
Cancet,Canada,,,Project,,,,,pre-construction,53.50511,-74.91241,,9.483866983954828,2.9226622684697494,13.637920387715418,4869956.597849384,357089.38455426664,,hard_rock,True,1.0056265574419094,0.9251764328465567,pct_Li2O,0.65,0.014871748569791973,4869956.597849384,0.9
Cancet West,Canada,,,Project,,,,,pre-construction,53.54367,-75.55136,,3.7715968341276374,2.6779338397214296,17.258376537772108,512139.3527883324,29674.827853445633,,hard_rock,True,1.6222309896949834,1.4924525105193847,pct_Li2O,0.65,0.023990427880343845,512139.3527883324,0.9
Caraibas,Brazil,,,Project,,,,,pre-construction,-16.31021,-42.17714,,7.535817967745629,3.585181136022398,26.1187913524446,305272.0674019004,11687.832843510516,,hard_rock,True,1.9598576270160413,1.803069016854758,pct_Li2O,0.65,0.02898343291143181,305272.0674019004,0.9
Drumheller,Canada,,tonnes,Project,,,,02/21/2022,pre-construction,51.55733,-112.26063,2022.0,8.494893108379788,3.676582650607294,27.737747100264475,16420213.977123857,591980.8093198489,,hard_rock,True,1.579921145231625,1.453527453613095,pct_Li2O,0.65,0.023364727053103697,16420213.977123857,0.9
Dudley,Australia,,,Project,,,,,pre-construction,-35.78042,138.02216,,8.147449164512222,1.3759357801226881,23.85160220112425,380566.9708502936,15955.614538647449,,hard_rock,True,0.9717079888718787,0.8939713497621284,pct_Li2O,0.65,0.014370142461751334,380566.9708502936,0.9
Dudley,Australia,,,Project,,,,,pre-construction,-35.78042,138.02216,,6.841352444767144,2.1387439112032895,25.93938192738828,64736.70947398257,2495.6920583227106,,hard_rock,True,1.531337777355755,1.4088307551672947,pct_Li2O,0.65,0.022646249973936678,64736.70947398257,0.9
Emili,France,,tonnes,Underground,,2028.0,2053.0,12/31/2023,pre-construction,46.18255,2.94965,2023.0,6.630530754121079,1.9025259836386965,25.0,825995.3407576588,33039.81363030635,hard_rock,hard_rock,False,1.3157525973952011,1.210492389603585,pct_Li2O,0.65,0.019458059916682827,825995.3407576588,0.9
Esperanca,Brazil,,,Project,,,,,pre-construction,-16.3808,-42.24605,,6.867306522669912,2.680163565034249,27.096856636924745,34531881.527205385,1274386.9884947825,,brine,True,500.1643539377518,460.15120562273165,mg_per_L_Li,0.55,1.1226347309511588e-05,34531881.527205385,0.9
Fran,Canada,,,Project,,,,,pre-construction,62.63329,-113.94009,,6.142669787942106,2.688219306530658,20.242393210682206,1960388.4202390474,96845.68419531154,,hard_rock,True,1.9239939389790668,1.7700744238607415,pct_Li2O,0.65,0.028453061326349487,1960388.4202390474,0.9
Hornby Lake,Canada,,,Project,,,,,pre-construction,52.38439,-93.5046,,7.278732426701864,3.583788421021781,25.501223178313033,3500407.654137012,137264.30413400164,,brine,True,746.7473974740769,687.0076056761508,mg_per_L_Li,0.55,1.676098180631486e-05,3500407.654137012,0.9
Imerys British,United Kingdom,,tonnes,Project,,2028.0,,05/18/2023,pre-construction,50.37909,-4.80741,2023.0,5.824779782217791,3.5290006816434674,20.969364158773658,15573.351324630441,742.6716044756414,,hard_rock,True,1.0870929939400455,1.000125554424842,pct_Li2O,0.65,0.016076518224602123,15573.351324630441,0.9
Imerys British,United Kingdom,,tonnes,Project,,2028.0,,05/18/2023,pre-construction,50.37909,-4.80741,2023.0,4.778517640755131,4.030112305723565,28.942946184210843,260043.57924136048,8984.696222225686,,hard_rock,True,1.6671046099083073,1.5337362411156428,pct_Li2O,0.65,0.0246540432078134,260043.57924136048,0.9
Jaguar,Brazil,,,Brine,,,,,pre-construction,-10.096,-40.26602,,4.149298198769291,3.4075126884247258,27.747913141208556,5572170.4412150085,200814.03645954735,brine,brine,False,1002.4459574037222,922.2502808114244,mg_per_L_Li,0.55,2.2500216955146392e-05,5572170.4412150085,0.9
Jintaier Lake,China,,,Brine,,2017.0,,,operation,37.38915,97.27879,,8.20805979887247,3.201187370070791,31.28192978896221,343868.6996487872,10992.566698046898,brine,brine,False,1024.2446459179873,1177.8813428056853,mg_per_L_Li,0.55,2.8736869277208877e-05,343868.6996487872,0.9
Koolyanobbing,Australia,,,Project,,,,,pre-construction,-30.98031,119.6694,,7.070966771972026,4.787081264142202,44.4175277556476,6862288.766953797,154495.06340616336,,hard_rock,True,0.7164528404561579,0.6591366132196652,pct_Li2O,0.65,0.010595291489199509,6862288.766953797,0.9
Lake Johnston,Australia,,,Project,,,,,pre-construction,-32.13765,120.31782,,4.575241918133466,3.307585665550429,25.471850387096694,1607267.8807603887,63099.76920933017,,hard_rock,True,1.0318155432262346,0.9492702997681358,pct_Li2O,0.65,0.0152590454336229,1607267.8807603887,0.9
Lake Johnston,Australia,,,Project,,,,,pre-construction,-32.13765,120.31782,,7.5072183622145685,2.765155535824875,13.877447581322485,1406885.134248699,101379.24326532577,,hard_rock,True,1.6726560413547544,1.5388435580463742,pct_Li2O,0.65,0.024736140773816438,1406885.134248699,0.9
Lake Johnston,Australia,,,Project,,,,,pre-construction,-32.29701,120.37528,,5.051478640275078,2.5614535409161294,25.38110526754946,13129750.374044081,517304.12193005945,,hard_rock,True,1.2591130694682158,1.1583840239107586,pct_Li2O,0.65,0.018620443992353488,13129750.374044081,0.9
Lazio,Italy,,tonnes,Project,,,,04/18/2024,pre-construction,42.1004,12.3498,2024.0,6.428995102747817,1.5347996700903739,25.69994224588923,297352.5123657446,11570.162668879419,,brine,True,833.0299478857869,766.387552054924,mg_per_L_Li,0.55,1.869762097311332e-05,297352.5123657446,0.9
Lithium Grande 4,Canada,,,Project,,,,,pre-construction,53.48977,-73.95413,,5.25293248638746,4.331499481537581,34.15362069352194,317191.9916258651,9287.21421579845,,hard_rock,True,1.0184278254058197,0.9369535993733541,pct_Li2O,0.65,0.01506106063312698,317191.9916258651,0.9
Lobo Blanco,Argentina,,,Brine,,,,,pre-construction,-24.61105,-66.64845,,4.731555141665723,3.593272175253322,40.6847849613164,863018.1676402272,21212.307462379256,brine,brine,False,566.4657537374511,521.148493438455,mg_per_L_Li,0.55,1.2714503223459109e-05,863018.1676402272,0.9
Location 6,Nigeria,,,Project,,,,,pre-construction,8.19569,2.97512,,4.567967695126198,2.7368349928269273,18.03063394692122,1051583.6490941402,58322.05635086397,,brine,True,1344.7898134177224,1237.2066283443046,mg_per_L_Li,0.55,3.0184233212268362e-05,1051583.6490941402,0.9
Los Morros,Chile,,,Project,,,,,pre-construction,-23.75286,-68.96173,,3.9966465524054686,4.000105640935093,38.299442986043175,37818.54137168528,987.4436394666851,,brine,True,908.550572497872,835.8665266980423,mg_per_L_Li,0.55,2.0392705307396038e-05,37818.54137168528,0.9
Manono,Democratic Republic of the Congo,,,Project,,,,,pre-construction,-7.14943,27.56343,,4.020852481764736,3.6228247177874824,18.310340163770732,6092341.01202648,332726.80668603466,,hard_rock,True,1.4202776963576276,1.3066554806490174,pct_Li2O,0.65,0.02100383352369263,6092341.01202648,0.9
MegaLi,Canada,,,Project,,,,,pre-construction,53.49019,-73.90526,,3.9834952721066585,2.929089663982867,27.82540899176295,1072975.0569518409,38560.98062276352,,hard_rock,True,1.1171558925031744,1.0277834211029204,pct_Li2O,0.65,0.016521104602518894,1072975.0569518409,0.9
MegaLi,Canada,,,Project,,,,,pre-construction,53.49019,-73.90526,,4.1219905226530225,4.405245225749243,11.366485483095467,541357.1063110285,47627.48407290441,,brine,True,1047.4596213695697,963.6628516600042,mg_per_L_Li,0.55,2.3510562897186765e-05,541357.1063110285,0.9
Miriam,Australia,,,Underground,,,,06/21/1996,pre-construction,-31.05194,121.10314,1996.0,7.589818495424444,4.072204872166597,36.36144342104795,2124477.420171247,58426.65252781152,hard_rock,hard_rock,False,1.3216657657360718,1.215932504477186,pct_Li2O,0.65,0.019545507043218526,2124477.420171247,0.9
Miriam,Australia,,,Underground,,,,06/21/1996,pre-construction,-31.05194,121.10314,1996.0,5.8918728589626275,2.889012911862306,23.440734918756302,363597.41393321037,15511.348735157395,hard_rock,hard_rock,False,1.190880328025766,1.0956099017837049,pct_Li2O,0.65,0.017611381366222163,363597.41393321037,0.9
Moolyella,Australia,,,Project,,,,,pre-construction,-21.18136,119.91325,,4.341706453436284,2.8482639108481864,19.310457192301968,5887842.163799801,304904.3378500103,,hard_rock,True,0.8599452850273197,0.7911496622251342,pct_Li2O,0.65,0.01271733524543792,5887842.163799801,0.9
Morabisi,Guyana,,,Project,,,,,pre-construction,5.8641,-59.39776,,5.9226004256264435,2.101620079805425,41.9623374811913,810783.8642896432,19321.704007863227,,brine,True,1417.5267508133365,1304.1246107482698,mg_per_L_Li,0.55,3.1816836805476435e-05,810783.8642896432,0.9
Mortimer Hills,Australia,,,Project,,,,,pre-construction,-24.54024,116.36078,,5.99900550542657,1.9051281819395722,15.859189860445046,2534248.149979857,159796.82268011765,,hard_rock,True,0.8317628145965085,0.7652217894287878,pct_Li2O,0.65,0.01230055765417305,2534248.149979857,0.9
Mt Holland  ,Australia,,,Project,,,,,pre-construction,-32.09809,119.79639,,5.802467537117323,2.6904687771919633,22.1135639077664,155594.42471060483,7036.153256868705,,hard_rock,True,1.6886004767572238,1.553512438616646,pct_Li2O,0.65,0.024971935694543274,155594.42471060483,0.9
NMX East,Canada,,,Project,,,,,pre-construction,51.67385,-75.81206,,4.7002379552983236,2.3102559208503415,24.690942310869843,447038.9385048456,18105.381839073958,,hard_rock,True,1.616367883167935,1.4870584525145,pct_Li2O,0.65,0.023903721094944333,447038.9385048456,0.9
North Spirit,Canada,,,Project,,,,,pre-construction,52.43985,-92.90882,,5.550722086996426,1.7408366910959256,20.28457051940705,1379391.9693878312,68002.02982203208,,hard_rock,True,1.220913057332266,1.1232400127456847,pct_Li2O,0.65,0.018055521584880507,1379391.9693878312,0.9
Northern Pennine Orefield,United Kingdom,,,Project,,,,,pre-construction,54.73775,-2.09415,,7.873965163721045,3.545296572788989,22.237960499896605,139920.40506001987,6291.962118588637,,brine,True,381.8304566479641,351.284020116127,mg_per_L_Li,0.55,8.570305512441496e-06,139920.40506001987,0.9
Olga Rocks,Australia,,,Project,,,,,pre-construction,-31.72956,119.58117,,5.355728444898769,4.442689506454961,36.3154856652833,229305.78545095545,6314.270104066543,,hard_rock,True,1.049203806863986,0.9652675023148671,pct_Li2O,0.65,0.015516192465960333,229305.78545095545,0.9
Orrvik,Sweden,,,Project,,,,,pre-construction,63.24066,18.20135,,5.833404687508723,3.4185788192693094,18.869844762961602,656943.356445493,34814.45473971066,,brine,True,494.36527537422444,454.8160533442865,mg_per_L_Li,0.55,1.1096185154778338e-05,656943.356445493,0.9
Padre Paraiso,Brazil,,,Project,,,,,pre-construction,-17.0275,-41.53477,,8.437464870035093,4.139453559986656,26.938979376196922,4953851.578095864,183891.5836014578,,hard_rock,True,0.9344608174516604,0.8597039520555276,pct_Li2O,0.65,0.013819311177316579,4953851.578095864,0.9
Padre Paraiso,Brazil,,,Project,,,,,pre-construction,-17.0275,-41.53477,,4.80533087582909,3.98163637651248,19.217028084232652,2687855.9089919175,139868.44881583287,,hard_rock,True,1.7820450242027377,1.6394814222665188,pct_Li2O,0.65,0.026353844122223156,2687855.9089919175,0.9
Pippingarra,Australia,,,Project,,,,,pre-construction,-20.57382,118.76113,,6.900446651244465,3.317274518336456,28.62689029500023,3441111.539456464,120205.56560617637,,hard_rock,True,1.282523877075605,1.1799219669095566,pct_Li2O,0.65,0.018966655657087668,3441111.539456464,0.9
Pippingarra,Australia,,,Project,,,,,pre-construction,-20.57382,118.76113,,5.749640804312739,3.0457490673400147,20.008158904264658,1211648.5816119963,60557.72484662436,,hard_rock,True,0.6804603145047721,0.6260234893443903,pct_Li2O,0.65,0.010063014579466402,1211648.5816119963,0.9
Pozo Hondo,Mexico,,,Open Pit,,,,,pre-construction,23.54394,-102.36476,,7.271974517253817,2.6921025795567375,21.33750766105838,3419746.570834856,160269.26036333665,hard_rock,hard_rock,False,1.352461163227006,1.2442642701688456,pct_Li2O,0.65,0.020000926010829107,3419746.570834856,0.9
Resende,Brazil,,,Project,,,,,pre-construction,-20.92102,-44.24027,,5.265929132226945,2.98992698473546,26.170364810174082,10352659.707179677,395587.13767547254,,hard_rock,True,1.4789181565045855,1.3606047039842186,pct_Li2O,0.65,0.02187104031419432,10352659.707179677,0.9
Reung Kiet,Thailand,,,Project,,,,,pre-construction,8.3052,98.3928,,5.9978195343772684,2.603126823433502,20.035922643144936,954854.1825758967,47657.11065981727,,hard_rock,True,1.1052933597814647,1.0168698909989475,pct_Li2O,0.65,0.01634567506286258,954854.1825758967,0.9
Reung Kiet,Thailand,,,Project,,,,,pre-construction,8.3052,98.3928,,5.29787367543173,2.1732576096254625,31.987802141821945,1516708.058636807,47415.20070407748,,hard_rock,True,1.85020862533212,1.7021919353055504,pct_Li2O,0.65,0.02736188426406907,1516708.058636807,0.9
Ruddy,Canada,,,Project,,,,,pre-construction,51.23689,-92.28428,,7.835565527869615,2.9906320707519907,19.47818599222382,1960509.497010335,100651.54413213939,,hard_rock,True,0.8225763586830127,0.7567702499883717,pct_Li2O,0.65,0.012164703383438079,1960509.497010335,0.9
Salar Verde,Chile,,,Project,,,,,pre-construction,-21.41874,-69.74973,,8.27333446726083,3.353567513184137,36.028159025481386,22017.869982969278,611.1294770126015,,brine,True,1175.9516165826026,1081.8754872559944,mg_per_L_Li,0.55,2.63946064188751e-05,22017.869982969278,0.9
Salar West,Chile,,,Brine,,,,,pre-construction,-23.90146,-68.58717,,6.410256963916946,3.1786051939327904,31.05173322061439,597081.9162118848,19228.617995967405,brine,brine,False,471.3351032084224,433.62829495174867,mg_per_L_Li,0.55,1.057926564762906e-05,597081.9162118848,0.9
Salinas II,Brazil,,,Project,,,,,pre-construction,-16.13575,-42.29876,,9.184959066180552,3.551753592894694,17.18961571451979,1463552.3749086023,85141.65756901496,,hard_rock,True,0.906346331118926,0.8338386246294119,pct_Li2O,0.65,0.013403538971605483,1463552.3749086023,0.9
Salinas II,Brazil,,,Project,,,,,pre-construction,-16.13575,-42.29876,,6.9376396140843735,2.639439570948383,26.003881172922913,2618467.62771801,100695.26199975658,,hard_rock,True,1.3338856104082137,1.2271747615755566,pct_Li2O,0.65,0.019726220704946285,2618467.62771801,0.9
Sandawana,Zimbabwe,,,Project,,,,,construction,-20.93028,29.90761,,7.56378113029393,1.027718666633975,15.14586088105628,404589.95545385487,26712.905831579155,,hard_rock,True,1.2241061241675402,1.3220346141009434,pct_Li2O,0.65,0.021251045404365617,404589.95545385487,0.9
Shoobridge,Australia,,,Project,,,,,pre-construction,-13.55048,131.29841,,8.080422636403362,2.3043297856281377,18.29830036204291,3832685.5116449846,209455.82025723648,,hard_rock,True,1.157188175582343,1.0646131215357555,pct_Li2O,0.65,0.0171131236221265,3832685.5116449846,0.9
SourceRock,Canada,,,Project,,,,,pre-construction,49.74846,-89.11744,,4.951071670832643,2.522354425936724,21.285379897274964,231804.9036451615,10890.334340466155,,hard_rock,True,1.4168455906086352,1.3034979433599445,pct_Li2O,0.65,0.020953077690539425,231804.9036451615,0.9
Spear Hill,Australia,,,Project,,,,,pre-construction,-21.497,119.4482,,9.31715855507945,3.109190368144674,31.2762968287528,517494.33491059043,16545.895370670918,,hard_rock,True,1.717830702021025,1.580404245859343,pct_Li2O,0.65,0.02540420805006601,517494.33491059043,0.9
Spear Hill,Australia,,,Project,,,,,pre-construction,-21.497,119.4482,,5.380962309852681,2.765109663103328,28.597596300839317,13018541.945125872,455232.034475002,,hard_rock,True,1.6045585614880158,1.4761938765689746,pct_Li2O,0.65,0.023729078468907983,13018541.945125872,0.9
Terra Cotta,Argentina,,,Project,,,,,pre-construction,-24.53509,-66.97581,,5.805055308297237,3.345120863006013,26.30271692643131,67132.44521779782,2552.3007910387073,,brine,True,261.7597905584529,240.81900731377667,mg_per_L_Li,0.55,5.87528138968482e-06,67132.44521779782,0.9
Troilus,Canada,,,Project,,,,,pre-construction,50.74564,-74.92984,,4.588877667815227,2.338485468227627,18.54081144504505,607950.8742035807,32789.874165192094,,brine,True,1762.7732770858822,1621.7514149190117,mg_per_L_Li,0.55,3.956600441573037e-05,607950.8742035807,0.9
Upper Coondina,Australia,,,Project,,,,,pre-construction,-21.85388,119.41458,,7.500351519736375,2.934977590834793,20.964837645303604,537566.5091179949,25641.338998798154,,hard_rock,True,1.4466524463329509,1.330920250626315,pct_Li2O,0.65,0.0213938775686927,537566.5091179949,0.9
Yalgoo-Dalgaranga,Australia,,,Project,,,,,pre-construction,-28.13512,116.72301,,5.1824712698512805,1.1340490817536137,30.605998111542327,591555.2565391555,19328.08250145139,,hard_rock,True,1.0929879290121582,1.0055488946911857,pct_Li2O,0.65,0.016163695707713466,591555.2565391555,0.9
Yalgoo-Dalgaranga,Australia,,,Project,,,,,pre-construction,-28.13512,116.72301,,6.702585193211082,3.415829296630146,25.275583246883553,273143.68579638016,10806.622467557041,,hard_rock,True,1.1049785732088857,1.016580287352175,pct_Li2O,0.65,0.016341019829042538,273143.68579638016,0.9
Yandal,Australia,,,Project,,,,,pre-construction,-26.93465,121.00305,,4.7484216677210265,3.9621513215932644,21.489796041442325,2121139.1973956055,98704.48250439708,,hard_rock,True,0.986839621322188,0.9078924516164131,pct_Li2O,0.65,0.014593917213508032,2121139.1973956055,0.9
Yilmia,Australia,,,Project,,,,,pre-construction,-31.19576,121.1958,,5.235307682486678,3.9366378640140796,15.253885113932235,106896.99078109204,7007.8534080119025,,hard_rock,True,1.6268677294801603,1.4967183111217475,pct_Li2O,0.65,0.02405899849212653,106896.99078109204,0.9
Yindi,Australia,,,Project,,,,,pre-construction,-30.65763,122.44997,,5.357646827297791,3.9987343972137444,14.291309286166474,68911.11978648731,4821.889891725389,,hard_rock,True,1.398368799349407,1.2864992954014545,pct_Li2O,0.65,0.02067983292393068,68911.11978648731,0.9
Mt Alexander,Australia,,,Project,,,,,pre-construction,-28.84153,120.24519,,4.820092282028574,2.252619622843059,40.47497055614694,1563421.5343024137,38626.87267761277,,hard_rock,True,1.3107084595359269,1.2058517827730528,pct_Li2O,0.65,0.019383464482185437,1563421.5343024137,0.9
Destiny,Australia,,,Project,,,,,pre-construction,-31.40026,120.9668,,3.700634133459568,4.614474785572119,23.528243165288313,85544.9262949623,3635.8399432546003,,hard_rock,True,0.842776630352057,0.7753544999238925,pct_Li2O,0.65,0.012463435909026611,85544.9262949623,0.9
Lijiagou,China,,,Project,,2022.0,,,construction,30.61652,99.89374,,7.164036682783598,3.1055239363621743,38.649732158581614,1291894.9644032791,33425.71583944166,,brine,True,383.5549923293125,414.2393917156575,mg_per_L_Li,0.55,1.0106232959636207e-05,1291894.9644032791,0.9
Ancasti,Argentina,,,Project,,,,,pre-construction,-28.802862,-65.49629,,8.681824445297128,2.2184573541421395,19.85365760029458,697543.1174504393,35134.23730245501,,brine,True,1407.5069885479124,1294.9064294640796,mg_per_L_Li,0.55,3.159194006850428e-05,697543.1174504393,0.9
Wabissane,Canada,,,Project,,,,,pre-construction,51.457184,-73.855098,,4.7797387464984435,1.8534825713740912,27.82675519974445,203852.5570485665,7325.7753405053345,,hard_rock,True,1.5880675421973254,1.4610221388215394,pct_Li2O,0.65,0.023485200370486837,203852.5570485665,0.9
Separation Rapids,Canada,,,Project,,,,,pre-construction,51.18859,-94.31138,,4.50901262737921,1.7535286439092581,20.110052129989576,367041.81737368414,18251.6591703074,,brine,True,1778.331431702618,1636.0649171664086,mg_per_L_Li,0.55,3.991521212285197e-05,367041.81737368414,0.9
Durham,United Kingdom,,,DLE,2028.0,2029.0,,,pre-construction,54.7413,-2.08279,,5.221521804742144,1.0,38.1224710204894,560373.6938657364,14699.301458306743,brine,brine,False,760.3840021750507,699.5532820010467,mg_per_L_Li,0.55,1.7067059717086373e-05,560373.6938657364,0.9
Viento Andino,Chile,371416.0,tonnes,Brine,2027.0,2028.0,2040.0,08/24/2023,pre-construction,-27.45286,-69.19734,2023.0,4.076440440905104,1.0,12.0,371416.0,30951.333333333332,brine,brine,False,1022.5249891139133,940.7229899848003,mg_per_L_Li,0.55,2.2950897180241675e-05,371416.0,0.9
Llamara,Chile,,,Project,,,,,pre-construction,-21.5477,-69.33563,,6.498664633559559,3.6938845848994886,26.652747226318247,1444288.8302919678,54189.116717611956,,brine,True,485.9789928857184,447.10067345486095,mg_per_L_Li,0.55,1.0907952388667697e-05,1444288.8302919678,0.9
Fort Cady,USA,124000.0,tonnes,"Brine, In-Situ Leach",2022.0,2026.0,2055.0,04/01/2023,construction,34.75596,-116.41639,2023.0,5.298865899805277,4.0,29.0,124000.0,4275.862068965517,brine,brine,False,1909.5992919354198,2062.3672352902536,mg_per_L_Li,0.55,5.031574530331259e-05,124000.0,0.9
Salt Wells,USA,,,Project,,,,,pre-construction,39.27747,-118.45553,,6.086785132316202,3.039191200350765,32.00218349520581,220549.40706849124,6891.698721167927,,brine,True,1484.8671688774689,1366.0777953672714,mg_per_L_Li,0.55,3.332831381339161e-05,220549.40706849124,0.9
Clayton Valley,USA,122368.0,tonnes,Project,,,,03/13/2024,pre-construction,37.80756,-117.58813,2024.0,8.184717521368587,2.141303275401648,26.878962749360486,122368.0,4552.556627316708,,brine,True,664.3342852872759,611.1875424642939,mg_per_L_Li,0.55,1.4911193405796586e-05,122368.0,0.9
Salt Wells,USA,,,Project,,,,,pre-construction,39.34144,-118.56635,,7.798926741629944,3.5425332855828158,22.378816811268944,456874.0341913422,20415.46870169121,,brine,True,431.38846438875595,396.8773872376555,mg_per_L_Li,0.55,9.682650689552685e-06,456874.0341913422,0.9
Kings Mountain,USA,1113000.0,tonnes,Project,,2026.0,,12/31/21,pre-construction,35.22361,-81.34778,2021.0,8.344309831714956,1.1802393780561726,26.25115199759065,1113000.0,42398.139331262566,,brine,True,1248.4690986845467,1148.591570789783,mg_per_L_Li,0.55,2.8022284268522574e-05,1113000.0,0.9
Silver Peak,USA,447000.0,tonnes,Brine,,1967.0,2054.0,12/31/23,operation,37.77544,-117.57931,2023.0,8.492359488140053,3.3514991844043744,87.0,447000.0,14419.354838709678,brine,brine,False,1965.0655967879293,2259.8254363061187,mg_per_L_Li,0.55,5.513314948834674e-05,447000.0,0.9
Antofalla,Argentina,,tonnes,Project,,,,12/31/2024,pre-construction,-25.32553,-67.4633,2024.0,6.211026207932739,2.1499935326257513,17.230507533232952,54599.39655050283,3168.763104928597,,brine,True,525.9859767949504,483.9070986513544,mg_per_L_Li,0.55,1.1805921811388648e-05,54599.39655050283,0.9
TLC,USA,4300000.0,tonnes,Open Pit,,2028.0,2068.0,10/06/2022,pre-construction,38.15412,-117.27217,2022.0,5.826333746596798,2.127164586009025,40.0,4300000.0,107500.0,hard_rock,hard_rock,False,0.9488222179956964,0.8729164405560408,pct_Li2O,0.65,0.014031695323718077,4300000.0,0.9
Railroad Valley,USA,,,Project,,,,,pre-construction,38.31142,-115.7704,,3.7256805901489827,4.133245051110833,14.328438012914374,405242.52358244464,28282.393601954045,,brine,True,1483.302717953779,1364.6385005174766,mg_per_L_Li,0.55,3.3293199216999926e-05,405242.52358244464,0.9
Thompson Valley,USA,,,Project,,,,,pre-construction,34.49449,-112.85723,,4.19757185977339,4.237209327432829,19.761826404943434,23304.053069851216,1179.2459154494795,,brine,True,1410.089800012296,1297.2826160113125,mg_per_L_Li,0.55,3.164991208971266e-05,23304.053069851216,0.9
Paradox,USA,607600.0,tonnes,Brine,2024.0,2027.0,2048.0,10/16/2023,pre-construction,38.5685,-109.73452,2023.0,5.918005245056148,3.0,21.0,607600.0,28933.333333333332,brine,brine,False,589.9034795848168,542.7112012180314,mg_per_L_Li,0.55,1.324057040204975e-05,607600.0,0.9
Tonopah,USA,,,"Placer, Brine",,,,,pre-construction,37.85548,-117.68205,,7.755070304305865,2.3523705851630643,36.95386209098435,597049.9566324592,16156.632158296703,brine,brine,False,563.1834795966936,518.1288012289581,mg_per_L_Li,0.55,1.2640831540982995e-05,597049.9566324592,0.9
Big Sandy,USA,130000.0,tonnes,Project,2027.0,2028.0,2047.0,09/26/2019,pre-construction,34.70922,-113.56947,2019.0,5.543791928658472,1.0,19.0,130000.0,6842.105263157895,,brine,True,580.271625078657,533.8498950723645,mg_per_L_Li,0.55,1.3024380377571733e-05,130000.0,0.9
Lordburg,USA,,,Project,,,,,pre-construction,32.33787,-108.91894,,3.228497422325571,2.664207345432647,12.873802692899254,292104.60126333404,22689.846056476294,,brine,True,653.677923059575,601.3836892148091,mg_per_L_Li,0.55,1.4672007981081134e-05,292104.60126333404,0.9
Red Mountain,USA,,,Project,,,,,pre-construction,38.70016,-115.41006,,4.724019572607103,1.969967208062509,24.541755980168325,24171986.61587449,984933.0518731978,,brine,True,791.8543459019202,728.5059982297665,mg_per_L_Li,0.55,1.77734215476448e-05,24171986.61587449,0.9
Kibby Basin,USA,,,Brine,,,,,pre-construction,38.33516,-117.77352,,7.101546039298176,2.3764189584861133,30.51126871776587,5925174.247024302,194196.25915372826,brine,brine,False,586.62577409606,539.6957121683753,mg_per_L_Li,0.55,1.3167001264414534e-05,5925174.247024302,0.9
Gabriel,USA,,,Project,,,,,pre-construction,38.10597,-117.26297,,4.4892453926122755,1.6809926412123999,32.760853071758504,489796.38106704305,14950.660167310236,,brine,True,691.7939441609649,636.4504286280877,mg_per_L_Li,0.55,1.5527534144775176e-05,489796.38106704305,0.9
Valley Springs,USA,,,Project,,,,,pre-construction,40.73064,-117.67557,,4.671546796286491,4.529246893731726,17.98275652372514,3278348.540386,182305.1174640988,,brine,True,963.2198688091328,886.1622793044022,mg_per_L_Li,0.55,2.1619774975046112e-05,3278348.540386,0.9
Columbus,USA,,,Project,,,,,pre-construction,38.07408,-117.94173,,4.999376127407817,2.374904165871514,11.701364169533765,1031230.3893802911,88129.07404978064,,brine,True,992.2317947378772,912.853251158847,mg_per_L_Li,0.55,2.2270956839626658e-05,1031230.3893802911,0.9
Angel Island,USA,2697332.0,tonnes,Open Pit,2025.0,2026.0,2065.0,4/29/24,pre-construction,37.7434,-117.52684,2024.0,6.302016519730165,1.0,39.0,2697332.0,69162.35897435897,hard_rock,hard_rock,False,1.2588458626350332,1.1581381936242305,pct_Li2O,0.65,0.018616492393412693,2697332.0,0.9
Mustang,USA,,,Project,,,,,pre-construction,38.25383,-117.76866,,7.607134441088679,2.4046011205449163,21.312722714592407,85787.79108976157,4025.191536463069,,brine,True,1958.4371584265625,1801.7621857524375,mg_per_L_Li,0.55,4.395774219265104e-05,85787.79108976157,0.9
Lithic,USA,,,Project,,,,,pre-construction,37.93187,-117.67099,,4.750579253844527,3.329685289289504,18.652464791741025,9329.74126661825,500.1881183418339,,brine,True,531.41677663164,488.90343450110885,mg_per_L_Li,0.55,1.1927817833476428e-05,9329.74126661825,0.9
Green River,USA,,,Project,,,,,pre-construction,38.97709,-110.14374,,6.255854647900407,3.1292340052621133,19.391068699687626,4262409.424391447,219813.0227066913,,brine,True,1490.077626703646,1370.8714165673543,mg_per_L_Li,0.55,3.344526418927846e-05,4262409.424391447,0.9
Solar,USA,,,Project,2025.0,2027.0,,,pre-construction,38.2617,-117.29368,,5.943883810852301,2.0,29.86049698875224,1219841.5712709469,40851.348580381404,,brine,True,618.1941558321371,568.7386233655661,mg_per_L_Li,0.55,1.3875563589134998e-05,1219841.5712709469,0.9
Railroad Valley,USA,,,Project,,,,,pre-construction,38.31142,-115.7704,,5.592080675269248,1.3022182322310367,19.417619661086743,20816.46797923931,1072.0401543839014,,brine,True,585.6046309657725,538.7562604885106,mg_per_L_Li,0.55,1.3144081383493238e-05,20816.46797923931,0.9
Alkali Lake,USA,,,Brine,,,,,pre-construction,37.86847,-117.39326,,6.16786199725953,2.2796104132552717,18.691302134293796,1861557.5797614276,99594.85788557994,brine,brine,False,1464.0430564090075,1346.9196118962868,mg_per_L_Li,0.55,3.286091001473471e-05,1861557.5797614276,0.9
Teels Marsh,USA,,,Brine,,,,,pre-construction,38.19798,-118.37599,,7.449342893495263,3.20832531633587,20.41981654978159,2999093.2565719793,146871.70422224276,brine,brine,False,961.4685873520946,884.551100363927,mg_per_L_Li,0.55,2.1580466908170428e-05,2999093.2565719793,0.9
Gabbs Valley,USA,,,Project,,,,,pre-construction,38.88635,-118.32593,,4.744944925634745,3.159493396149901,24.43591313107845,187424.93936057764,7670.060797613658,,brine,True,1126.089580241535,1036.0024138222122,mg_per_L_Li,0.55,2.5275437223555e-05,187424.93936057764,0.9
Fort Cady,USA,124000.0,tonnes,"Brine, In-Situ Leach",,2026.0,2055.0,04/01/2023,construction,34.75596,-116.41639,2023.0,5.805145447191276,3.8148875375743256,29.0,124000.0,4275.862068965517,brine,brine,False,1491.8272178813854,1611.1733953118965,mg_per_L_Li,0.55,3.930793158987395e-05,124000.0,0.9
West Tonopah,USA,266935.0,tonnes,Project,,,,11/01/2023,pre-construction,38.09889,-117.3087,2023.0,4.170849202948782,1.802729665954152,25.398003063477116,266935.0,10510.078266108187,,brine,True,1230.4218778490158,1131.9881276210947,mg_per_L_Li,0.55,2.7617208681915816e-05,266935.0,0.9
Smackover,USA,1874000.0,tonnes,Brine,,2026.0,2051.0,8/18/23,pre-construction,33.23241,-93.55148,2023.0,5.872447992744932,2.7231424621292115,25.0,1874000.0,74960.0,brine,brine,False,1213.364592963324,1116.295425526258,mg_per_L_Li,0.55,2.7234352521182916e-05,1874000.0,0.9
Arkansas,USA,,,Project,,2027.0,,,pre-construction,33.17953,-93.41422,,7.295425173194385,2.7972337397278078,35.375182907880415,2408823.6819911264,68093.60359390595,,brine,True,707.8220042568846,651.1962439163339,mg_per_L_Li,0.55,1.5887289029180457e-05,2408823.6819911264,0.9
Teels Marsh West,USA,,,Project,,,,,pre-construction,38.16552,-118.404,,9.77541409841587,3.02622579159319,32.726677391162056,30887.517405935276,943.8024226155188,,brine,True,688.9248839266963,633.8108932125607,mg_per_L_Li,0.55,1.546313717928128e-05,30887.517405935276,0.9
Dixie Valley,USA,,,Project,,,,,pre-construction,39.81234,-117.94493,,5.716223265972237,2.676733059801596,41.69271758388494,416739.0385267946,9995.487525808881,,brine,True,878.8209739753931,808.5152960573618,mg_per_L_Li,0.55,1.972541505418613e-05,416739.0385267946,0.9
Black Rock Desert,USA,,,Brine,,,,,pre-construction,40.676,-119.331,,5.038258271986689,3.54307115190134,40.30479314829823,646500.5583512012,16040.289698856775,brine,brine,False,758.064827672114,697.4196414583449,mg_per_L_Li,0.55,1.70150051109627e-05,646500.5583512012,0.9
Nevada,USA,,,Project,,,,,pre-construction,38.12123,-117.42631,,6.163676938408574,1.9135104572722952,26.840672363356067,2358566.1695878995,87872.84229168216,,brine,True,571.1774651739393,525.4832679600241,mg_per_L_Li,0.55,1.282025907869304e-05,2358566.1695878995,0.9
Clayton Valley,USA,122368.0,tonnes,Project,,,,03/13/2024,pre-construction,37.80756,-117.58813,2024.0,5.31079131605051,1.6964283094376422,30.76645974461501,122368.0,3977.3181905148454,,brine,True,1176.1192712180305,1082.029729520588,mg_per_L_Li,0.55,2.6398369480257916e-05,122368.0,0.9
Clayton Valley,USA,,,Brine,,,,,pre-construction,37.63017,-117.519,,4.279856807488182,2.5836589675668655,22.12912759940351,1210209.0711357228,54688.51249103665,brine,brine,False,1245.6298335418714,1145.9794468585217,mg_per_L_Li,0.55,2.7958556063294598e-05,1210209.0711357228,0.9
Lithium King,USA,,,Project,,,,,pre-construction,40.74751,-112.81468,,5.920471843591141,1.8455453073893562,26.462612946223995,890442.6607589764,33649.083050433816,,brine,True,1534.294373836784,1411.5508239298413,mg_per_L_Li,0.55,3.4437723080651665e-05,890442.6607589764,0.9
Columbus Marsh,USA,,,Project,,,,,pre-construction,38.095,-117.9833,,7.3485379854136585,2.771804302388304,40.24223201309814,1585632.910754648,39402.21084751344,,brine,True,1063.8317035418795,978.7251672585292,mg_per_L_Li,0.55,2.3878039466036946e-05,1585632.910754648,0.9
Salt Wells,USA,,,Project,,,,,pre-construction,39.27747,-118.45553,,8.047938284290016,3.1635478471273224,25.692467080080466,194157.10704490717,7556.966267184143,,brine,True,892.6344364846257,821.2236815658556,mg_per_L_Li,0.55,2.003546259446898e-05,194157.10704490717,0.9
New San Emidio,USA,,,Project,,,,,pre-construction,40.3999,-119.4392,,9.12472379760128,1.8206808567835957,23.647017178199906,7843838.59663559,331705.201443622,,brine,True,728.9582203021887,670.6415626780137,mg_per_L_Li,0.55,1.6361698091452393e-05,7843838.59663559,0.9
Clayton Valley-1,USA,,,Project,,,,,pre-construction,37.7837,-117.62461,,5.295785060188013,2.9179069618205435,29.745883729255016,333738.74962681974,11219.661606442318,,brine,True,772.9667152789073,711.1293780565948,mg_per_L_Li,0.55,1.734948269722825e-05,333738.74962681974,0.9
Dixie Valley,USA,,,Project,,,,,pre-construction,39.81234,-117.94493,,4.877048876865315,3.1138772859179125,24.663915315558047,2386586.052634778,96764.28183035947,,hard_rock,True,1.7312460023256824,1.5927463221396279,pct_Li2O,0.65,0.02560260075523345,2386586.052634778,0.9
Black Rock Desert,USA,,,Brine,,,,,pre-construction,40.676,-119.331,,4.245588547494047,3.1335365767516423,16.166851746003935,597271.4980688323,36944.20580163134,brine,brine,False,1331.6720091265365,1225.1382483964137,mg_per_L_Li,0.55,2.9889799940981343e-05,597271.4980688323,0.9
Texas Spring,USA,,,Project,,,,,pre-construction,41.64375,-114.52742,,5.557941592626153,1.491550293535124,22.70033531871753,391866.4995605698,17262.58639172862,,brine,True,1180.2332701232879,1085.814608513425,mg_per_L_Li,0.55,2.649070948845274e-05,391866.4995605698,0.9
South Big Smokey Valley,USA,,,Brine,,,,,pre-construction,37.98,-117.72,,7.401144599760677,3.6531051759609947,17.371647609244604,1657946.6917990893,95439.80681007978,brine,brine,False,471.9230468552082,434.1692031067916,mg_per_L_Li,0.55,1.059246222896332e-05,1657946.6917990893,0.9
Grass Valley,USA,,,Project,,,,,pre-construction,39.90793,-116.65565,,4.812464351854471,3.5086768615131945,39.878163086470146,1301054.6004028788,32625.740498170046,,brine,True,987.0054616013713,908.0450246732617,mg_per_L_Li,0.55,2.2153650137372292e-05,1301054.6004028788,0.9
McDermitt,USA,8686000.0,tonnes,Open Pit,,2033.0,,2/27/23,pre-construction,42.04162,-118.05924,2023.0,7.7054036155173815,2.5414569172696306,32.366473782558714,8686000.0,268364.1121474473,hard_rock,hard_rock,False,1.147961686929313,1.056124751974968,pct_Li2O,0.65,0.016976677325621622,8686000.0,0.9
Thacker Pass,USA,,tonnes,Open Pit,2023.0,2027.0,2112.0,12/31/2024,construction,41.70883,-118.06978,2024.0,6.823649204457059,4.0,85.0,6165615.500903582,72536.65295180686,hard_rock,hard_rock,False,1.2206197861618262,1.3182693690547724,pct_Li2O,0.65,0.02119052097287094,6165615.500903582,0.9
Thacker Pass,USA,,tonnes,Open Pit,2023.0,2027.0,2112.0,12/31/2024,construction,41.70883,-118.06978,2024.0,4.677259516999266,4.0,85.0,3863774.792903264,45456.17403415605,hard_rock,hard_rock,False,1.7511373387866,1.8912283258895282,pct_Li2O,0.65,0.03040054972451122,3863774.792903264,0.9
Fish Lake Valley,USA,,,Brine,,,,,pre-construction,37.91375,-117.92612,,6.4099169744803035,3.8478706003163587,16.7239270199035,223760.85916458373,13379.684023870781,brine,brine,False,1482.3976940116113,1363.8058784906825,mg_per_L_Li,0.55,3.327288566802706e-05,223760.85916458373,0.9
North Big Smoky,USA,,,Project,,,,,pre-construction,39.0831,-117.06817,,7.487874684211153,2.407739799673063,20.24934828501938,1429265.840529729,70583.30077650501,,brine,True,1374.0091657212874,1264.0884324635845,mg_per_L_Li,0.55,3.084007082751678e-05,1429265.840529729,0.9
Alkali Lake,USA,,,Brine,,,,,pre-construction,37.86847,-117.39326,,8.467179989116165,3.6459899450087994,26.107382543598934,715298.9858073944,27398.341622828557,brine,brine,False,748.9776203115234,689.0594106866016,mg_per_L_Li,0.55,1.6811039864138577e-05,715298.9858073944,0.9
Scotty,USA,,,Project,,,,,pre-construction,37.19805,-117.062,,4.506985962692495,2.8421690901114314,16.516939316414927,150607.91630703403,9118.391332791076,,brine,True,1334.1365641388397,1227.4056390077326,mg_per_L_Li,0.55,2.994511765867491e-05,150607.91630703403,0.9
Nevada North,USA,,,Project,,,,,pre-construction,41.68353,-114.56696,,7.504109733572788,4.387859415082047,22.34968749390325,88723.65540906588,3969.79400420112,,brine,True,1373.0001507284765,1263.1601386701984,mg_per_L_Li,0.55,3.081742316648173e-05,88723.65540906588,0.9
Reynolds Springs,USA,,,Project,,,,,pre-construction,38.84927,-115.26077,,7.199056957756973,4.013553833263729,18.510862318870643,931309.0905894949,50311.4914122658,,brine,True,1021.0815695579305,939.3950439932961,mg_per_L_Li,0.55,2.291849917122478e-05,931309.0905894949,0.9
Columbus Marsh,USA,,,Project,,,,,pre-construction,38.095,-117.9833,,4.847187854275308,2.692315628027049,16.451960576727487,236480.20541061257,14373.98322879106,,brine,True,1442.8851312993834,1327.4543207954327,mg_per_L_Li,0.55,3.238601368563958e-05,236480.20541061257,0.9
Kibby Basin,USA,,,Brine,,,,,pre-construction,38.33516,-117.77352,,5.031131856587963,2.696661461158285,16.948830204280785,53906.084988484115,3180.5195012732497,brine,brine,False,524.1268265419172,482.19668041856386,mg_per_L_Li,0.55,1.1764192595228405e-05,53906.084988484115,0.9
Clayton Valley,USA,,,Brine,,,,,pre-construction,37.67783,-117.57874,,8.774414886198771,2.97146820699478,16.944848682050324,507133.6484303658,29928.484930501174,brine,brine,False,1601.7345908702614,1473.5958236006406,mg_per_L_Li,0.55,3.5951440108036795e-05,507133.6484303658,0.9
Fish Lake Valley,USA,,,Brine,,,,,pre-construction,37.91375,-117.92612,,5.274596528190684,4.438892499944616,35.777511321672904,876638.6617435254,24502.505326928233,brine,brine,False,1380.1400820728838,1269.728875507053,mg_per_L_Li,0.55,3.09776811864852e-05,876638.6617435254,0.9
North Big Smoky,USA,,,Project,,,,,pre-construction,39.0831,-117.06817,,5.011429431567146,2.0732401080762317,18.487728944170478,709398.6557271893,38371.32499451079,,brine,True,774.551094669881,712.5870070962906,mg_per_L_Li,0.55,1.7385044594378795e-05,709398.6557271893,0.9
Kibby Basin,USA,,,Brine,,,,,pre-construction,38.33516,-117.77352,,6.869566990361412,3.1003184825079613,16.676711044214088,73738.19288579513,4421.626823796187,brine,brine,False,1288.8828031743885,1185.7721789204375,mg_per_L_Li,0.55,2.892938266347016e-05,73738.19288579513,0.9
Bonnie Claire,USA,8358700.0,tonnes,Brine,2028.0,2029.0,2068.0,08/20/2021,pre-construction,37.21703,-117.0349,2021.0,4.364068966892562,1.0,39.0,8358700.0,214325.64102564103,brine,brine,False,880.9578973825426,810.4812655919392,mg_per_L_Li,0.55,1.977337897675201e-05,8358700.0,0.9
Gemini,USA,2868400.0,tonnes,Brine,,,,1/15/24,pre-construction,37.43619,-117.41257,2024.0,5.746874805718307,3.503484245120264,43.15991461488715,2868400.0,66459.81637346897,brine,brine,False,1274.3877415667778,1172.4367222414355,mg_per_L_Li,0.55,2.860403641558449e-05,2868400.0,0.9
Gemini,USA,2868400.0,tonnes,Brine,,,,1/15/24,pre-construction,37.43619,-117.41257,2024.0,5.260238341257708,1.7327474366411102,32.14148300681721,2868400.0,89242.92632644276,brine,brine,False,696.2328657676583,640.5342365062456,mg_per_L_Li,0.55,1.562716714589592e-05,2868400.0,0.9
Neptune,USA,,,Brine,,,,,pre-construction,37.64043,-117.71679,,6.004943304993336,3.209615276271385,15.402310160007197,217948.82151386095,14150.398170774086,brine,brine,False,1069.0188825552004,983.4973719507844,mg_per_L_Li,0.55,2.3994467341597622e-05,217948.82151386095,0.9
Jackson Wash,USA,,,Brine,,,,,pre-construction,37.58333,-117.3333,,6.273574773964691,2.8982961506295686,17.35466071249988,6403904.323039238,369001.9890983382,brine,brine,False,424.25701005153155,390.316449247409,mg_per_L_Li,0.55,9.52258293865981e-06,6403904.323039238,0.9
Aquarius,USA,,,Brine,,,,,pre-construction,37.71928,-117.67894,,6.4508819245503695,2.647827400030834,17.629516224868397,156446.7865224373,8874.139512787746,brine,brine,False,1780.8321297071666,1638.3655593305934,mg_per_L_Li,0.55,3.997134108145177e-05,156446.7865224373,0.9
Atlantis,USA,,,Brine,,,,,pre-construction,37.80833,-118.04167,,5.542867181315786,4.514496100083428,16.25518436661971,337155.17257367005,20741.39332839705,brine,brine,False,1151.3626138808227,1059.2536047703568,mg_per_L_Li,0.55,2.584269846671613e-05,337155.17257367005,0.9
Clayton Valley,USA,1762248.0,tonnes,"Brine, Open Pit",2024.0,2025.0,,5/15/24,pre-construction,37.77485,-117.50934,2024.0,8.010687130286057,1.0,25.033109520315275,1762248.0,70396.68797717168,brine,brine,False,1513.234593879856,1392.1758263694676,mg_per_L_Li,0.55,3.39650296505881e-05,1762248.0,0.9
Eagle Mountain,USA,,,Project,,,,,pre-construction,36.24071,-116.36657,,7.60180551929969,3.473413697091637,14.72938815515447,32417628.874794833,2200880.8874692093,,brine,True,1071.6544254287521,985.922071394452,mg_per_L_Li,0.55,2.405362293598307e-05,32417628.874794833,0.9
Wickenburg,USA,,,Project,,,,,pre-construction,33.87824,-112.72099,,8.472754927564429,2.278625706953431,34.312469387535444,1085722.5082567532,31642.214263108657,,brine,True,1102.355032186519,1014.1666296115976,mg_per_L_Li,0.55,2.4742707776519953e-05,1085722.5082567532,0.9
Piedmont,USA,475000.0,tonnes,Open Pit,2024.0,2027.0,2051.0,12/14/21,pre-construction,35.39446,-81.28475,2021.0,5.59621724614096,3.0,24.0,475000.0,19791.666666666668,hard_rock,hard_rock,False,1.099767722248246,1.0117863044683864,pct_Li2O,0.65,0.016263958951177077,475000.0,0.9
Clayton Valley,USA,88000.0,tonnes,Brine,2025.0,2026.0,2045.0,6/15/17,pre-construction,37.72229,-117.58133,2017.0,6.926403898785754,1.0,19.0,88000.0,4631.578947368421,brine,brine,False,1499.947674648678,1379.9518606767838,mg_per_L_Li,0.55,3.366680054091989e-05,88000.0,0.9
Clayton Northeast,USA,,,Brine,,,,,pre-construction,37.73454,-117.61009,,5.536184651838694,2.904494875447772,16.100040121783938,247876.43125669795,15396.013263427347,brine,brine,False,1900.6336207478919,1748.5829310880606,mg_per_L_Li,0.55,4.266032348499969e-05,247876.43125669795,0.9
Railroad Valley,USA,,,Project,,,,,pre-construction,38.31142,-115.7704,,4.97559068721967,2.4099693046641057,27.261831954655197,20256.124004202953,743.0213801440458,,brine,True,742.0091917171758,682.6484563798017,mg_per_L_Li,0.55,1.6654631277669387e-05,20256.124004202953,0.9
Nevada,USA,,,Project,,,,,pre-construction,38.12123,-117.42631,,6.5094449795346145,3.068740084475097,33.681259189659364,1008989.1374660158,29956.98978427119,,brine,True,668.1934990323205,614.7380191097349,mg_per_L_Li,0.55,1.4997814680388465e-05,1008989.1374660158,0.9
Lithium Butte,USA,,,Project,,,,,pre-construction,39.70362,-113.53966,,8.625063824343862,3.958189867743622,27.623874810807575,52912.18991430403,1915.4514084896823,,hard_rock,True,1.2167633398659146,1.1194222726766414,pct_Li2O,0.65,0.017994153322140674,52912.18991430403,0.9
Let's Go,USA,,,Project,,,,,pre-construction,36.50877,-116.28851,,7.382897753560606,1.7593327661126035,19.74926347339961,563262.6131453642,28520.689589463716,,brine,True,1209.0470026126613,1112.3232424036485,mg_per_L_Li,0.55,2.713744283852535e-05,563262.6131453642,0.9
Clayton Valley,USA,88000.0,tonnes,Brine,2025.0,2026.0,2045.0,6/15/17,pre-construction,37.72229,-117.58133,2017.0,4.998205405159401,1.0,19.0,88000.0,4631.578947368421,brine,brine,False,857.1782980911853,788.6040342438905,mg_per_L_Li,0.55,1.9239638340451055e-05,88000.0,0.9
Macallan,USA,,,Project,,,,,pre-construction,37.65641,-117.59904,,4.787031222184302,2.0827904209446455,25.861866852577805,130569.48485375612,5048.726203643782,,brine,True,1964.6243481862612,1807.4544003313604,mg_per_L_Li,0.55,4.409661562608424e-05,130569.48485375612,0.9
Highlands West,USA,,,Project,,,,,pre-construction,37.72026,-117.661,,7.172915130667165,2.3418508828892906,27.691423701871663,32133.376104186264,1160.4089573052313,,brine,True,949.7370116137788,873.7580506846765,mg_per_L_Li,0.55,2.1317147975724948e-05,32133.376104186264,0.9
Clayton Valley,USA,,,Brine,,,,,pre-construction,37.63017,-117.519,,6.787445997385825,3.9187137201768194,39.477546125131454,10309373.299831187,261145.2410733358,brine,brine,False,479.38471856579514,441.0339410805315,mg_per_L_Li,0.55,1.0759941813370154e-05,10309373.299831187,0.9
Elko,USA,,,Project,,,,,pre-construction,41.08792,-115.10171,,7.815065474417599,1.7603765542409342,30.26077995626516,486043.21304692863,16061.820407451156,,brine,True,377.9097422866979,347.6769629037621,mg_per_L_Li,0.55,8.482303837043329e-06,486043.21304692863,0.9
Clayton Valley (McGee),USA,846000.0,tonnes,Project,2028.0,2029.0,,6/17/22,pre-construction,37.71199,-117.54459,2022.0,4.431454698348683,1.0,16.831079943113217,846000.0,50264.15434181087,,brine,True,1206.4619281502496,1109.9449738982296,mg_per_L_Li,0.55,2.7079420023609605e-05,846000.0,0.9
Smackover,USA,1874000.0,tonnes,Brine/DLE,,2026.0,2051.0,8/18/23,pre-construction,33.23241,-93.55148,2023.0,7.799721214334866,1.6803124209160334,25.0,1874000.0,74960.0,brine,brine,False,716.1553816328706,658.8629511022409,mg_per_L_Li,0.55,1.6074334323287298e-05,1874000.0,0.9
Bristol Dry Lake,USA,,,Project,,,,,pre-construction,34.47301,-115.73849,,5.543756160515475,3.019178505812799,20.81906030368144,2876244.0074686743,138154.36266160713,,brine,True,650.1343079732662,598.1235633354049,mg_per_L_Li,0.55,1.4592470418324154e-05,2876244.0074686743,0.9
Jackpot Lake,USA,,,Project,,,,,pre-construction,36.45403,-114.87893,,4.956230226097062,3.264506957665629,34.12583772871699,2100744.4296381185,61558.765130924134,,brine,True,1096.0406483212655,1008.3573964555643,mg_per_L_Li,0.55,2.460097943110945e-05,2100744.4296381185,0.9
Smackover,USA,1874000.0,tonnes,Brine,,2026.0,2051.0,8/18/23,pre-construction,33.23241,-93.55148,2023.0,5.205582745238167,2.0844299393220105,25.0,1874000.0,74960.0,brine,brine,False,617.2932694033937,567.9098078511222,mg_per_L_Li,0.55,1.3855342907961153e-05,1874000.0,0.9
Bristol Dry Lake,USA,,,Project,,,,,pre-construction,34.47301,-115.73849,,9.523173658913478,3.741777741559705,26.522804036014655,163751.67043711024,6173.995412202869,,brine,True,744.0655076803885,684.5402670659574,mg_per_L_Li,0.55,1.670078594063042e-05,163751.67043711024,0.9
South Big Smokey Valley,USA,,,Brine,,,,,pre-construction,37.98,-117.72,,8.759485741995753,2.3296940399389516,17.519411295726027,677942.4608350804,38696.646216672176,brine,brine,False,749.0994740631213,689.1715161380716,mg_per_L_Li,0.55,1.6813774910180216e-05,677942.4608350804,0.9
Liberty,USA,,,Project,,,,,pre-construction,43.7273,-103.62152,,4.082794762049435,2.950758797590745,13.293757399965681,312312.77232007455,23493.19029403085,,brine,True,1255.0539943432461,1154.6496747957865,mg_per_L_Li,0.55,2.8170084336799046e-05,312312.77232007455,0.9
Jackpot Lake,USA,,,Project,,,,,pre-construction,36.45403,-114.87893,,5.1042463675240075,2.386452195477753,44.5027305891262,3090194.5894498746,69438.31420099271,,brine,True,1159.6252973922647,1066.8552736008835,mg_per_L_Li,0.55,2.602815701464689e-05,3090194.5894498746,0.9
Montezuma Well,USA,,,Project,,,,,pre-construction,38.17503,-117.33978,,6.867152391669264,3.624749978835079,13.484707427695009,1222444.3765120811,90654.12676298889,,brine,True,1552.9086766686296,1428.6759825351394,mg_per_L_Li,0.55,3.485552700224168e-05,1222444.3765120811,0.9
Big Smoky Valley,USA,,,Project,,,,,pre-construction,37.97601,-117.60235,,3.703243800197375,2.4174380262912845,14.552227870986975,312669.4398726453,21486.018680068893,,hard_rock,True,1.165917064530805,1.0726436993683406,pct_Li2O,0.65,0.01724221114549639,312669.4398726453,0.9
Kibby Basin,USA,,,Brine,,,,,pre-construction,38.33516,-117.77352,,3.70917639704116,2.4482612983207748,24.50926282856928,10283836.485656677,419589.79172842763,brine,brine,False,652.2905083452124,600.1072676775955,mg_per_L_Li,0.55,1.4640867018469273e-05,10283836.485656677,0.9
Rhyolite Ridge,USA,1347000.0,tonnes,Open Pit,2024.0,2028.0,2050.0,3/31/23,construction,37.81491,-117.85253,2023.0,3.7927572818370408,4.0,22.0,1347000.0,61227.27272727273,hard_rock,hard_rock,False,1.1848320534862324,1.2796186177651312,pct_Li2O,0.65,0.0205692294712656,1347000.0,0.9
Utah Lithium,USA,1337000.0,tonnes,Project,2027.0,2028.0,,10/22/2024,pre-construction,38.13159,-109.25357,2024.0,7.854206245704121,1.0,26.54211889880147,1337000.0,50372.768093521474,,brine,True,1900.9571561227908,1748.8805836329677,mg_per_L_Li,0.55,4.266758533894216e-05,1337000.0,0.9
Burro Creek,USA,,,Brine,,,,,pre-construction,34.56688,-113.33924,,5.170987201107712,1.518435822503751,46.94745480891615,1420992.51638201,30267.72211966938,brine,brine,False,925.679045049852,851.6247214458639,mg_per_L_Li,0.55,2.0777159297841534e-05,1420992.51638201,0.9
Wilson Salt Flat,USA,,,Brine,,,,,pre-construction,37.98255,-116.02743,,5.116957316078725,2.586408390412665,31.53731122334178,1286474.3797094848,40792.13889221233,brine,brine,False,732.5248998884597,673.922907897383,mg_per_L_Li,0.55,1.6441753344214783e-05,1286474.3797094848,0.9
San Domingo,USA,,,Project,,,,,pre-construction,33.99828,-112.51429,,7.310582542027971,3.3195409251197034,35.33040923397998,148213.89918159228,4195.080170173731,,brine,True,1614.7963467862064,1485.6126390433099,mg_per_L_Li,0.55,3.624461535579289e-05,148213.89918159228,0.9
Basin Clay,USA,,,Project,,,,,pre-construction,34.566667,-113.336444,,5.116335412999893,2.629934314785524,35.27490265255268,1169087.3626257838,33142.18537017514,,brine,True,557.1479694215379,512.576131867815,mg_per_L_Li,0.55,1.2505362603856739e-05,1169087.3626257838,0.9
Eureka,USA,,,Brine,,,,,pre-construction,39.595278,-117.210498,,6.974290156976851,3.2049091385477064,41.7300258300469,45336.05115132897,1086.413206068174,brine,brine,False,1686.132233551365,1551.2416548672559,mg_per_L_Li,0.55,3.784577192393436e-05,45336.05115132897,0.9
Sarcobatus Flat,USA,,,Brine,,,,,pre-construction,37.51642,-117.85309,,5.301800929517003,2.707781890325096,43.89359218260561,1284369.600397552,29260.981763678228,brine,brine,False,325.64573350218336,299.5940748220087,mg_per_L_Li,0.55,7.30922160960545e-06,1284369.600397552,0.9
L.G.,USA,,,Project,,,,,pre-construction,32.83616,-109.81132,,5.0414897366518225,4.020004584059905,21.59541137348363,113539.17084871574,5257.559992032713,,brine,True,539.0029064387584,495.8826739236577,mg_per_L_Li,0.55,1.2098090919271638e-05,113539.17084871574,0.9
Liberty,USA,,,Project,,,,,pre-construction,35.9361,-117.22831,,5.368901642195105,2.1277560597658063,31.292115150033414,791116.5222619278,25281.657007486854,,brine,True,924.5370890912957,850.5741219639921,mg_per_L_Li,0.55,2.0751527734732343e-05,791116.5222619278,0.9
Custer,USA,,,Project,,,,,pre-construction,43.70787,-103.57706,,4.533793140060063,1.3837752590534682,25.711846368833953,355379.2576276668,13821.615629223421,,brine,True,644.2055727953152,592.66912697169,mg_per_L_Li,0.55,1.4459398079822239e-05,355379.2576276668,0.9
Tin Mountain,USA,,,Project,,,,,pre-construction,43.74399,-103.72813,,4.024771217542394,1.8930845588839742,44.95171691364704,854706.9802878527,19013.889545748792,,brine,True,1173.91217986929,1079.9992054797467,mg_per_L_Li,0.55,2.6348830616023176e-05,854706.9802878527,0.9
Edison,USA,,,Project,,,,,pre-construction,43.883935,-103.40546,,7.876806798153121,3.0485739307368336,27.854100525146936,1068646.0182214824,38365.84194333251,,brine,True,986.2941091407702,907.3905804095086,mg_per_L_Li,0.55,2.2137683606132484e-05,1068646.0182214824,0.9
Ingersoll,USA,,,Project,,,,,pre-construction,43.910401,-103.453011,,7.853703490139189,3.1939406424367465,23.167858688047122,519293.89999560587,22414.410713905232,,brine,True,625.5052327831158,575.4648141604666,mg_per_L_Li,0.55,1.4039663026474087e-05,519293.89999560587,0.9
Daisy Creek,USA,,,Project,,,,,pre-construction,40.25215,-117.33435,,5.655894453425715,3.847273903737473,13.674537000628526,520180.6666646252,38040.09354325606,,brine,True,823.4589585672572,757.5822418818767,mg_per_L_Li,0.55,1.848279708704564e-05,520180.6666646252,0.9
Alkali Flats,USA,,,Project,,,,,pre-construction,37.79964,-117.21217,,6.697450666584555,4.3976577843032185,31.964952854757946,43271.2781317062,1353.7100563958857,,brine,True,304.74752202309446,280.3677202612469,mg_per_L_Li,0.55,6.84015463519033e-06,43271.2781317062,0.9
Central Nevada,USA,,,Brine,,,,,pre-construction,39.31772,-117.50957,,7.807452752888334,2.7917687906086854,12.250970764419755,21196.823038853632,1730.2157883206394,brine,brine,False,1512.945347118618,1391.9097193491286,mg_per_L_Li,0.55,3.395853741543731e-05,21196.823038853632,0.9
Clayton Ridge,USA,,tonnes,Project,,,,12/21/2023,pre-construction,37.77667,-117.47683,2023.0,5.382134492692215,3.8123811199144053,29.46332591352513,5106699.475559509,173323.93126789806,,brine,True,391.76951912982076,360.4279575994351,mg_per_L_Li,0.55,8.793390917216553e-06,5106699.475559509,0.9
Elon,USA,,,Project,,,,,pre-construction,37.75543,-117.62492,,6.824053132513326,2.800377175703672,20.301265490609428,1548005.376711202,76251.6690118283,,brine,True,689.7756578215667,634.5936051958414,mg_per_L_Li,0.55,1.548223306876338e-05,1548005.376711202,0.9
Green Energy,USA,,tonnes,Brine,,,,03/14/2011,pre-construction,38.5419,-109.76469,2011.0,7.070443669048105,2.72199192552555,30.2694646482361,43849.911789918915,1448.651712195848,brine,brine,False,1514.5759424215871,1393.4098670278602,mg_per_L_Li,0.55,3.399513664336762e-05,43849.911789918915,0.9
Horizon,USA,,tonnes,Project,,,,11/15/2023,pre-construction,38.05571,-117.35221,2023.0,4.045487704580124,2.030317574572849,46.86692792117408,15716661.37830486,335346.5242001536,,brine,True,897.9112600046519,826.0783592042798,mg_per_L_Li,0.55,2.015390256937008e-05,15716661.37830486,0.9
Little Rock,USA,,,Project,,,,,pre-construction,34.44642,-113.28488,,4.390780004020099,3.9749278406402473,22.03923301094346,165385.20505864098,7504.127070870382,,brine,True,929.2470614201932,854.9072965065777,mg_per_L_Li,0.55,2.085724455514569e-05,165385.20505864098,0.9
Miller's Playa,USA,,,Brine,,,,,pre-construction,38.09766,-117.59074,,7.0439129557804545,2.6397737985838337,26.94821594876788,1387594.1870831042,51491.1335771208,brine,brine,False,1060.2182541952156,975.4007938595985,mg_per_L_Li,0.55,2.3796934451192115e-05,1387594.1870831042,0.9
Moab,USA,,,Brine,,,,,pre-construction,37.90858,-117.65235,,6.790282381319964,3.318788772611881,26.926148821620533,1195725.8090231575,44407.60603919122,brine,brine,False,1129.714891858605,1039.3377005099167,mg_per_L_Li,0.55,2.5356808490815484e-05,1195725.8090231575,0.9
Red Valley,USA,,,Brine,,,,,pre-construction,38.93925,-112.56741,,4.610510710216696,3.0346307805425985,18.071534881122176,690078.7015282862,38185.94856871587,brine,brine,False,693.4749172718643,637.9969238901152,mg_per_L_Li,0.55,1.5565264118557467e-05,690078.7015282862,0.9
Sarcobatus Flats,USA,,,Project,,,,,pre-construction,37.213,-117.09,,7.537403261483654,4.840940889769413,32.265557629382,1643503.859950303,50936.787729764146,,brine,True,491.93436147478025,452.5796125567978,mg_per_L_Li,0.55,1.1041622522515912e-05,1643503.859950303,0.9
Smackover,USA,,,Project,,,,,pre-construction,33.30267,-93.44058,,7.3602161043721495,2.4300600888756367,31.123550960388492,52637.83146908507,1691.2540454036941,,brine,True,1021.1856351519011,939.4907843397491,mg_per_L_Li,0.55,2.2920834956435556e-05,52637.83146908507,0.9
Wilcox Playa,USA,,,Project,,,,,pre-construction,32.08957,-109.8259,,5.167404786440367,3.1057954610957994,33.43718135627185,536803.8017882684,16054.09846208761,,brine,True,844.4207910805544,776.86712779411,mg_per_L_Li,0.55,1.8953292055720224e-05,536803.8017882684,0.9
Hell's Kitchen,USA,,,Geothermal,2024.0,2026.0,,,construction,33.2278,,,5.194780959015567,2.0,19.398173070860295,367735.71967796434,18957.23470115712,brine,brine,False,1010.1067370897313,1090.9152760569098,mg_per_L_Li,0.55,2.661515089956677e-05,367735.71967796434,0.9
Energy Source Mineral ATLiS Project,USA,,,Geothermal,,,,,pre-construction,33.2046,,,4.244189658645163,2.236385052151393,15.20517068084211,665384.531823316,43760.411888152834,brine,brine,False,1669.0972464172628,1535.5694667038817,mg_per_L_Li,0.55,3.746341624329683e-05,665384.531823316,0.9
Black Rock Geothermal Project,USA,,,Geothermal,,,,,pre-construction,33.1493115,-115.6278498,,5.594538668775605,3.8106263872093256,23.027265387399538,355112.62673875986,15421.39810196814,brine,brine,False,958.6129780753081,881.9239398292834,mg_per_L_Li,0.55,2.151637185367668e-05,355112.62673875986,0.9
Morton Bay Geothermal Project,USA,,,Geothermal,,,,,pre-construction,33.20239584741529,-115.58390364391832,,4.2396199583343215,3.119935601788537,16.847954651657982,187510.77766872884,11129.587035674755,brine,brine,False,576.1772784516394,530.0830961755082,mg_per_L_Li,0.55,1.2932481470985225e-05,187510.77766872884,0.9
Elmore North Geothermal Project,USA,,,Geothermal,,,,,pre-construction,33.1803616,-115.6015972,,6.002406970095921,1.910028875964116,20.540126188308786,160640.34475021425,7820.806127357142,brine,brine,False,707.4151476657421,650.8219358524827,mg_per_L_Li,0.55,1.5878157004154343e-05,160640.34475021425,0.9
ELi property,USA,,,Project,,,,,pre-construction,39.052809,-116.337518,,6.37514360153229,4.494484559429903,12.605351610733475,2654575.1331393397,210591.12154229518,,brine,True,1447.280562835194,1331.4981178083785,mg_per_L_Li,0.55,3.2484670538347506e-05,2654575.1331393397,0.9
Lisbon Valley,USA,,,Project,,,,,pre-construction,38.155928,-109.146069,,6.174812422220867,2.8151618465813293,23.21751890379271,131151.9250688888,5648.8346413046065,,brine,True,635.3264881712853,584.5003691175825,mg_per_L_Li,0.55,1.4260104213725757e-05,131151.9250688888,0.9
Volney,USA,,,Project,,,,,pre-construction,44.37992,-104.05023,,4.0015386232807,2.9501921603146024,22.3018588107304,1072285.5990832914,48080.54827104222,,brine,True,676.5915517734613,622.4642276315844,mg_per_L_Li,0.55,1.5186311633546735e-05,1072285.5990832914,0.9
